id,source,destination,predicted_risk,prediction_confidence
ROAD_0001,LOC_0093,LOC_0084,High,0.9821365616497263
ROAD_0002,LOC_0055,LOC_0020,High,0.9603887405585234
ROAD_0003,LOC_0077,LOC_0015,High,0.9403497062951266
ROAD_0004,LOC_0034,LOC_0085,Critical,0.903112042430691
ROAD_0005,LOC_0074,LOC_0003,Medium,0.9576820496782712
ROAD_0006,LOC_0003,LOC_0059,High,0.9590374351485441
ROAD_0007,LOC_0073,LOC_0026,Low,0.9968439400772111
ROAD_0008,LOC_0041,LOC_0001,Low,0.9933333333333333
ROAD_0009,LOC_0021,LOC_0056,Medium,0.9554081852199835
ROAD_0010,LOC_0044,LOC_0056,High,0.9733333333333334
ROAD_0011,LOC_0013,LOC_0063,High,0.9970527460576402
ROAD_0012,LOC_0003,LOC_0075,Medium,0.9853064107514551
ROAD_0013,LOC_0069,LOC_0051,Medium,0.982284716738391
ROAD_0014,LOC_0032,LOC_0033,High,0.9964479441849114
ROAD_0015,LOC_0065,LOC_0039,Medium,0.9643466153625139
ROAD_0016,LOC_0071,LOC_0016,Medium,0.9901926996479524
ROAD_0017,LOC_0093,LOC_0009,Medium,0.9606126453082844
ROAD_0018,LOC_0032,LOC_0013,Medium,0.8221534044271205
ROAD_0019,LOC_0060,LOC_0009,Medium,0.9765168882903277
ROAD_0020,LOC_0002,LOC_0091,Medium,0.9026163874797409
ROAD_0021,LOC_0078,LOC_0083,High,0.9962375682160458
ROAD_0022,LOC_0030,LOC_0014,Medium,0.9560327677004097
ROAD_0023,LOC_0003,LOC_0071,Medium,0.9985021303455894
ROAD_0024,LOC_0084,LOC_0054,Medium,1.0
ROAD_0025,LOC_0042,LOC_0005,Medium,0.8789207565603921
ROAD_0026,LOC_0058,LOC_0049,Medium,0.8991851841785854
ROAD_0027,LOC_0030,LOC_0098,Medium,0.9289147018181578
ROAD_0028,LOC_0004,LOC_0054,High,0.9232794586730257
ROAD_0029,LOC_0048,LOC_0060,Medium,1.0
ROAD_0030,LOC_0078,LOC_0073,High,0.868878566156092
ROAD_0031,LOC_0025,LOC_0086,High,0.9604575005172546
ROAD_0032,LOC_0015,LOC_0033,Low,0.8532193442801534
ROAD_0033,LOC_0063,LOC_0029,High,0.9989177586422063
ROAD_0034,LOC_0033,LOC_0027,Medium,1.0
ROAD_0035,LOC_0083,LOC_0005,Medium,0.9843568479011229
ROAD_0036,LOC_0096,LOC_0002,Medium,0.9166549935222702
ROAD_0037,LOC_0066,LOC_0068,Medium,0.9217425379684342
ROAD_0038,LOC_0067,LOC_0091,Medium,0.9481542260498196
ROAD_0039,LOC_0013,LOC_0070,Medium,0.9905237979795612
ROAD_0040,LOC_0069,LOC_0015,Low,0.9864954544088925
ROAD_0041,LOC_0055,LOC_0093,Medium,0.9333243596747999
ROAD_0042,LOC_0046,LOC_0060,Medium,0.9811978097705502
ROAD_0043,LOC_0085,LOC_0040,High,0.9802022531233505
ROAD_0044,LOC_0017,LOC_0042,Medium,0.9981407338342566
ROAD_0045,LOC_0011,LOC_0058,Medium,0.9821706703747848
ROAD_0046,LOC_0011,LOC_0092,Medium,0.9853837263927583
ROAD_0047,LOC_0075,LOC_0080,High,0.999357857946804
ROAD_0048,LOC_0065,LOC_0003,Medium,0.9699878434287075
ROAD_0049,LOC_0053,LOC_0004,High,0.9715765149700488
ROAD_0050,LOC_0095,LOC_0034,High,0.9651750357199057
ROAD_0051,LOC_0020,LOC_0054,Medium,1.0
ROAD_0052,LOC_0043,LOC_0037,High,0.9556107624117811
ROAD_0053,LOC_0026,LOC_0012,Low,0.9239231693449843
ROAD_0054,LOC_0016,LOC_0077,Low,0.9928129064645892
ROAD_0055,LOC_0055,LOC_0037,Medium,0.9941922713121611
ROAD_0056,LOC_0049,LOC_0042,Medium,0.9246020248180569
ROAD_0057,LOC_0002,LOC_0097,High,0.9751882541153611
ROAD_0058,LOC_0041,LOC_0015,Medium,0.9866666666666667
ROAD_0059,LOC_0028,LOC_0088,Medium,0.9585719396833311
ROAD_0060,LOC_0097,LOC_0096,Medium,0.9878626544885922
ROAD_0061,LOC_0007,LOC_0024,Medium,0.9443399679707161
ROAD_0062,LOC_0026,LOC_0073,Medium,0.9789937153776327
ROAD_0063,LOC_0081,LOC_0021,Low,0.9844459752350785
ROAD_0064,LOC_0071,LOC_0087,Medium,0.9965990114565665
ROAD_0065,LOC_0011,LOC_0037,Medium,0.9984855930310474
ROAD_0066,LOC_0047,LOC_0027,Medium,0.9873420689060193
ROAD_0067,LOC_0054,LOC_0082,Medium,0.9771366302004264
ROAD_0068,LOC_0053,LOC_0043,Medium,0.9773957705920899
ROAD_0069,LOC_0008,LOC_0075,Medium,0.9964016558751725
ROAD_0070,LOC_0096,LOC_0024,Medium,0.8234156950027562
ROAD_0071,LOC_0028,LOC_0025,Medium,0.9995213554535828
ROAD_0072,LOC_0091,LOC_0075,Critical,0.96
ROAD_0073,LOC_0079,LOC_0042,Medium,0.9965990114565665
ROAD_0074,LOC_0008,LOC_0052,Medium,0.9203164271388267
ROAD_0075,LOC_0086,LOC_0062,Medium,0.9766991673180325
ROAD_0076,LOC_0051,LOC_0002,Low,0.8888319613959461
ROAD_0077,LOC_0093,LOC_0057,High,0.9994110776084536
ROAD_0078,LOC_0030,LOC_0070,Medium,0.9494228492824385
ROAD_0079,LOC_0029,LOC_0094,High,0.9901410661330834
ROAD_0080,LOC_0078,LOC_0026,Medium,0.874911036656297
ROAD_0081,LOC_0087,LOC_0098,Medium,0.987352675195436
ROAD_0082,LOC_0041,LOC_0011,Low,0.9998012981803136
ROAD_0083,LOC_0019,LOC_0095,Medium,0.9928546887869161
ROAD_0084,LOC_0061,LOC_0028,Medium,0.9655098674856396
ROAD_0085,LOC_0068,LOC_0045,Medium,0.9929793368716099
ROAD_0086,LOC_0099,LOC_0062,Medium,0.9933333333333333
ROAD_0087,LOC_0042,LOC_0086,High,1.0
ROAD_0088,LOC_0082,LOC_0032,High,0.8733333333333333
ROAD_0089,LOC_0071,LOC_0009,Medium,0.8880625342524407
ROAD_0090,LOC_0030,LOC_0026,Medium,0.9858043238955956
ROAD_0091,LOC_0093,LOC_0010,Medium,0.9933333333333333
ROAD_0092,LOC_0054,LOC_0007,Medium,0.9788874666543681
ROAD_0093,LOC_0042,LOC_0085,Medium,0.9974094946986342
ROAD_0094,LOC_0055,LOC_0078,High,0.9866945689102358
ROAD_0095,LOC_0036,LOC_0018,Medium,0.9719751293847658
ROAD_0096,LOC_0078,LOC_0098,Medium,1.0
ROAD_0097,LOC_0009,LOC_0066,High,0.9930416734844294
ROAD_0098,LOC_0098,LOC_0022,Low,0.995711198493807
ROAD_0099,LOC_0045,LOC_0039,Medium,0.9954862431041801
ROAD_0100,LOC_0013,LOC_0096,Medium,0.9984855930310474
ROAD_0101,LOC_0037,LOC_0006,Medium,0.9884679396372698
ROAD_0102,LOC_0053,LOC_0067,High,0.9903860793909735
ROAD_0103,LOC_0013,LOC_0088,Medium,0.9315053136444701
ROAD_0104,LOC_0083,LOC_0053,Medium,0.9933333333333333
ROAD_0105,LOC_0052,LOC_0051,Low,0.9675532948144879
ROAD_0106,LOC_0082,LOC_0005,High,0.9906557984438681
ROAD_0107,LOC_0070,LOC_0080,Medium,0.9850990412931526
ROAD_0108,LOC_0037,LOC_0073,Medium,0.8957856893496872
ROAD_0109,LOC_0074,LOC_0084,Medium,0.994131902371473
ROAD_0110,LOC_0019,LOC_0048,Critical,0.9371824023218841
ROAD_0111,LOC_0021,LOC_0001,Medium,0.9985021303455894
ROAD_0112,LOC_0030,LOC_0049,Low,0.9995640902098603
ROAD_0113,LOC_0070,LOC_0042,Medium,0.9973878491256644
ROAD_0114,LOC_0026,LOC_0028,High,0.9859828402477063
ROAD_0115,LOC_0039,LOC_0083,Low,0.9964786166143926
ROAD_0116,LOC_0032,LOC_0053,Medium,0.8935508752511113
ROAD_0117,LOC_0011,LOC_0096,High,0.9809211908497895
ROAD_0118,LOC_0022,LOC_0066,Low,0.9922369565015284
ROAD_0119,LOC_0046,LOC_0024,Medium,0.9855533105981692
ROAD_0120,LOC_0044,LOC_0078,High,0.9929606326285026
ROAD_0121,LOC_0007,LOC_0092,Medium,0.9307399556625982
ROAD_0122,LOC_0038,LOC_0052,Medium,0.9870513171068103
ROAD_0123,LOC_0039,LOC_0042,Medium,0.9905237979795612
ROAD_0124,LOC_0019,LOC_0042,Medium,0.9903896188935949
ROAD_0125,LOC_0018,LOC_0029,High,0.9769154628362325
ROAD_0126,LOC_0086,LOC_0095,Medium,0.9917646461247833
ROAD_0127,LOC_0038,LOC_0097,Low,0.9891391075096605
ROAD_0128,LOC_0016,LOC_0081,Low,0.9974449063884121
ROAD_0129,LOC_0051,LOC_0062,High,0.9861216037086469
ROAD_0130,LOC_0067,LOC_0027,Low,0.9974144305728941
ROAD_0131,LOC_0069,LOC_0091,Medium,0.8204563192527288
ROAD_0132,LOC_0019,LOC_0092,Low,0.982153776328758
ROAD_0133,LOC_0094,LOC_0050,Critical,0.9065683960008382
ROAD_0134,LOC_0054,LOC_0008,Low,0.9391516488905234
ROAD_0135,LOC_0095,LOC_0038,Low,0.977715981709623
ROAD_0136,LOC_0055,LOC_0065,Medium,0.9847686096324915
ROAD_0137,LOC_0049,LOC_0036,Low,0.9410235775468226
ROAD_0138,LOC_0069,LOC_0067,Medium,0.9556834890059925
ROAD_0139,LOC_0048,LOC_0063,High,0.9994110776084536
ROAD_0140,LOC_0060,LOC_0033,Medium,0.9811993184745741
ROAD_0141,LOC_0089,LOC_0099,High,0.9738705117331072
ROAD_0142,LOC_0053,LOC_0015,High,0.6061928671045355
ROAD_0143,LOC_0061,LOC_0073,Medium,0.9985021303455894
ROAD_0144,LOC_0096,LOC_0089,Medium,0.9983164481525626
ROAD_0145,LOC_0009,LOC_0095,Critical,0.8920697523529272
ROAD_0146,LOC_0024,LOC_0081,High,0.9363490140546455
ROAD_0147,LOC_0077,LOC_0071,High,0.9466666666666667
ROAD_0148,LOC_0046,LOC_0018,High,0.9807879140034864
ROAD_0149,LOC_0100,LOC_0025,Medium,1.0
ROAD_0150,LOC_0067,LOC_0042,Low,0.99743833120076
ROAD_0151,LOC_0035,LOC_0054,High,0.9772160344687774
ROAD_0152,LOC_0082,LOC_0019,High,0.9325855870020352
ROAD_0153,LOC_0044,LOC_0099,Medium,0.9850979794581167
ROAD_0154,LOC_0048,LOC_0019,Medium,1.0
ROAD_0155,LOC_0045,LOC_0032,Low,0.9999759581978377
ROAD_0156,LOC_0025,LOC_0096,High,0.9945314667675621
ROAD_0157,LOC_0047,LOC_0006,Medium,0.9753258812180673
ROAD_0158,LOC_0042,LOC_0050,High,0.8584454327587874
ROAD_0159,LOC_0046,LOC_0062,High,0.9816691781956337
ROAD_0160,LOC_0031,LOC_0092,Medium,0.9302424106112236
ROAD_0161,LOC_0066,LOC_0070,Low,0.9867792706399624
ROAD_0162,LOC_0066,LOC_0054,High,0.9733333333333334
ROAD_0163,LOC_0055,LOC_0028,Medium,0.9974094946986342
ROAD_0164,LOC_0071,LOC_0019,Low,0.948127992049768
ROAD_0165,LOC_0017,LOC_0099,Medium,0.9815828201870951
ROAD_0166,LOC_0084,LOC_0019,Medium,0.9194261122766295
ROAD_0167,LOC_0055,LOC_0080,Medium,0.9769199379961966
ROAD_0168,LOC_0098,LOC_0061,High,0.8306077093021301
ROAD_0169,LOC_0036,LOC_0070,Critical,0.9945743016680816
ROAD_0170,LOC_0082,LOC_0088,Medium,0.9333513665637567
ROAD_0171,LOC_0039,LOC_0025,Medium,0.8050942670004057
ROAD_0172,LOC_0006,LOC_0008,Medium,0.9878885568705716
ROAD_0173,LOC_0059,LOC_0080,Medium,0.9811086318869456
ROAD_0174,LOC_0096,LOC_0056,Low,0.9927714836600311
ROAD_0175,LOC_0043,LOC_0068,Medium,0.8932948553783869
ROAD_0176,LOC_0001,LOC_0087,Medium,1.0
ROAD_0177,LOC_0057,LOC_0016,Medium,0.9926168156758538
ROAD_0178,LOC_0068,LOC_0024,Low,0.9863101929226378
ROAD_0179,LOC_0064,LOC_0007,Critical,0.9680043425686378
ROAD_0180,LOC_0065,LOC_0041,High,0.992452354829534
ROAD_0181,LOC_0026,LOC_0060,Medium,0.9886548741945759
ROAD_0182,LOC_0016,LOC_0099,High,0.982224109593408
ROAD_0183,LOC_0061,LOC_0054,Medium,0.9985637621804829
ROAD_0184,LOC_0093,LOC_0033,High,0.7716172321535536
ROAD_0185,LOC_0098,LOC_0017,High,0.915971515130509
ROAD_0186,LOC_0057,LOC_0067,Medium,0.9892909391700205
ROAD_0187,LOC_0095,LOC_0040,High,0.96
ROAD_0188,LOC_0017,LOC_0006,High,1.0
ROAD_0189,LOC_0007,LOC_0056,High,0.9847485776699879
ROAD_0190,LOC_0011,LOC_0025,Medium,1.0
ROAD_0191,LOC_0076,LOC_0020,High,0.9145974379558492
ROAD_0192,LOC_0044,LOC_0093,Medium,0.9679249590005262
ROAD_0193,LOC_0003,LOC_0063,Medium,0.9859501490091871
ROAD_0194,LOC_0057,LOC_0045,Medium,0.9919855815740999
ROAD_0195,LOC_0065,LOC_0078,High,0.8383209208432221
ROAD_0196,LOC_0015,LOC_0046,High,0.9747603620180955
ROAD_0197,LOC_0018,LOC_0032,Low,0.9798287877422259
ROAD_0198,LOC_0045,LOC_0024,High,0.9537551248844383
ROAD_0199,LOC_0060,LOC_0067,Medium,0.9955040037081182
ROAD_0200,LOC_0043,LOC_0052,Medium,0.9925872186433952
ROAD_0201,LOC_0025,LOC_0030,Medium,0.98
ROAD_0202,LOC_0028,LOC_0039,High,0.9528900700677713
ROAD_0203,LOC_0030,LOC_0065,Medium,1.0
ROAD_0204,LOC_0056,LOC_0060,Medium,0.9869846588775977
ROAD_0205,LOC_0074,LOC_0004,High,0.9819285465814195
ROAD_0206,LOC_0053,LOC_0011,High,0.9423829588840971
ROAD_0207,LOC_0040,LOC_0024,High,0.9729532591451983
ROAD_0208,LOC_0028,LOC_0024,High,0.9749210630853374
ROAD_0209,LOC_0084,LOC_0086,High,0.8944929963299079
ROAD_0210,LOC_0070,LOC_0047,High,0.9613396981676707
ROAD_0211,LOC_0062,LOC_0008,High,0.9941883669075624
ROAD_0212,LOC_0034,LOC_0037,High,0.9907142017379935
ROAD_0213,LOC_0019,LOC_0034,High,0.9982431816367155
ROAD_0214,LOC_0008,LOC_0003,Low,0.9795956871922222
ROAD_0215,LOC_0069,LOC_0027,High,0.9933333333333333
ROAD_0216,LOC_0088,LOC_0098,Critical,0.9646913640752695
ROAD_0217,LOC_0021,LOC_0091,Medium,0.994131902371473
ROAD_0218,LOC_0098,LOC_0091,High,0.9709296587716453
ROAD_0219,LOC_0094,LOC_0088,Medium,0.9838032968670931
ROAD_0220,LOC_0096,LOC_0004,Medium,0.9837994737951099
ROAD_0221,LOC_0098,LOC_0082,Medium,0.9820052821976166
ROAD_0222,LOC_0044,LOC_0052,Medium,0.7635064053804911
ROAD_0223,LOC_0020,LOC_0078,Medium,0.8618239998313458
ROAD_0224,LOC_0067,LOC_0098,Low,0.8148944044076487
ROAD_0225,LOC_0011,LOC_0079,High,0.9893618057487567
ROAD_0226,LOC_0098,LOC_0057,Medium,0.9890339340754825
ROAD_0227,LOC_0077,LOC_0016,Medium,0.9845915354915786
ROAD_0228,LOC_0084,LOC_0075,Medium,0.9933333333333333
ROAD_0229,LOC_0033,LOC_0051,Medium,0.946568619358125
ROAD_0230,LOC_0073,LOC_0052,Medium,0.9701062985879739
ROAD_0231,LOC_0095,LOC_0034,Critical,0.9534728758010756
ROAD_0232,LOC_0096,LOC_0032,Medium,0.9690377749497071
ROAD_0233,LOC_0073,LOC_0058,Low,0.9917800692274666
ROAD_0234,LOC_0024,LOC_0096,Medium,0.9845408785872375
ROAD_0235,LOC_0075,LOC_0037,Low,0.9387940850303367
ROAD_0236,LOC_0063,LOC_0098,Medium,0.9675119431503014
ROAD_0237,LOC_0006,LOC_0056,Low,0.932532880141234
ROAD_0238,LOC_0090,LOC_0028,Medium,0.8795558591116721
ROAD_0239,LOC_0065,LOC_0058,Low,0.9949498019664871
ROAD_0240,LOC_0032,LOC_0043,Medium,0.9955040037081182
ROAD_0241,LOC_0083,LOC_0025,Medium,0.9900140782301045
ROAD_0242,LOC_0002,LOC_0031,Low,0.9932115003820032
ROAD_0243,LOC_0068,LOC_0053,Medium,0.9705237979795612
ROAD_0244,LOC_0069,LOC_0072,Medium,0.9974094946986342
ROAD_0245,LOC_0045,LOC_0032,High,0.9739750476562811
ROAD_0246,LOC_0026,LOC_0040,High,0.9897439373377775
ROAD_0247,LOC_0085,LOC_0035,Critical,0.8616368408849827
ROAD_0248,LOC_0009,LOC_0061,High,0.9890585759087075
ROAD_0249,LOC_0016,LOC_0087,Medium,0.9215945815436013
ROAD_0250,LOC_0086,LOC_0022,Medium,0.9914740671675899
ROAD_0251,LOC_0022,LOC_0076,Medium,0.8790596742736319
ROAD_0252,LOC_0035,LOC_0025,Medium,0.9562864555184956
ROAD_0253,LOC_0099,LOC_0049,Medium,0.9555441841771735
ROAD_0254,LOC_0034,LOC_0097,Low,0.9850617949518187
ROAD_0255,LOC_0038,LOC_0089,High,0.9895250140528385
ROAD_0256,LOC_0065,LOC_0001,Medium,0.9878512444972108
ROAD_0257,LOC_0034,LOC_0067,High,0.9341085261260683
ROAD_0258,LOC_0024,LOC_0010,Critical,0.9710781662552666
ROAD_0259,LOC_0012,LOC_0060,High,0.9642152320586506
ROAD_0260,LOC_0001,LOC_0084,High,1.0
ROAD_0261,LOC_0043,LOC_0040,High,0.9933333333333333
ROAD_0262,LOC_0058,LOC_0045,Medium,0.8845493610663103
ROAD_0263,LOC_0062,LOC_0015,Medium,0.9794093213629664
ROAD_0264,LOC_0048,LOC_0023,High,0.8511562817241768
ROAD_0265,LOC_0013,LOC_0014,Medium,0.9981736036943494
ROAD_0266,LOC_0082,LOC_0002,High,0.9750900422040994
ROAD_0267,LOC_0043,LOC_0082,Medium,0.9864550707897191
ROAD_0268,LOC_0051,LOC_0030,Low,0.9808606790441542
ROAD_0269,LOC_0043,LOC_0055,High,0.9334586562156748
ROAD_0270,LOC_0087,LOC_0057,Medium,0.9849672781071895
ROAD_0271,LOC_0076,LOC_0068,Medium,0.9952480497922818
ROAD_0272,LOC_0100,LOC_0009,Medium,0.9840979342946014
ROAD_0273,LOC_0082,LOC_0037,Critical,0.9866666666666667
ROAD_0274,LOC_0054,LOC_0097,Medium,0.9950494504260843
ROAD_0275,LOC_0036,LOC_0066,Low,0.9090274109009177
ROAD_0276,LOC_0008,LOC_0017,Medium,0.9755785853827487
ROAD_0277,LOC_0033,LOC_0002,Medium,0.9792154886547144
ROAD_0278,LOC_0041,LOC_0009,Medium,0.9930030688294608
ROAD_0279,LOC_0022,LOC_0075,Medium,0.9793938603675946
ROAD_0280,LOC_0015,LOC_0073,Medium,0.9276988642417269
ROAD_0281,LOC_0058,LOC_0089,Low,0.8853897625669562
ROAD_0282,LOC_0075,LOC_0070,Medium,0.9882527449652453
ROAD_0283,LOC_0097,LOC_0031,High,0.9903860793909735
ROAD_0284,LOC_0084,LOC_0056,Medium,1.0
ROAD_0285,LOC_0021,LOC_0001,Medium,0.9933333333333333
ROAD_0286,LOC_0033,LOC_0020,Low,0.9757057653387536
ROAD_0287,LOC_0033,LOC_0048,Low,0.9719400405906189
ROAD_0288,LOC_0080,LOC_0012,Low,0.8751437614651978
ROAD_0289,LOC_0074,LOC_0009,Medium,0.9958197212217587
ROAD_0290,LOC_0020,LOC_0097,High,0.7466666666666667
ROAD_0291,LOC_0082,LOC_0016,High,0.9861942532142391
ROAD_0292,LOC_0084,LOC_0013,Medium,0.9373159582107464
ROAD_0293,LOC_0095,LOC_0025,Low,0.9999759581978377
ROAD_0294,LOC_0029,LOC_0025,High,0.8916590900221898
ROAD_0295,LOC_0048,LOC_0013,Medium,0.9974094946986342
ROAD_0296,LOC_0095,LOC_0048,Medium,0.9974094946986342
ROAD_0297,LOC_0014,LOC_0097,High,0.9452073454650594
ROAD_0298,LOC_0048,LOC_0086,High,0.9880683543535561
ROAD_0299,LOC_0081,LOC_0045,Low,0.9913886053920518
ROAD_0300,LOC_0024,LOC_0013,Low,0.6373005656329237
ROAD_0301,LOC_0075,LOC_0087,Low,0.9978232890294286
ROAD_0302,LOC_0076,LOC_0007,Low,0.9865947140395658
ROAD_0303,LOC_0072,LOC_0020,Medium,1.0
ROAD_0304,LOC_0064,LOC_0035,High,0.8813514132760092
ROAD_0305,LOC_0001,LOC_0066,High,1.0
ROAD_0306,LOC_0099,LOC_0034,Medium,0.9707262618305178
ROAD_0307,LOC_0039,LOC_0054,High,0.9497384359822885
ROAD_0308,LOC_0054,LOC_0047,Low,0.9893543714406466
ROAD_0309,LOC_0086,LOC_0067,High,0.9236319189007808
ROAD_0310,LOC_0041,LOC_0018,Low,0.9934839300944697
ROAD_0311,LOC_0081,LOC_0022,Low,0.9644888386029234
ROAD_0312,LOC_0001,LOC_0008,Medium,0.9947310114081279
ROAD_0313,LOC_0045,LOC_0093,Low,0.8445859547176265
ROAD_0314,LOC_0054,LOC_0056,Critical,0.6934961151993991
ROAD_0315,LOC_0019,LOC_0087,High,0.9697993873075101
ROAD_0316,LOC_0049,LOC_0028,Medium,0.9981229235880399
ROAD_0317,LOC_0098,LOC_0057,Low,0.9637634188205136
ROAD_0318,LOC_0030,LOC_0042,Medium,0.741890619637125
ROAD_0319,LOC_0094,LOC_0093,High,0.9206817824012408
ROAD_0320,LOC_0023,LOC_0078,Medium,1.0
ROAD_0321,LOC_0070,LOC_0082,Medium,0.9356055665747429
ROAD_0322,LOC_0087,LOC_0043,Low,0.9670512442724412
ROAD_0323,LOC_0069,LOC_0075,High,0.7196361805060966
ROAD_0324,LOC_0099,LOC_0055,Medium,0.9748208927164863
ROAD_0325,LOC_0021,LOC_0014,Medium,1.0
ROAD_0326,LOC_0074,LOC_0077,Critical,0.9436651306603612
ROAD_0327,LOC_0086,LOC_0068,Medium,0.9933333333333333
ROAD_0328,LOC_0050,LOC_0043,High,0.9866666666666667
ROAD_0329,LOC_0030,LOC_0094,Low,0.846221345922597
ROAD_0330,LOC_0054,LOC_0098,Medium,0.9642783434659407
ROAD_0331,LOC_0024,LOC_0061,High,0.9316680924288331
ROAD_0332,LOC_0010,LOC_0056,Medium,0.9829309955287026
ROAD_0333,LOC_0039,LOC_0046,Medium,0.971537928019861
ROAD_0334,LOC_0077,LOC_0039,Medium,0.9856723013094653
ROAD_0335,LOC_0066,LOC_0022,Medium,0.963494985866831
ROAD_0336,LOC_0017,LOC_0044,High,0.8147934678194044
ROAD_0337,LOC_0067,LOC_0022,Medium,0.9985021303455894
ROAD_0338,LOC_0099,LOC_0067,Critical,0.997869320916067
ROAD_0339,LOC_0055,LOC_0069,Low,0.9802277288933107
ROAD_0340,LOC_0027,LOC_0100,High,0.9031270869823057
ROAD_0341,LOC_0059,LOC_0083,Medium,0.8760058843687437
ROAD_0342,LOC_0010,LOC_0074,Medium,0.9873338823485455
ROAD_0343,LOC_0059,LOC_0074,High,0.9994269098598996
ROAD_0344,LOC_0047,LOC_0098,Critical,0.9994628216002261
ROAD_0345,LOC_0055,LOC_0009,Medium,1.0
ROAD_0346,LOC_0005,LOC_0087,Medium,0.9601896137954293
ROAD_0347,LOC_0011,LOC_0064,Low,0.75012062341999
ROAD_0348,LOC_0044,LOC_0057,Medium,0.96425695089259
ROAD_0349,LOC_0004,LOC_0001,Medium,0.9824202975863073
ROAD_0350,LOC_0075,LOC_0089,Low,0.9938041902926962
ROAD_0351,LOC_0018,LOC_0027,Medium,0.9617752108860436
ROAD_0352,LOC_0053,LOC_0083,High,0.9501914368496766
ROAD_0353,LOC_0087,LOC_0091,Medium,0.9933333333333333
ROAD_0354,LOC_0076,LOC_0060,Medium,0.9466666666666667
ROAD_0355,LOC_0004,LOC_0082,Medium,0.968168061242791
ROAD_0356,LOC_0032,LOC_0079,High,0.9846164321379938
ROAD_0357,LOC_0083,LOC_0003,High,0.9773326105443095
ROAD_0358,LOC_0020,LOC_0013,Medium,0.9984855930310474
ROAD_0359,LOC_0092,LOC_0028,Medium,0.9974094946986342
ROAD_0360,LOC_0040,LOC_0010,High,0.9861216037086469
ROAD_0361,LOC_0080,LOC_0053,High,0.9989177586422063
ROAD_0362,LOC_0096,LOC_0033,High,0.9926273973494839
ROAD_0363,LOC_0039,LOC_0010,High,0.9782358410379769
ROAD_0364,LOC_0003,LOC_0075,Critical,0.9767082954472831
ROAD_0365,LOC_0026,LOC_0087,High,0.9740870065176527
ROAD_0366,LOC_0065,LOC_0001,High,0.576017004407791
ROAD_0367,LOC_0023,LOC_0004,Critical,0.9638490689885507
ROAD_0368,LOC_0026,LOC_0063,Medium,0.9943025210084033
ROAD_0369,LOC_0034,LOC_0004,Medium,0.8900604977277851
ROAD_0370,LOC_0016,LOC_0099,Medium,0.9591376572289289
ROAD_0371,LOC_0049,LOC_0062,Low,0.9984274684913472
ROAD_0372,LOC_0024,LOC_0070,Medium,0.9754759112510245
ROAD_0373,LOC_0091,LOC_0063,Medium,0.9771197019638476
ROAD_0374,LOC_0097,LOC_0075,High,0.97914853794898
ROAD_0375,LOC_0046,LOC_0043,Medium,0.9773659673659673
ROAD_0376,LOC_0033,LOC_0060,High,0.9815809815432722
ROAD_0377,LOC_0057,LOC_0004,High,1.0
ROAD_0378,LOC_0037,LOC_0010,Medium,0.9776018358847671
ROAD_0379,LOC_0026,LOC_0069,Medium,0.9771873311311076
ROAD_0380,LOC_0092,LOC_0019,Medium,0.9973878491256644
ROAD_0381,LOC_0070,LOC_0072,Medium,0.9808418728542123
ROAD_0382,LOC_0003,LOC_0021,Medium,0.9857644413769039
ROAD_0383,LOC_0087,LOC_0008,Medium,0.7674945473650049
ROAD_0384,LOC_0065,LOC_0007,Medium,0.9918003969055293
ROAD_0385,LOC_0016,LOC_0025,Medium,0.9995213554535828
ROAD_0386,LOC_0064,LOC_0014,Low,0.9999117789410926
ROAD_0387,LOC_0047,LOC_0046,Medium,0.9638087034343622
ROAD_0388,LOC_0082,LOC_0089,Medium,0.9089085365051157
ROAD_0389,LOC_0050,LOC_0021,High,0.9866666666666667
ROAD_0390,LOC_0089,LOC_0053,Low,0.9958973695105587
ROAD_0391,LOC_0063,LOC_0011,Medium,0.8321237865975086
ROAD_0392,LOC_0011,LOC_0029,Medium,0.6353055380668932
ROAD_0393,LOC_0053,LOC_0046,Low,0.888972379826327
ROAD_0394,LOC_0024,LOC_0074,Medium,0.8432213460153206
ROAD_0395,LOC_0030,LOC_0041,Medium,0.9984855930310474
ROAD_0396,LOC_0063,LOC_0058,Low,0.7155984676186892
ROAD_0397,LOC_0017,LOC_0014,Medium,1.0
ROAD_0398,LOC_0070,LOC_0054,Critical,0.9906654758496264
ROAD_0399,LOC_0061,LOC_0060,Low,0.9905912222593664
ROAD_0400,LOC_0063,LOC_0089,Medium,1.0
ROAD_0401,LOC_0071,LOC_0043,High,0.9696467043760447
ROAD_0402,LOC_0072,LOC_0026,Low,0.9907576887197299
ROAD_0403,LOC_0089,LOC_0025,Low,0.9791155935536038
ROAD_0404,LOC_0067,LOC_0035,Medium,1.0
ROAD_0405,LOC_0080,LOC_0010,Medium,0.9373454705676942
ROAD_0406,LOC_0039,LOC_0007,Medium,0.9847686096324915
ROAD_0407,LOC_0044,LOC_0016,Medium,0.9706418889173442
ROAD_0408,LOC_0045,LOC_0028,Medium,0.882120361496492
ROAD_0409,LOC_0039,LOC_0023,Low,0.9754941667336748
ROAD_0410,LOC_0010,LOC_0063,Medium,1.0
ROAD_0411,LOC_0002,LOC_0086,Medium,0.9973528198307702
ROAD_0412,LOC_0087,LOC_0094,High,0.9804575005172547
ROAD_0413,LOC_0068,LOC_0090,Low,0.9998984741784037
ROAD_0414,LOC_0027,LOC_0041,Medium,0.9915821288429256
ROAD_0415,LOC_0075,LOC_0022,High,0.9695553094345557
ROAD_0416,LOC_0073,LOC_0043,Low,0.9686223477313786
ROAD_0417,LOC_0097,LOC_0046,Medium,0.9411129332253567
ROAD_0418,LOC_0094,LOC_0026,High,0.9896022760648706
ROAD_0419,LOC_0036,LOC_0070,Low,0.9171200864148807
ROAD_0420,LOC_0095,LOC_0033,High,0.9941883669075624
ROAD_0421,LOC_0076,LOC_0008,Medium,0.9964016558751725
ROAD_0422,LOC_0041,LOC_0037,Medium,0.9882386131434976
ROAD_0423,LOC_0037,LOC_0058,Low,0.9517495498427437
ROAD_0424,LOC_0066,LOC_0030,Medium,0.9929793368716099
ROAD_0425,LOC_0064,LOC_0072,High,0.9891905611097471
ROAD_0426,LOC_0036,LOC_0069,High,0.9837194127243069
ROAD_0427,LOC_0032,LOC_0003,High,0.992065134521805
ROAD_0428,LOC_0061,LOC_0013,High,0.9933333333333333
ROAD_0429,LOC_0058,LOC_0015,Medium,0.9832656781232332
ROAD_0430,LOC_0053,LOC_0049,Low,0.9390588339518591
ROAD_0431,LOC_0063,LOC_0071,Low,0.927420557537868
ROAD_0432,LOC_0038,LOC_0047,Medium,0.8951391540639179
ROAD_0433,LOC_0099,LOC_0072,Medium,0.9978079534432589
ROAD_0434,LOC_0093,LOC_0002,Medium,0.9776632454236721
ROAD_0435,LOC_0039,LOC_0052,Medium,0.9836140654347518
ROAD_0436,LOC_0021,LOC_0011,Low,0.999290439927781
ROAD_0437,LOC_0014,LOC_0082,High,0.9533333333333334
ROAD_0438,LOC_0034,LOC_0069,Low,0.9268838460027605
ROAD_0439,LOC_0091,LOC_0033,High,0.9744387597059528
ROAD_0440,LOC_0099,LOC_0008,Medium,0.9364982697293692
ROAD_0441,LOC_0007,LOC_0089,Medium,0.9878321701353463
ROAD_0442,LOC_0081,LOC_0074,Critical,0.9930291873432581
ROAD_0443,LOC_0051,LOC_0041,High,0.9726511071618014
ROAD_0444,LOC_0091,LOC_0084,Medium,0.9644085466505669
ROAD_0445,LOC_0031,LOC_0017,Medium,0.8556965127074024
ROAD_0446,LOC_0081,LOC_0002,Medium,0.9612256906857944
ROAD_0447,LOC_0079,LOC_0082,Low,0.9961425338386795
ROAD_0448,LOC_0091,LOC_0039,Low,0.9011411711433778
ROAD_0449,LOC_0053,LOC_0028,Low,0.998273488357594
ROAD_0450,LOC_0041,LOC_0047,Medium,0.9313966986978525
ROAD_0451,LOC_0070,LOC_0021,High,0.9852639751552794
ROAD_0452,LOC_0052,LOC_0088,Low,0.9999117789410926
ROAD_0453,LOC_0011,LOC_0077,Low,0.8165640197391698
ROAD_0454,LOC_0023,LOC_0066,Medium,0.9893255540615277
ROAD_0455,LOC_0061,LOC_0024,Medium,0.9748713831107423
ROAD_0456,LOC_0021,LOC_0041,Low,0.9994141085245356
ROAD_0457,LOC_0011,LOC_0100,Medium,0.9743655309083935
ROAD_0458,LOC_0053,LOC_0060,Low,0.9758633102468894
ROAD_0459,LOC_0091,LOC_0052,Medium,0.8351987168842944
ROAD_0460,LOC_0052,LOC_0037,High,0.9733333333333334
ROAD_0461,LOC_0035,LOC_0009,Medium,0.9847675880347204
ROAD_0462,LOC_0019,LOC_0092,Medium,0.990550203153103
ROAD_0463,LOC_0064,LOC_0079,Low,0.9999759581978377
ROAD_0464,LOC_0009,LOC_0038,Medium,0.9982050889540109
ROAD_0465,LOC_0100,LOC_0089,Critical,0.8809696728029975
ROAD_0466,LOC_0092,LOC_0011,Medium,0.9918970955138163
ROAD_0467,LOC_0035,LOC_0089,Medium,0.9678991895983614
ROAD_0468,LOC_0002,LOC_0003,Medium,0.9251380909495083
ROAD_0469,LOC_0010,LOC_0069,Medium,0.9855541333210347
ROAD_0470,LOC_0077,LOC_0051,Medium,0.6810214655084279
ROAD_0471,LOC_0053,LOC_0039,Medium,0.9610775197293494
ROAD_0472,LOC_0077,LOC_0075,Low,0.9717602562195153
ROAD_0473,LOC_0017,LOC_0064,Medium,0.9269830938054933
ROAD_0474,LOC_0010,LOC_0042,High,0.9835821295028991
ROAD_0475,LOC_0091,LOC_0030,Medium,0.6127287186584826
ROAD_0476,LOC_0034,LOC_0042,High,0.9933333333333333
ROAD_0477,LOC_0056,LOC_0045,High,1.0
ROAD_0478,LOC_0007,LOC_0066,High,0.985090942658045
ROAD_0479,LOC_0045,LOC_0042,High,0.906097639533258
ROAD_0480,LOC_0025,LOC_0077,Medium,0.9927841506122396
ROAD_0481,LOC_0034,LOC_0050,High,0.9733333333333334
ROAD_0482,LOC_0023,LOC_0065,Medium,0.9985637621804829
ROAD_0483,LOC_0062,LOC_0094,High,0.9462372540732263
ROAD_0484,LOC_0092,LOC_0011,High,0.990352046213043
ROAD_0485,LOC_0097,LOC_0001,Medium,0.9876358543417367
ROAD_0486,LOC_0014,LOC_0087,Medium,0.9958197212217587
ROAD_0487,LOC_0037,LOC_0031,High,0.9910336511097131
ROAD_0488,LOC_0065,LOC_0022,High,0.9686363491940904
ROAD_0489,LOC_0057,LOC_0049,High,0.6952368868926623
ROAD_0490,LOC_0015,LOC_0026,Medium,0.9506116161500366
ROAD_0491,LOC_0033,LOC_0014,High,0.9846219621695081
ROAD_0492,LOC_0084,LOC_0048,Low,0.8816385863242878
ROAD_0493,LOC_0069,LOC_0037,Medium,0.9958691180605365
ROAD_0494,LOC_0002,LOC_0037,High,0.9568642852572323
ROAD_0495,LOC_0036,LOC_0018,High,0.9930416734844294
ROAD_0496,LOC_0084,LOC_0056,Medium,0.9933707853062733
ROAD_0497,LOC_0016,LOC_0038,Medium,0.990499887485132
ROAD_0498,LOC_0075,LOC_0092,Critical,0.5266666666666666
ROAD_0499,LOC_0095,LOC_0023,Medium,0.9774347332576618
ROAD_0500,LOC_0056,LOC_0041,Medium,0.9973929284971844
ROAD_0501,LOC_0018,LOC_0089,High,0.9934460529060762
ROAD_0502,LOC_0022,LOC_0087,High,0.9671065950658292
ROAD_0503,LOC_0054,LOC_0009,Medium,0.9940005490152121
ROAD_0504,LOC_0066,LOC_0048,High,0.98
ROAD_0505,LOC_0085,LOC_0060,Low,0.9798744323762414
ROAD_0506,LOC_0080,LOC_0051,Medium,0.9838384981670675
ROAD_0507,LOC_0001,LOC_0003,Critical,0.798153812077187
ROAD_0508,LOC_0052,LOC_0056,Critical,0.9928163158948583
ROAD_0509,LOC_0084,LOC_0085,Medium,0.9692849380438466
ROAD_0510,LOC_0064,LOC_0046,Medium,0.9903896188935949
ROAD_0511,LOC_0044,LOC_0099,Medium,0.9655817638755984
ROAD_0512,LOC_0051,LOC_0005,Medium,0.9985637621804829
ROAD_0513,LOC_0074,LOC_0080,Medium,0.9980420296231969
ROAD_0514,LOC_0020,LOC_0097,High,0.9542927615791583
ROAD_0515,LOC_0083,LOC_0035,Medium,0.8232933906153778
ROAD_0516,LOC_0079,LOC_0053,High,0.9433631399606397
ROAD_0517,LOC_0037,LOC_0055,High,0.9392849311989631
ROAD_0518,LOC_0010,LOC_0085,High,0.9726511071618014
ROAD_0519,LOC_0100,LOC_0071,Medium,0.9829934000070378
ROAD_0520,LOC_0028,LOC_0100,Medium,0.987658168338826
ROAD_0521,LOC_0011,LOC_0036,Critical,0.9925905286102475
ROAD_0522,LOC_0001,LOC_0031,Medium,0.9829917397478437
ROAD_0523,LOC_0004,LOC_0031,High,0.8048559963581472
ROAD_0524,LOC_0054,LOC_0037,High,0.9859695865548012
ROAD_0525,LOC_0073,LOC_0027,Medium,0.9971904646462278
ROAD_0526,LOC_0100,LOC_0044,Medium,0.9774347332576618
ROAD_0527,LOC_0067,LOC_0094,Low,0.9350570532626551
ROAD_0528,LOC_0093,LOC_0011,Medium,0.8515451411568981
ROAD_0529,LOC_0084,LOC_0070,High,0.9773696468811105
ROAD_0530,LOC_0002,LOC_0016,Medium,0.9199665175238336
ROAD_0531,LOC_0006,LOC_0079,High,0.8138705117331072
ROAD_0532,LOC_0042,LOC_0026,Low,0.9932662178063163
ROAD_0533,LOC_0083,LOC_0023,Low,0.9705894520998559
ROAD_0534,LOC_0071,LOC_0089,High,0.7832917045527168
ROAD_0535,LOC_0096,LOC_0069,Low,0.9969429741232172
ROAD_0536,LOC_0020,LOC_0060,High,0.9929532591451982
ROAD_0537,LOC_0040,LOC_0052,High,0.9759098928928518
ROAD_0538,LOC_0058,LOC_0093,Medium,1.0
ROAD_0539,LOC_0022,LOC_0012,Critical,0.9750132452698843
ROAD_0540,LOC_0097,LOC_0100,Low,0.8135739565611328
ROAD_0541,LOC_0092,LOC_0032,Medium,0.9904333839964645
ROAD_0542,LOC_0059,LOC_0090,High,0.9989177586422063
ROAD_0543,LOC_0048,LOC_0015,Critical,0.9525229920882923
ROAD_0544,LOC_0015,LOC_0048,Medium,0.9976901812344562
ROAD_0545,LOC_0013,LOC_0004,Medium,0.9905589885279045
ROAD_0546,LOC_0018,LOC_0020,High,0.9814003865575792
ROAD_0547,LOC_0023,LOC_0026,High,0.9994110776084536
ROAD_0548,LOC_0053,LOC_0002,Medium,0.9944044253753255
ROAD_0549,LOC_0029,LOC_0087,Medium,0.9990379329936898
ROAD_0550,LOC_0061,LOC_0098,High,0.958681678354457
ROAD_0551,LOC_0030,LOC_0062,Medium,0.9933333333333333
ROAD_0552,LOC_0035,LOC_0095,High,0.9893093527850474
ROAD_0553,LOC_0068,LOC_0010,Medium,0.8672815241875911
ROAD_0554,LOC_0057,LOC_0001,Medium,0.9936507281626448
ROAD_0555,LOC_0053,LOC_0050,Medium,0.9688922289814971
ROAD_0556,LOC_0078,LOC_0092,Medium,1.0
ROAD_0557,LOC_0071,LOC_0016,Critical,0.9598775414159
ROAD_0558,LOC_0067,LOC_0005,High,0.8993927809944766
ROAD_0559,LOC_0001,LOC_0014,Medium,0.9985021303455894
ROAD_0560,LOC_0038,LOC_0047,Medium,0.9981229235880399
ROAD_0561,LOC_0098,LOC_0060,Medium,0.9884708948568612
ROAD_0562,LOC_0013,LOC_0048,High,0.9443489416292495
ROAD_0563,LOC_0057,LOC_0051,High,0.9945314667675621
ROAD_0564,LOC_0087,LOC_0040,Medium,0.8172456789185306
ROAD_0565,LOC_0076,LOC_0010,High,0.9839891317772015
ROAD_0566,LOC_0092,LOC_0055,Medium,0.9907428280319676
ROAD_0567,LOC_0007,LOC_0062,High,0.9758626382276941
ROAD_0568,LOC_0067,LOC_0010,Medium,0.9505966410511134
ROAD_0569,LOC_0089,LOC_0046,Medium,0.9996697354961274
ROAD_0570,LOC_0045,LOC_0093,Medium,0.8540229599316346
ROAD_0571,LOC_0053,LOC_0011,High,0.992760243193233
ROAD_0572,LOC_0009,LOC_0079,High,0.9706557984438682
ROAD_0573,LOC_0067,LOC_0023,High,0.8937837204362639
ROAD_0574,LOC_0067,LOC_0014,Medium,0.9730334051745156
ROAD_0575,LOC_0033,LOC_0048,Medium,0.9649447977723133
ROAD_0576,LOC_0045,LOC_0023,Medium,1.0
ROAD_0577,LOC_0100,LOC_0002,Medium,0.9749445836436852
ROAD_0578,LOC_0034,LOC_0025,Medium,0.7667397086798884
ROAD_0579,LOC_0002,LOC_0005,Medium,0.9868702543353398
ROAD_0580,LOC_0004,LOC_0029,Medium,0.9985021303455894
ROAD_0581,LOC_0017,LOC_0040,High,0.9795148423961503
ROAD_0582,LOC_0026,LOC_0098,Critical,0.9723390894819466
ROAD_0583,LOC_0018,LOC_0062,Medium,0.9915055466371869
ROAD_0584,LOC_0020,LOC_0017,Critical,0.9053388787683342
ROAD_0585,LOC_0099,LOC_0060,Medium,0.9976733013040494
ROAD_0586,LOC_0052,LOC_0077,Medium,0.9914747309618538
ROAD_0587,LOC_0086,LOC_0055,High,0.9893047790204796
ROAD_0588,LOC_0040,LOC_0004,High,0.9925495300072307
ROAD_0589,LOC_0019,LOC_0008,High,0.9502736711637152
ROAD_0590,LOC_0093,LOC_0051,Medium,0.9668552349142723
ROAD_0591,LOC_0047,LOC_0100,Medium,0.9914342547013871
ROAD_0592,LOC_0095,LOC_0051,Medium,0.9738408199318607
ROAD_0593,LOC_0065,LOC_0072,High,0.9873831843241461
ROAD_0594,LOC_0018,LOC_0024,High,0.9933333333333333
ROAD_0595,LOC_0080,LOC_0033,Medium,0.9981407338342566
ROAD_0596,LOC_0038,LOC_0043,Medium,0.9981407338342566
ROAD_0597,LOC_0077,LOC_0089,High,0.9020777571784625
ROAD_0598,LOC_0044,LOC_0018,Medium,0.9793938603675946
ROAD_0599,LOC_0041,LOC_0082,Critical,0.9635969541402066
ROAD_0600,LOC_0054,LOC_0010,Medium,0.9933333333333333
ROAD_0601,LOC_0061,LOC_0029,Low,0.9893815816815235
ROAD_0602,LOC_0067,LOC_0086,Medium,0.9830197224711908
ROAD_0603,LOC_0061,LOC_0056,Medium,0.9651687972805119
ROAD_0604,LOC_0027,LOC_0072,High,0.6348776261458376
ROAD_0605,LOC_0069,LOC_0085,Low,0.7796843869556225
ROAD_0606,LOC_0084,LOC_0036,High,0.9933333333333333
ROAD_0607,LOC_0014,LOC_0075,High,0.9856185279291708
ROAD_0608,LOC_0037,LOC_0065,Medium,0.9794093213629664
ROAD_0609,LOC_0013,LOC_0052,Medium,1.0
ROAD_0610,LOC_0065,LOC_0013,Medium,0.9918354636789227
ROAD_0611,LOC_0081,LOC_0045,Low,0.973019207304056
ROAD_0612,LOC_0097,LOC_0098,High,0.9808550335742291
ROAD_0613,LOC_0060,LOC_0037,Medium,0.9971904646462278
ROAD_0614,LOC_0039,LOC_0037,High,0.8363993373411202
ROAD_0615,LOC_0098,LOC_0059,Medium,0.9933333333333333
ROAD_0616,LOC_0098,LOC_0064,Low,0.912998968575407
ROAD_0617,LOC_0023,LOC_0090,Medium,0.9449973761015603
ROAD_0618,LOC_0098,LOC_0076,Low,0.9982597438583583
ROAD_0619,LOC_0043,LOC_0014,Critical,0.9924920089434842
ROAD_0620,LOC_0004,LOC_0022,High,0.9754668639473728
ROAD_0621,LOC_0059,LOC_0086,Medium,0.8699428542981904
ROAD_0622,LOC_0009,LOC_0061,Low,0.9974144305728941
ROAD_0623,LOC_0079,LOC_0083,Medium,0.9794093213629664
ROAD_0624,LOC_0045,LOC_0023,Medium,0.991201636110449
ROAD_0625,LOC_0082,LOC_0050,Low,0.6388005168523321
ROAD_0626,LOC_0027,LOC_0081,Medium,0.9940388004354102
ROAD_0627,LOC_0059,LOC_0008,High,0.9544722510964342
ROAD_0628,LOC_0010,LOC_0056,High,0.9933333333333333
ROAD_0629,LOC_0002,LOC_0070,Medium,0.7075193646276681
ROAD_0630,LOC_0037,LOC_0068,High,0.9997374603405266
ROAD_0631,LOC_0011,LOC_0076,High,0.750951352511995
ROAD_0632,LOC_0068,LOC_0052,Low,0.9930703037094747
ROAD_0633,LOC_0026,LOC_0060,Critical,0.9863625206765915
ROAD_0634,LOC_0079,LOC_0011,High,0.9594557231828563
ROAD_0635,LOC_0030,LOC_0050,Medium,0.9932264591397564
ROAD_0636,LOC_0026,LOC_0059,Low,0.9933333333333333
ROAD_0637,LOC_0008,LOC_0078,High,0.9985973084886128
ROAD_0638,LOC_0070,LOC_0046,High,0.9133529098052471
ROAD_0639,LOC_0060,LOC_0001,High,0.9264330831122117
ROAD_0640,LOC_0066,LOC_0039,Critical,0.9639081423391338
ROAD_0641,LOC_0014,LOC_0090,Critical,0.9933333333333333
ROAD_0642,LOC_0096,LOC_0046,High,1.0
ROAD_0643,LOC_0070,LOC_0052,Medium,0.9974094946986342
ROAD_0644,LOC_0018,LOC_0030,Low,0.9922770939561109
ROAD_0645,LOC_0052,LOC_0055,Low,0.9509877179268543
ROAD_0646,LOC_0089,LOC_0082,High,0.9927444109417869
ROAD_0647,LOC_0005,LOC_0081,Low,0.9964690033441513
ROAD_0648,LOC_0060,LOC_0099,Medium,0.9822143672819243
ROAD_0649,LOC_0051,LOC_0005,Medium,0.9901926996479524
ROAD_0650,LOC_0076,LOC_0087,Medium,0.987508539520879
ROAD_0651,LOC_0074,LOC_0038,High,0.9836624250291921
ROAD_0652,LOC_0049,LOC_0090,Medium,0.990499887485132
ROAD_0653,LOC_0032,LOC_0021,Medium,0.9241534257163903
ROAD_0654,LOC_0100,LOC_0079,High,0.9915211733542598
ROAD_0655,LOC_0054,LOC_0038,High,0.9218191574993292
ROAD_0656,LOC_0012,LOC_0018,Medium,0.9159220123809033
ROAD_0657,LOC_0079,LOC_0024,Medium,0.9809332714815965
ROAD_0658,LOC_0050,LOC_0081,High,0.9989177586422063
ROAD_0659,LOC_0079,LOC_0024,Low,0.9821523970659815
ROAD_0660,LOC_0073,LOC_0030,Low,0.9681499136610853
ROAD_0661,LOC_0099,LOC_0054,High,0.9903860793909735
ROAD_0662,LOC_0012,LOC_0003,High,0.9911656616496316
ROAD_0663,LOC_0092,LOC_0090,Medium,1.0
ROAD_0664,LOC_0047,LOC_0075,Medium,0.9990379329936898
ROAD_0665,LOC_0053,LOC_0075,High,0.9743967576621689
ROAD_0666,LOC_0035,LOC_0079,High,0.9777003177763798
ROAD_0667,LOC_0081,LOC_0062,Medium,0.9950256786500365
ROAD_0668,LOC_0039,LOC_0001,Medium,0.970140577198794
ROAD_0669,LOC_0006,LOC_0018,Medium,0.8657385292404882
ROAD_0670,LOC_0091,LOC_0082,Medium,0.7894481374949542
ROAD_0671,LOC_0090,LOC_0060,High,0.9636853795463762
ROAD_0672,LOC_0094,LOC_0007,Medium,0.8606206797521966
ROAD_0673,LOC_0074,LOC_0061,Low,0.8834806802287909
ROAD_0674,LOC_0050,LOC_0014,Medium,0.937263735422812
ROAD_0675,LOC_0020,LOC_0025,Critical,0.8733333333333333
ROAD_0676,LOC_0097,LOC_0014,Medium,0.9782810708583166
ROAD_0677,LOC_0014,LOC_0050,Medium,0.9775443693654574
ROAD_0678,LOC_0040,LOC_0031,Medium,0.9873401756721516
ROAD_0679,LOC_0099,LOC_0066,Medium,1.0
ROAD_0680,LOC_0066,LOC_0026,Medium,1.0
ROAD_0681,LOC_0002,LOC_0052,High,0.9754698949830597
ROAD_0682,LOC_0057,LOC_0002,High,0.9549248580508141
ROAD_0683,LOC_0003,LOC_0036,Low,0.9474933877223409
ROAD_0684,LOC_0093,LOC_0032,High,0.992452354829534
ROAD_0685,LOC_0090,LOC_0075,Medium,0.9773957705920899
ROAD_0686,LOC_0013,LOC_0001,Medium,0.9866666666666667
ROAD_0687,LOC_0054,LOC_0073,Medium,0.9780488356465737
ROAD_0688,LOC_0065,LOC_0084,Low,0.9960608081797017
ROAD_0689,LOC_0070,LOC_0060,Low,0.9991861727306851
ROAD_0690,LOC_0003,LOC_0066,Low,0.9998744323762414
ROAD_0691,LOC_0038,LOC_0073,Medium,0.9923712663270231
ROAD_0692,LOC_0091,LOC_0041,High,0.9805371783997738
ROAD_0693,LOC_0032,LOC_0041,Medium,0.9928499108734403
ROAD_0694,LOC_0079,LOC_0023,Low,0.9865978984139638
ROAD_0695,LOC_0071,LOC_0078,Low,0.9907704663513893
ROAD_0696,LOC_0088,LOC_0085,Critical,0.9656080757001803
ROAD_0697,LOC_0028,LOC_0035,Medium,0.9631649363960358
ROAD_0698,LOC_0001,LOC_0050,Medium,0.974963120191032
ROAD_0699,LOC_0077,LOC_0035,Low,0.9764495325261843
ROAD_0700,LOC_0032,LOC_0061,Critical,0.7464774424858082
ROAD_0701,LOC_0066,LOC_0010,High,0.972744410941787
ROAD_0702,LOC_0061,LOC_0039,High,1.0
ROAD_0703,LOC_0056,LOC_0049,High,0.9527720118819399
ROAD_0704,LOC_0001,LOC_0077,Low,0.9760049989217995
ROAD_0705,LOC_0032,LOC_0044,Low,0.656259497750137
ROAD_0706,LOC_0067,LOC_0069,High,0.9781103791140212
ROAD_0707,LOC_0080,LOC_0032,Critical,0.9239371109812775
ROAD_0708,LOC_0040,LOC_0007,Medium,0.9968339948634135
ROAD_0709,LOC_0075,LOC_0094,Low,0.952221593373688
ROAD_0710,LOC_0097,LOC_0092,Medium,0.9985021303455894
ROAD_0711,LOC_0002,LOC_0068,Low,0.9998744323762414
ROAD_0712,LOC_0054,LOC_0075,Medium,1.0
ROAD_0713,LOC_0081,LOC_0034,Low,0.8092928358568879
ROAD_0714,LOC_0007,LOC_0092,Medium,0.9864997458176264
ROAD_0715,LOC_0090,LOC_0022,Low,0.9790227773123953
ROAD_0716,LOC_0032,LOC_0012,High,0.876558170225512
ROAD_0717,LOC_0050,LOC_0009,Low,0.9337453322962548
ROAD_0718,LOC_0041,LOC_0094,Medium,0.9505599072203499
ROAD_0719,LOC_0025,LOC_0055,Medium,0.6326865387536873
ROAD_0720,LOC_0009,LOC_0059,Medium,0.9976901812344562
ROAD_0721,LOC_0061,LOC_0057,Medium,0.9835000643130646
ROAD_0722,LOC_0099,LOC_0056,Medium,0.9974094946986342
ROAD_0723,LOC_0044,LOC_0006,High,0.9930252650126467
ROAD_0724,LOC_0058,LOC_0097,Medium,0.9834692544354536
ROAD_0725,LOC_0037,LOC_0015,Medium,0.9887964775985594
ROAD_0726,LOC_0011,LOC_0098,Medium,0.9451682099452641
ROAD_0727,LOC_0023,LOC_0044,Medium,0.9748713831107423
ROAD_0728,LOC_0097,LOC_0005,Medium,0.9219880004176337
ROAD_0729,LOC_0079,LOC_0018,Medium,0.9945658562650281
ROAD_0730,LOC_0043,LOC_0002,Medium,0.955402191007142
ROAD_0731,LOC_0026,LOC_0031,High,0.980127595265933
ROAD_0732,LOC_0030,LOC_0082,High,0.9896022760648706
ROAD_0733,LOC_0041,LOC_0016,Critical,0.972274742366847
ROAD_0734,LOC_0066,LOC_0070,Medium,0.9933333333333333
ROAD_0735,LOC_0066,LOC_0050,Medium,1.0
ROAD_0736,LOC_0085,LOC_0057,High,0.9994110776084536
ROAD_0737,LOC_0097,LOC_0034,Medium,0.9967929820750231
ROAD_0738,LOC_0024,LOC_0053,Medium,0.9791053588893616
ROAD_0739,LOC_0055,LOC_0061,High,0.9696461102291936
ROAD_0740,LOC_0095,LOC_0034,Medium,0.9707417434394263
ROAD_0741,LOC_0062,LOC_0010,High,0.9621766521435506
ROAD_0742,LOC_0014,LOC_0057,Low,0.9768043880531246
ROAD_0743,LOC_0018,LOC_0023,High,0.9805371783997738
ROAD_0744,LOC_0066,LOC_0079,High,0.9720424480713755
ROAD_0745,LOC_0093,LOC_0072,Medium,0.9852304288471496
ROAD_0746,LOC_0025,LOC_0066,Medium,0.9821306750746616
ROAD_0747,LOC_0093,LOC_0004,Medium,0.9525113349387866
ROAD_0748,LOC_0045,LOC_0037,Medium,0.9769675249304269
ROAD_0749,LOC_0033,LOC_0084,Medium,0.9947227639249802
ROAD_0750,LOC_0041,LOC_0019,Medium,0.9849154621762589
ROAD_0751,LOC_0010,LOC_0059,Medium,1.0
ROAD_0752,LOC_0067,LOC_0004,High,0.9500249896885197
ROAD_0753,LOC_0024,LOC_0076,High,0.9697653353287662
ROAD_0754,LOC_0057,LOC_0047,Medium,0.975167505892334
ROAD_0755,LOC_0077,LOC_0076,Medium,0.9853988194194424
ROAD_0756,LOC_0040,LOC_0078,High,0.9907142017379935
ROAD_0757,LOC_0030,LOC_0049,High,0.9176336798805661
ROAD_0758,LOC_0037,LOC_0046,Low,0.856898859084524
ROAD_0759,LOC_0033,LOC_0079,Medium,0.9823672674088157
ROAD_0760,LOC_0058,LOC_0088,Medium,0.9579935581053299
ROAD_0761,LOC_0001,LOC_0089,Medium,1.0
ROAD_0762,LOC_0063,LOC_0040,Medium,0.9721039588999698
ROAD_0763,LOC_0036,LOC_0025,Medium,0.9875800333540737
ROAD_0764,LOC_0069,LOC_0083,Medium,0.9933333333333333
ROAD_0765,LOC_0049,LOC_0024,Medium,0.9824863878884252
ROAD_0766,LOC_0064,LOC_0074,High,0.968718833095816
ROAD_0767,LOC_0035,LOC_0088,Medium,0.9990379329936898
ROAD_0768,LOC_0046,LOC_0092,Medium,0.9931976049342137
ROAD_0769,LOC_0041,LOC_0098,Medium,0.9847086962898635
ROAD_0770,LOC_0093,LOC_0049,Medium,0.9866666666666667
ROAD_0771,LOC_0037,LOC_0031,Low,0.8615831821061845
ROAD_0772,LOC_0088,LOC_0033,High,1.0
ROAD_0773,LOC_0062,LOC_0076,Medium,0.977830238932183
ROAD_0774,LOC_0005,LOC_0100,Medium,0.9816923453167032
ROAD_0775,LOC_0097,LOC_0086,Low,0.9999117789410926
ROAD_0776,LOC_0008,LOC_0031,Medium,0.9955040037081182
ROAD_0777,LOC_0052,LOC_0031,High,0.9639790710621597
ROAD_0778,LOC_0008,LOC_0048,Medium,0.7226282750379407
ROAD_0779,LOC_0041,LOC_0061,High,0.9782892401679262
ROAD_0780,LOC_0017,LOC_0098,Medium,0.9679249590005262
ROAD_0781,LOC_0093,LOC_0058,Medium,0.977408410106093
ROAD_0782,LOC_0033,LOC_0041,High,0.9715765149700488
ROAD_0783,LOC_0078,LOC_0086,High,0.8696188436445819
ROAD_0784,LOC_0066,LOC_0046,Low,0.9999759581978377
ROAD_0785,LOC_0040,LOC_0093,Medium,0.9876988642417268
ROAD_0786,LOC_0016,LOC_0051,Low,0.9979984404821175
ROAD_0787,LOC_0095,LOC_0064,Medium,0.9698327428135602
ROAD_0788,LOC_0018,LOC_0056,Medium,0.995302382618629
ROAD_0789,LOC_0006,LOC_0012,Low,0.9818652929741988
ROAD_0790,LOC_0012,LOC_0026,Medium,0.9784430943614143
ROAD_0791,LOC_0099,LOC_0086,Medium,0.9133333333333333
ROAD_0792,LOC_0007,LOC_0022,Medium,1.0
ROAD_0793,LOC_0099,LOC_0063,High,0.9805371783997738
ROAD_0794,LOC_0041,LOC_0089,Medium,0.9385429552223182
ROAD_0795,LOC_0058,LOC_0032,Medium,0.9854372922333031
ROAD_0796,LOC_0050,LOC_0034,Medium,0.9773140289623385
ROAD_0797,LOC_0060,LOC_0098,Medium,0.9859406297636112
ROAD_0798,LOC_0023,LOC_0095,Low,0.9296056660787618
ROAD_0799,LOC_0016,LOC_0009,Medium,0.9995213554535828
ROAD_0800,LOC_0012,LOC_0032,Medium,0.981221890203905
ROAD_0801,LOC_0095,LOC_0031,Low,0.9991155935536038
ROAD_0802,LOC_0039,LOC_0094,Low,0.9879005417463365
ROAD_0803,LOC_0040,LOC_0070,Medium,0.9795941863856444
ROAD_0804,LOC_0029,LOC_0074,Low,0.959017836355251
ROAD_0805,LOC_0037,LOC_0022,High,0.8890230025657697
ROAD_0806,LOC_0041,LOC_0036,Medium,0.9856723013094653
ROAD_0807,LOC_0032,LOC_0042,High,0.9629189664246728
ROAD_0808,LOC_0085,LOC_0051,Medium,0.7220696935468915
ROAD_0809,LOC_0090,LOC_0083,Medium,0.9786614324438622
ROAD_0810,LOC_0040,LOC_0003,High,0.9868210260264529
ROAD_0811,LOC_0024,LOC_0100,Low,0.5757584592297859
ROAD_0812,LOC_0008,LOC_0093,Low,0.9907498297970524
ROAD_0813,LOC_0051,LOC_0054,High,0.9876609105180535
ROAD_0814,LOC_0019,LOC_0015,Medium,0.8986062799765788
ROAD_0815,LOC_0012,LOC_0039,Medium,0.9630047177191314
ROAD_0816,LOC_0055,LOC_0049,Medium,0.9729291781420072
ROAD_0817,LOC_0014,LOC_0007,High,0.9005077057586127
ROAD_0818,LOC_0097,LOC_0015,High,0.985030557399164
ROAD_0819,LOC_0020,LOC_0034,High,0.6678814192367264
ROAD_0820,LOC_0049,LOC_0048,High,0.9768940179600285
ROAD_0821,LOC_0003,LOC_0054,Medium,0.9992120859965136
ROAD_0822,LOC_0052,LOC_0088,Medium,0.9028925847069524
ROAD_0823,LOC_0011,LOC_0049,Low,0.9794153938745108
ROAD_0824,LOC_0033,LOC_0048,High,0.974557197191729
ROAD_0825,LOC_0078,LOC_0020,Critical,0.9596319969010265
ROAD_0826,LOC_0028,LOC_0035,Medium,0.8937095650341074
ROAD_0827,LOC_0065,LOC_0087,Medium,0.9946012874094604
ROAD_0828,LOC_0037,LOC_0008,Low,0.8263076080852138
ROAD_0829,LOC_0023,LOC_0098,Low,0.999033898056856
ROAD_0830,LOC_0040,LOC_0090,Medium,0.963253904413461
ROAD_0831,LOC_0086,LOC_0095,Medium,0.898547359510084
ROAD_0832,LOC_0040,LOC_0021,High,0.9637804297842255
ROAD_0833,LOC_0037,LOC_0078,Low,0.9640464581688278
ROAD_0834,LOC_0021,LOC_0097,Medium,0.98215494631963
ROAD_0835,LOC_0093,LOC_0092,High,0.992760243193233
ROAD_0836,LOC_0043,LOC_0010,Medium,0.9271511770053534
ROAD_0837,LOC_0067,LOC_0043,High,0.9898923100866635
ROAD_0838,LOC_0036,LOC_0034,High,0.828018079942676
ROAD_0839,LOC_0086,LOC_0041,High,0.9639470189941418
ROAD_0840,LOC_0047,LOC_0023,Medium,0.91507717064738
ROAD_0841,LOC_0024,LOC_0044,High,0.9926273973494839
ROAD_0842,LOC_0072,LOC_0010,Critical,0.9994628216002261
ROAD_0843,LOC_0070,LOC_0076,Medium,0.9780589713360147
ROAD_0844,LOC_0025,LOC_0062,Low,0.9965242022523652
ROAD_0845,LOC_0027,LOC_0031,Medium,0.9995213554535828
ROAD_0846,LOC_0021,LOC_0070,Medium,0.9981407338342566
ROAD_0847,LOC_0011,LOC_0004,Medium,0.9888195764375134
ROAD_0848,LOC_0042,LOC_0018,High,0.9860706309197709
ROAD_0849,LOC_0006,LOC_0016,Low,0.9866426248645043
ROAD_0850,LOC_0024,LOC_0046,Low,0.9926237732611143
ROAD_0851,LOC_0066,LOC_0001,High,0.9557159229943799
ROAD_0852,LOC_0045,LOC_0089,Medium,0.9797551789328821
ROAD_0853,LOC_0040,LOC_0033,Medium,0.8590292492522258
ROAD_0854,LOC_0087,LOC_0068,High,0.8938335471112059
ROAD_0855,LOC_0083,LOC_0087,High,0.88
ROAD_0856,LOC_0034,LOC_0091,Medium,0.9590556433736178
ROAD_0857,LOC_0058,LOC_0033,High,0.9846488447659518
ROAD_0858,LOC_0013,LOC_0019,Medium,0.9933639545389402
ROAD_0859,LOC_0032,LOC_0039,Critical,0.9710358726320032
ROAD_0860,LOC_0083,LOC_0016,High,0.999357857946804
ROAD_0861,LOC_0035,LOC_0012,Medium,0.9916960610296144
ROAD_0862,LOC_0050,LOC_0091,Medium,0.9856603820442994
ROAD_0863,LOC_0035,LOC_0032,Low,0.9933847908067186
ROAD_0864,LOC_0098,LOC_0020,Low,0.9870904367230429
ROAD_0865,LOC_0077,LOC_0041,High,0.9198762144882452
ROAD_0866,LOC_0044,LOC_0001,Medium,0.976499409480227
ROAD_0867,LOC_0087,LOC_0076,High,0.986713568221953
ROAD_0868,LOC_0082,LOC_0073,Low,0.9523011906686379
ROAD_0869,LOC_0050,LOC_0077,Medium,0.9911278319125377
ROAD_0870,LOC_0079,LOC_0010,High,0.9989177586422063
ROAD_0871,LOC_0034,LOC_0004,Medium,0.9882678740466042
ROAD_0872,LOC_0067,LOC_0087,Low,0.8339736793247409
ROAD_0873,LOC_0029,LOC_0049,High,0.9933333333333333
ROAD_0874,LOC_0001,LOC_0023,High,0.9866666666666667
ROAD_0875,LOC_0058,LOC_0082,Medium,1.0
ROAD_0876,LOC_0052,LOC_0019,Low,0.9892163645613479
ROAD_0877,LOC_0072,LOC_0017,Medium,0.9219927386368859
ROAD_0878,LOC_0034,LOC_0008,Medium,0.9886592145514004
ROAD_0879,LOC_0052,LOC_0058,Medium,0.988881033948591
ROAD_0880,LOC_0091,LOC_0033,Medium,0.9499429608961062
ROAD_0881,LOC_0039,LOC_0060,Medium,0.9224464938941975
ROAD_0882,LOC_0044,LOC_0075,Medium,0.8756338338564595
ROAD_0883,LOC_0078,LOC_0032,High,0.9941690325998245
ROAD_0884,LOC_0061,LOC_0080,Medium,0.9841013999243284
ROAD_0885,LOC_0039,LOC_0049,Medium,0.9894577349291548
ROAD_0886,LOC_0033,LOC_0099,Low,0.9984568932173143
ROAD_0887,LOC_0015,LOC_0061,Medium,0.8934426950438115
ROAD_0888,LOC_0092,LOC_0090,High,0.9886010841729893
ROAD_0889,LOC_0097,LOC_0088,Medium,1.0
ROAD_0890,LOC_0092,LOC_0015,Medium,0.9894084491800273
ROAD_0891,LOC_0023,LOC_0036,Critical,0.8295030438841803
ROAD_0892,LOC_0066,LOC_0016,Medium,0.9723280260151212
ROAD_0893,LOC_0066,LOC_0006,Medium,0.9674852018757597
ROAD_0894,LOC_0039,LOC_0087,Critical,0.9859238619435808
ROAD_0895,LOC_0098,LOC_0065,High,1.0
ROAD_0896,LOC_0034,LOC_0099,Low,0.8957103119831902
ROAD_0897,LOC_0022,LOC_0093,Medium,0.9851622350057009
ROAD_0898,LOC_0049,LOC_0053,High,0.9693093527850475
ROAD_0899,LOC_0046,LOC_0028,Medium,0.9832998797096847
ROAD_0900,LOC_0079,LOC_0038,High,0.9688387601098646
ROAD_0901,LOC_0081,LOC_0050,High,0.8360899532601669
ROAD_0902,LOC_0003,LOC_0019,High,0.9793507061925101
ROAD_0903,LOC_0045,LOC_0041,Low,0.9982434754265518
ROAD_0904,LOC_0093,LOC_0060,High,0.7020043813630289
ROAD_0905,LOC_0081,LOC_0022,Medium,0.9879158317091765
ROAD_0906,LOC_0022,LOC_0020,Low,0.9861624706879498
ROAD_0907,LOC_0020,LOC_0092,Medium,0.9528889610403796
ROAD_0908,LOC_0028,LOC_0055,Medium,0.9860942355854138
ROAD_0909,LOC_0002,LOC_0043,Low,0.9917129440265761
ROAD_0910,LOC_0017,LOC_0074,High,0.962229994771786
ROAD_0911,LOC_0079,LOC_0037,High,0.9708019914771393
ROAD_0912,LOC_0037,LOC_0094,Low,0.8966124453907317
ROAD_0913,LOC_0019,LOC_0049,High,0.9879805397345244
ROAD_0914,LOC_0030,LOC_0010,Medium,0.9931462833705778
ROAD_0915,LOC_0024,LOC_0095,Medium,0.9976901812344562
ROAD_0916,LOC_0064,LOC_0006,High,0.9709166375174101
ROAD_0917,LOC_0044,LOC_0088,High,0.9933333333333333
ROAD_0918,LOC_0017,LOC_0100,Low,0.9990655523412781
ROAD_0919,LOC_0048,LOC_0047,Low,0.9864409836076595
ROAD_0920,LOC_0050,LOC_0051,High,0.9899215473805287
ROAD_0921,LOC_0007,LOC_0040,Medium,0.990499887485132
ROAD_0922,LOC_0090,LOC_0071,High,0.9860777442751203
ROAD_0923,LOC_0072,LOC_0034,High,0.7993869031176896
ROAD_0924,LOC_0077,LOC_0068,Medium,0.8315769927319357
ROAD_0925,LOC_0004,LOC_0095,High,0.8815569772846553
ROAD_0926,LOC_0016,LOC_0060,Medium,0.939516577540107
ROAD_0927,LOC_0080,LOC_0051,Medium,0.7542219001577078
ROAD_0928,LOC_0064,LOC_0036,Medium,0.9930030688294608
ROAD_0929,LOC_0084,LOC_0044,Low,0.9324137397475859
ROAD_0930,LOC_0011,LOC_0069,Critical,0.9638490689885507
ROAD_0931,LOC_0012,LOC_0036,Medium,0.9933333333333333
ROAD_0932,LOC_0050,LOC_0060,Low,0.9768530616268255
ROAD_0933,LOC_0079,LOC_0018,High,0.9406617185251097
ROAD_0934,LOC_0061,LOC_0095,Medium,0.9866666666666667
ROAD_0935,LOC_0090,LOC_0018,Medium,0.9748594998701314
ROAD_0936,LOC_0065,LOC_0020,High,0.998744722853808
ROAD_0937,LOC_0073,LOC_0056,High,0.9823373015093311
ROAD_0938,LOC_0014,LOC_0030,Low,0.9910329537660073
ROAD_0939,LOC_0005,LOC_0054,Medium,0.9301525858847067
ROAD_0940,LOC_0047,LOC_0083,High,0.928206830817264
ROAD_0941,LOC_0091,LOC_0015,Low,0.9565810886396989
ROAD_0942,LOC_0088,LOC_0013,High,0.9933333333333333
ROAD_0943,LOC_0033,LOC_0002,High,0.9504895760363331
ROAD_0944,LOC_0052,LOC_0041,Medium,0.9888258697611195
ROAD_0945,LOC_0051,LOC_0048,High,0.9895265338475455
ROAD_0946,LOC_0071,LOC_0037,High,0.9127597644343833
ROAD_0947,LOC_0085,LOC_0072,Low,0.9055292824875856
ROAD_0948,LOC_0001,LOC_0046,High,0.9970527460576402
ROAD_0949,LOC_0078,LOC_0005,High,0.9790190944243897
ROAD_0950,LOC_0067,LOC_0007,Medium,1.0
ROAD_0951,LOC_0089,LOC_0072,Medium,0.951347251989674
ROAD_0952,LOC_0073,LOC_0085,Critical,1.0
ROAD_0953,LOC_0058,LOC_0025,High,0.975064092094146
ROAD_0954,LOC_0033,LOC_0075,Critical,0.999482982561525
ROAD_0955,LOC_0097,LOC_0098,Low,0.9994427398478272
ROAD_0956,LOC_0018,LOC_0045,Low,0.9932318075117371
ROAD_0957,LOC_0057,LOC_0065,Medium,0.9894973234103668
ROAD_0958,LOC_0036,LOC_0065,Low,0.9907541979195829
ROAD_0959,LOC_0017,LOC_0063,Medium,0.9775490979227588
ROAD_0960,LOC_0043,LOC_0077,Medium,0.9636149587273072
ROAD_0961,LOC_0088,LOC_0031,High,0.9959098928928518
ROAD_0962,LOC_0009,LOC_0089,Medium,0.9742996010307765
ROAD_0963,LOC_0035,LOC_0025,Medium,0.9043561853589897
ROAD_0964,LOC_0092,LOC_0056,Low,0.8829568302522224
ROAD_0965,LOC_0084,LOC_0077,Low,0.989394141513035
ROAD_0966,LOC_0055,LOC_0043,Low,0.9071525489897613
ROAD_0967,LOC_0017,LOC_0100,High,0.9807879140034864
ROAD_0968,LOC_0037,LOC_0016,Medium,0.9554394624938031
ROAD_0969,LOC_0050,LOC_0089,High,0.9970527460576402
ROAD_0970,LOC_0089,LOC_0052,Low,0.8883151986011384
ROAD_0971,LOC_0098,LOC_0087,Medium,0.978916101471405
ROAD_0972,LOC_0001,LOC_0022,Medium,0.9981407338342566
ROAD_0973,LOC_0054,LOC_0031,Medium,0.9946012874094604
ROAD_0974,LOC_0007,LOC_0070,Medium,0.6692862387277944
ROAD_0975,LOC_0047,LOC_0064,High,0.9922510919755397
ROAD_0976,LOC_0078,LOC_0084,High,0.9107733140670837
ROAD_0977,LOC_0085,LOC_0018,Medium,0.8908387265117066
ROAD_0978,LOC_0023,LOC_0021,Low,0.9076873802376273
ROAD_0979,LOC_0038,LOC_0069,High,0.9935151447866012
ROAD_0980,LOC_0042,LOC_0041,High,0.98
ROAD_0981,LOC_0032,LOC_0083,Medium,0.9980420296231969
ROAD_0982,LOC_0080,LOC_0084,Medium,0.9578904786093839
ROAD_0983,LOC_0010,LOC_0082,Medium,0.9849909719318837
ROAD_0984,LOC_0047,LOC_0002,Medium,0.9806672156818788
ROAD_0985,LOC_0022,LOC_0030,Low,0.9679028053534174
ROAD_0986,LOC_0062,LOC_0073,Low,0.9793127290300134
ROAD_0987,LOC_0031,LOC_0013,Medium,0.9495676850207777
ROAD_0988,LOC_0036,LOC_0032,High,0.9622403141340129
ROAD_0989,LOC_0010,LOC_0009,Medium,0.9754882796529633
ROAD_0990,LOC_0009,LOC_0082,Medium,0.9897106446609596
ROAD_0991,LOC_0030,LOC_0093,Medium,0.989366101033743
ROAD_0992,LOC_0072,LOC_0074,Medium,0.9812491650425098
ROAD_0993,LOC_0001,LOC_0074,Low,0.993309291531171
ROAD_0994,LOC_0097,LOC_0001,Medium,0.9492023336059446
ROAD_0995,LOC_0076,LOC_0018,Medium,0.9723582822789304
ROAD_0996,LOC_0012,LOC_0001,Low,0.8526987137231911
ROAD_0997,LOC_0083,LOC_0016,Medium,0.9995213554535828
ROAD_0998,LOC_0022,LOC_0086,Medium,0.9885235431343403
ROAD_0999,LOC_0045,LOC_0051,Medium,0.8897901618522167
ROAD_1000,LOC_0096,LOC_0007,Low,0.9732038392213275
ROAD_1001,LOC_0100,LOC_0091,Medium,0.8247620899010134
ROAD_1002,LOC_0015,LOC_0075,Medium,0.9981407338342566
ROAD_1003,LOC_0006,LOC_0099,Medium,0.9243561853589897
ROAD_1004,LOC_0020,LOC_0055,Low,0.9930836084721636
ROAD_1005,LOC_0053,LOC_0089,Medium,0.9930688398728462
ROAD_1006,LOC_0045,LOC_0019,Low,0.889950347614721
ROAD_1007,LOC_0072,LOC_0082,Medium,0.9269377547058291
ROAD_1008,LOC_0066,LOC_0009,Low,0.9417524435193051
ROAD_1009,LOC_0016,LOC_0079,Low,0.9024788236320006
ROAD_1010,LOC_0100,LOC_0097,Low,0.9997502751388303
ROAD_1011,LOC_0079,LOC_0069,High,0.9866666666666667
ROAD_1012,LOC_0010,LOC_0007,Medium,0.9620780861595696
ROAD_1013,LOC_0038,LOC_0029,Medium,0.9503016920701932
ROAD_1014,LOC_0018,LOC_0079,High,0.9893618057487567
ROAD_1015,LOC_0072,LOC_0011,Medium,0.9770404028500271
ROAD_1016,LOC_0005,LOC_0078,High,0.9223740915030445
ROAD_1017,LOC_0044,LOC_0032,Medium,0.9901263154083565
ROAD_1018,LOC_0041,LOC_0028,Medium,0.9852520452999174
ROAD_1019,LOC_0003,LOC_0023,Low,0.9932318075117371
ROAD_1020,LOC_0040,LOC_0039,Low,0.9999759581978377
ROAD_1021,LOC_0053,LOC_0015,High,0.9190378825917829
ROAD_1022,LOC_0072,LOC_0031,Low,0.9731621210755592
ROAD_1023,LOC_0069,LOC_0082,High,0.992760243193233
ROAD_1024,LOC_0050,LOC_0007,Medium,0.9781609917444587
ROAD_1025,LOC_0038,LOC_0022,Medium,0.9931563880848586
ROAD_1026,LOC_0096,LOC_0003,High,0.9994110776084536
ROAD_1027,LOC_0034,LOC_0046,Medium,0.9146777224815187
ROAD_1028,LOC_0010,LOC_0033,Medium,0.9861057473541935
ROAD_1029,LOC_0062,LOC_0021,Medium,0.9716907530227286
ROAD_1030,LOC_0004,LOC_0011,High,0.8770527460576402
ROAD_1031,LOC_0001,LOC_0013,Medium,0.9650837373555389
ROAD_1032,LOC_0009,LOC_0014,High,0.9567990641108696
ROAD_1033,LOC_0098,LOC_0052,High,0.8738806463797114
ROAD_1034,LOC_0044,LOC_0070,High,0.9775950643529967
ROAD_1035,LOC_0047,LOC_0040,Medium,0.7775053931783733
ROAD_1036,LOC_0084,LOC_0016,Low,0.7421140656566265
ROAD_1037,LOC_0094,LOC_0100,Low,0.9768547362789911
ROAD_1038,LOC_0027,LOC_0092,Medium,0.9941922713121611
ROAD_1039,LOC_0069,LOC_0034,Low,0.9998744323762414
ROAD_1040,LOC_0090,LOC_0055,Medium,1.0
ROAD_1041,LOC_0005,LOC_0084,Medium,0.7789080846897605
ROAD_1042,LOC_0063,LOC_0021,Medium,0.9904141083320822
ROAD_1043,LOC_0098,LOC_0078,High,0.9989177586422063
ROAD_1044,LOC_0063,LOC_0064,High,0.9343866190254259
ROAD_1045,LOC_0026,LOC_0048,Medium,0.9241157302494095
ROAD_1046,LOC_0080,LOC_0024,Low,0.8913960928009217
ROAD_1047,LOC_0077,LOC_0022,High,0.9831798645181546
ROAD_1048,LOC_0084,LOC_0020,High,0.8119943888508259
ROAD_1049,LOC_0041,LOC_0036,High,0.9640205188216499
ROAD_1050,LOC_0093,LOC_0053,Low,0.9999280473728991
ROAD_1051,LOC_0044,LOC_0009,Medium,0.9906906472149526
ROAD_1052,LOC_0061,LOC_0060,High,0.9867942619325997
ROAD_1053,LOC_0031,LOC_0069,Low,0.6087937497305034
ROAD_1054,LOC_0051,LOC_0048,Medium,0.9613017583412996
ROAD_1055,LOC_0024,LOC_0026,High,0.922834639101104
ROAD_1056,LOC_0067,LOC_0061,Medium,0.982076200516872
ROAD_1057,LOC_0098,LOC_0021,Medium,1.0
ROAD_1058,LOC_0002,LOC_0093,Critical,0.9821707985384717
ROAD_1059,LOC_0092,LOC_0080,Low,0.9523935295401001
ROAD_1060,LOC_0036,LOC_0027,Medium,0.9773957705920899
ROAD_1061,LOC_0075,LOC_0039,High,0.5076295267619868
ROAD_1062,LOC_0078,LOC_0032,Medium,0.9916497814858959
ROAD_1063,LOC_0020,LOC_0053,Medium,0.8488534740108096
ROAD_1064,LOC_0015,LOC_0075,Medium,0.9617277583992581
ROAD_1065,LOC_0058,LOC_0064,Medium,0.9972168698197698
ROAD_1066,LOC_0045,LOC_0090,Medium,0.9671607285386588
ROAD_1067,LOC_0026,LOC_0039,Low,0.893119367110324
ROAD_1068,LOC_0070,LOC_0083,Medium,0.9698617273873331
ROAD_1069,LOC_0022,LOC_0040,High,0.9712539934595505
ROAD_1070,LOC_0043,LOC_0065,Medium,0.9774462373465937
ROAD_1071,LOC_0091,LOC_0010,Low,0.998273488357594
ROAD_1072,LOC_0045,LOC_0033,High,0.9989177586422063
ROAD_1073,LOC_0074,LOC_0007,Medium,0.9142035470111135
ROAD_1074,LOC_0024,LOC_0090,Medium,0.9803370121180666
ROAD_1075,LOC_0053,LOC_0049,Medium,0.993020813249586
ROAD_1076,LOC_0079,LOC_0007,Medium,0.6359279385350107
ROAD_1077,LOC_0054,LOC_0027,High,0.9777317916246401
ROAD_1078,LOC_0064,LOC_0017,High,0.9744387597059528
ROAD_1079,LOC_0098,LOC_0035,Low,0.9865784456077593
ROAD_1080,LOC_0084,LOC_0072,Medium,0.9922199772648359
ROAD_1081,LOC_0088,LOC_0025,Medium,0.9933333333333333
ROAD_1082,LOC_0005,LOC_0070,Medium,0.9666666666666667
ROAD_1083,LOC_0066,LOC_0023,Medium,0.9972168698197698
ROAD_1084,LOC_0065,LOC_0086,Low,0.577967949285219
ROAD_1085,LOC_0073,LOC_0016,High,0.8001408670950879
ROAD_1086,LOC_0009,LOC_0041,Low,0.979023423464575
ROAD_1087,LOC_0056,LOC_0068,Medium,0.9933900815820289
ROAD_1088,LOC_0040,LOC_0061,Critical,0.97639440564272
ROAD_1089,LOC_0048,LOC_0083,Medium,0.9799827964708364
ROAD_1090,LOC_0079,LOC_0042,Low,0.9747580557478045
ROAD_1091,LOC_0070,LOC_0014,Low,0.9910481272430174
ROAD_1092,LOC_0064,LOC_0002,Low,0.9973665197479556
ROAD_1093,LOC_0068,LOC_0057,Medium,0.9914562569213733
ROAD_1094,LOC_0085,LOC_0002,High,0.9540094360900737
ROAD_1095,LOC_0027,LOC_0026,High,0.9662765365014502
ROAD_1096,LOC_0017,LOC_0036,Medium,0.9944437615242778
ROAD_1097,LOC_0072,LOC_0080,Medium,1.0
ROAD_1098,LOC_0041,LOC_0063,High,0.9540295675270681
ROAD_1099,LOC_0084,LOC_0040,High,0.9405931774077783
ROAD_1100,LOC_0053,LOC_0045,Medium,0.9834692544354536
ROAD_1101,LOC_0081,LOC_0072,Medium,1.0
ROAD_1102,LOC_0079,LOC_0036,Low,0.9575104246654634
ROAD_1103,LOC_0009,LOC_0024,Medium,0.9613049883862883
ROAD_1104,LOC_0015,LOC_0075,High,0.9933333333333333
ROAD_1105,LOC_0043,LOC_0059,Low,0.9453532660538506
ROAD_1106,LOC_0007,LOC_0024,Medium,0.9612325229316948
ROAD_1107,LOC_0015,LOC_0062,Low,0.9964690033441513
ROAD_1108,LOC_0059,LOC_0018,High,0.7668277434506324
ROAD_1109,LOC_0026,LOC_0015,High,0.8392420697671288
ROAD_1110,LOC_0095,LOC_0078,Low,0.9676459869384293
ROAD_1111,LOC_0071,LOC_0087,High,0.9871211420006828
ROAD_1112,LOC_0011,LOC_0027,Medium,0.993897614716541
ROAD_1113,LOC_0037,LOC_0026,Low,0.7626434716235215
ROAD_1114,LOC_0091,LOC_0082,Medium,0.9982050889540109
ROAD_1115,LOC_0073,LOC_0095,Medium,0.8832983598314548
ROAD_1116,LOC_0069,LOC_0003,High,0.9989177586422063
ROAD_1117,LOC_0008,LOC_0086,Medium,0.9967929820750231
ROAD_1118,LOC_0032,LOC_0030,Medium,0.9892461492568543
ROAD_1119,LOC_0035,LOC_0075,Medium,0.9809915016721593
ROAD_1120,LOC_0032,LOC_0089,Low,0.9851890671114041
ROAD_1121,LOC_0082,LOC_0016,Low,0.9977147939096841
ROAD_1122,LOC_0045,LOC_0092,High,0.9775198139741837
ROAD_1123,LOC_0010,LOC_0063,High,0.9922510919755397
ROAD_1124,LOC_0063,LOC_0041,Medium,0.9812679540761271
ROAD_1125,LOC_0070,LOC_0061,Low,0.9999117789410926
ROAD_1126,LOC_0008,LOC_0077,Medium,0.9916960610296144
ROAD_1127,LOC_0088,LOC_0001,Medium,0.9594257779484858
ROAD_1128,LOC_0011,LOC_0094,Critical,0.92
ROAD_1129,LOC_0093,LOC_0010,Critical,0.8786121256391527
ROAD_1130,LOC_0042,LOC_0048,Medium,0.9638347151504899
ROAD_1131,LOC_0086,LOC_0008,Low,0.981932487244888
ROAD_1132,LOC_0072,LOC_0091,Low,0.9890263364755906
ROAD_1133,LOC_0032,LOC_0011,Medium,1.0
ROAD_1134,LOC_0015,LOC_0027,Medium,0.9900388092157887
ROAD_1135,LOC_0011,LOC_0002,High,0.9749915293392885
ROAD_1136,LOC_0072,LOC_0052,Medium,0.9750482195518287
ROAD_1137,LOC_0017,LOC_0027,Medium,0.9933333333333333
ROAD_1138,LOC_0089,LOC_0033,High,0.9842152320586505
ROAD_1139,LOC_0073,LOC_0063,High,0.9716225735012595
ROAD_1140,LOC_0098,LOC_0047,High,0.9380444891889673
ROAD_1141,LOC_0018,LOC_0076,Medium,0.9084585906862208
ROAD_1142,LOC_0008,LOC_0073,High,0.98
ROAD_1143,LOC_0031,LOC_0087,High,0.9386062811058742
ROAD_1144,LOC_0014,LOC_0010,Medium,0.9907428280319676
ROAD_1145,LOC_0014,LOC_0050,Low,0.9901755040133279
ROAD_1146,LOC_0013,LOC_0080,High,0.9949010988476035
ROAD_1147,LOC_0055,LOC_0016,Medium,0.9969795041890431
ROAD_1148,LOC_0014,LOC_0076,High,0.7317828961682014
ROAD_1149,LOC_0069,LOC_0024,Medium,0.98215494631963
ROAD_1150,LOC_0039,LOC_0093,High,0.9895723389725866
ROAD_1151,LOC_0030,LOC_0002,Medium,0.9919947657771955
ROAD_1152,LOC_0018,LOC_0024,Medium,0.9965990114565665
ROAD_1153,LOC_0039,LOC_0020,Critical,0.8910358726320032
ROAD_1154,LOC_0034,LOC_0036,Critical,0.6984685777488394
ROAD_1155,LOC_0002,LOC_0086,High,0.9626086654255829
ROAD_1156,LOC_0096,LOC_0029,Medium,0.992545419329847
ROAD_1157,LOC_0047,LOC_0048,Medium,0.9967929820750231
ROAD_1158,LOC_0001,LOC_0051,Low,0.9926701041655092
ROAD_1159,LOC_0015,LOC_0047,Low,0.8280552831111007
ROAD_1160,LOC_0028,LOC_0041,Medium,1.0
ROAD_1161,LOC_0048,LOC_0060,Medium,0.9831093674174347
ROAD_1162,LOC_0030,LOC_0090,Medium,0.9612582923338596
ROAD_1163,LOC_0066,LOC_0006,Medium,0.9831977779183099
ROAD_1164,LOC_0065,LOC_0002,Medium,0.8034664414551749
ROAD_1165,LOC_0070,LOC_0049,Medium,0.9671296375500064
ROAD_1166,LOC_0012,LOC_0014,High,0.6565018384185076
ROAD_1167,LOC_0090,LOC_0030,High,0.9815677655142702
ROAD_1168,LOC_0017,LOC_0085,High,0.9933333333333333
ROAD_1169,LOC_0013,LOC_0011,High,0.9866666666666667
ROAD_1170,LOC_0002,LOC_0013,Low,0.926268225965988
ROAD_1171,LOC_0097,LOC_0100,Low,0.9896159395365752
ROAD_1172,LOC_0093,LOC_0087,Medium,0.98415854878266
ROAD_1173,LOC_0053,LOC_0090,High,0.9827625736098058
ROAD_1174,LOC_0099,LOC_0060,High,0.9769381297263396
ROAD_1175,LOC_0052,LOC_0096,Medium,0.8579296324029356
ROAD_1176,LOC_0073,LOC_0040,High,0.8959667730393112
ROAD_1177,LOC_0065,LOC_0039,High,0.972744410941787
ROAD_1178,LOC_0033,LOC_0100,Medium,0.9477798578559221
ROAD_1179,LOC_0098,LOC_0080,Medium,0.9990379329936898
ROAD_1180,LOC_0062,LOC_0075,High,0.8944929963299079
ROAD_1181,LOC_0067,LOC_0066,Medium,0.7894084186591137
ROAD_1182,LOC_0100,LOC_0063,Low,0.9408972001094552
ROAD_1183,LOC_0018,LOC_0027,Medium,0.9515214736499854
ROAD_1184,LOC_0014,LOC_0091,Medium,0.9533810461724195
ROAD_1185,LOC_0090,LOC_0003,Low,0.9975097132197561
ROAD_1186,LOC_0067,LOC_0084,High,0.7880567633511951
ROAD_1187,LOC_0070,LOC_0039,Medium,0.9830683225418392
ROAD_1188,LOC_0084,LOC_0080,High,0.9856157637191961
ROAD_1189,LOC_0015,LOC_0036,Medium,0.98
ROAD_1190,LOC_0075,LOC_0003,Critical,0.956187648873539
ROAD_1191,LOC_0062,LOC_0066,Medium,0.8601085987436026
ROAD_1192,LOC_0017,LOC_0050,Low,0.998273488357594
ROAD_1193,LOC_0063,LOC_0072,Medium,0.8755091726706253
ROAD_1194,LOC_0098,LOC_0013,Medium,0.9740800906525345
ROAD_1195,LOC_0017,LOC_0041,Medium,1.0
ROAD_1196,LOC_0058,LOC_0025,High,0.9266666666666666
ROAD_1197,LOC_0056,LOC_0069,Low,0.9917535919899259
ROAD_1198,LOC_0029,LOC_0071,Critical,0.8515980214993307
ROAD_1199,LOC_0083,LOC_0036,Medium,0.98
ROAD_1200,LOC_0071,LOC_0078,Low,0.9999759581978377
ROAD_1201,LOC_0091,LOC_0024,Medium,0.913296223642206
ROAD_1202,LOC_0053,LOC_0090,Medium,0.866775990259594
ROAD_1203,LOC_0048,LOC_0099,High,0.99351638488121
ROAD_1204,LOC_0098,LOC_0051,Medium,0.961992738636886
ROAD_1205,LOC_0061,LOC_0040,Medium,0.993020813249586
ROAD_1206,LOC_0038,LOC_0098,Medium,0.9975357999563857
ROAD_1207,LOC_0062,LOC_0082,High,0.9489933653626172
ROAD_1208,LOC_0042,LOC_0037,Medium,0.9880385549468855
ROAD_1209,LOC_0003,LOC_0069,High,0.9367571996147008
ROAD_1210,LOC_0007,LOC_0041,High,0.9609942438513868
ROAD_1211,LOC_0018,LOC_0008,Medium,1.0
ROAD_1212,LOC_0057,LOC_0080,Medium,0.9729969733099074
ROAD_1213,LOC_0057,LOC_0090,Medium,0.9981407338342566
ROAD_1214,LOC_0028,LOC_0094,Critical,0.9694105371041841
ROAD_1215,LOC_0052,LOC_0099,Medium,0.9973659673659673
ROAD_1216,LOC_0088,LOC_0097,Medium,0.963622962259156
ROAD_1217,LOC_0060,LOC_0050,Medium,0.884164787644663
ROAD_1218,LOC_0051,LOC_0087,High,0.9911656616496316
ROAD_1219,LOC_0034,LOC_0083,Medium,0.9985021303455894
ROAD_1220,LOC_0017,LOC_0098,Medium,0.9725921067016509
ROAD_1221,LOC_0028,LOC_0085,Low,0.9922369565015284
ROAD_1222,LOC_0040,LOC_0016,Medium,0.9836307206668433
ROAD_1223,LOC_0041,LOC_0093,Medium,0.9969795041890431
ROAD_1224,LOC_0036,LOC_0066,Medium,0.9339222557248797
ROAD_1225,LOC_0081,LOC_0027,High,0.9749010988476035
ROAD_1226,LOC_0004,LOC_0089,Medium,0.9805185193579624
ROAD_1227,LOC_0044,LOC_0099,High,0.9794825528664853
ROAD_1228,LOC_0066,LOC_0084,Medium,0.9612500486341348
ROAD_1229,LOC_0092,LOC_0093,High,0.9759714456871463
ROAD_1230,LOC_0009,LOC_0063,Medium,0.9795391088744408
ROAD_1231,LOC_0004,LOC_0051,Medium,0.9990379329936898
ROAD_1232,LOC_0080,LOC_0083,Medium,0.9509292272798073
ROAD_1233,LOC_0050,LOC_0066,High,0.9789192224672973
ROAD_1234,LOC_0021,LOC_0089,Medium,0.9684583797077742
ROAD_1235,LOC_0018,LOC_0056,Medium,0.9416992388598665
ROAD_1236,LOC_0051,LOC_0095,High,0.9823825896610465
ROAD_1237,LOC_0091,LOC_0058,Medium,0.8443789459035291
ROAD_1238,LOC_0024,LOC_0038,Low,0.9685541426579967
ROAD_1239,LOC_0085,LOC_0041,Low,0.9925195060640184
ROAD_1240,LOC_0067,LOC_0084,Medium,0.9978079534432589
ROAD_1241,LOC_0029,LOC_0022,High,0.9845293799103684
ROAD_1242,LOC_0095,LOC_0072,Medium,0.9799531554817796
ROAD_1243,LOC_0056,LOC_0076,Medium,0.907891166848196
ROAD_1244,LOC_0031,LOC_0018,Medium,0.644561318566891
ROAD_1245,LOC_0050,LOC_0016,Low,0.9970913906256171
ROAD_1246,LOC_0013,LOC_0026,Low,0.952761983240624
ROAD_1247,LOC_0071,LOC_0065,Medium,1.0
ROAD_1248,LOC_0083,LOC_0055,Medium,0.9964016558751725
ROAD_1249,LOC_0056,LOC_0040,Medium,0.98
ROAD_1250,LOC_0063,LOC_0057,High,0.8020606686426386
ROAD_1251,LOC_0080,LOC_0075,Medium,0.9801662276341222
ROAD_1252,LOC_0054,LOC_0028,Medium,0.9983164481525626
ROAD_1253,LOC_0029,LOC_0095,Medium,1.0
ROAD_1254,LOC_0085,LOC_0009,High,1.0
ROAD_1255,LOC_0073,LOC_0095,High,0.8651798776512897
ROAD_1256,LOC_0032,LOC_0049,Medium,0.9521894436266681
ROAD_1257,LOC_0079,LOC_0098,High,0.868104090917562
ROAD_1258,LOC_0034,LOC_0045,Medium,0.955560712113201
ROAD_1259,LOC_0017,LOC_0021,High,0.98
ROAD_1260,LOC_0066,LOC_0010,Low,0.9868829264158613
ROAD_1261,LOC_0068,LOC_0083,Medium,0.9606979201580986
ROAD_1262,LOC_0085,LOC_0057,High,0.8666666666666667
ROAD_1263,LOC_0071,LOC_0048,High,0.9860777442751203
ROAD_1264,LOC_0099,LOC_0061,Low,0.8275405621050241
ROAD_1265,LOC_0022,LOC_0004,Medium,0.9933333333333333
ROAD_1266,LOC_0048,LOC_0060,High,0.9893093527850474
ROAD_1267,LOC_0042,LOC_0039,Medium,0.9962643288620359
ROAD_1268,LOC_0015,LOC_0017,Medium,0.6827999227410637
ROAD_1269,LOC_0049,LOC_0076,Medium,0.9933333333333333
ROAD_1270,LOC_0049,LOC_0038,Medium,0.978415889670621
ROAD_1271,LOC_0059,LOC_0057,High,0.9588895718090555
ROAD_1272,LOC_0029,LOC_0024,Low,0.9998984741784037
ROAD_1273,LOC_0073,LOC_0040,Medium,0.8230255639440989
ROAD_1274,LOC_0025,LOC_0011,Medium,0.9707795706799272
ROAD_1275,LOC_0086,LOC_0091,Critical,0.9707849325870636
ROAD_1276,LOC_0061,LOC_0082,Medium,0.969419519278065
ROAD_1277,LOC_0092,LOC_0090,Low,0.9988795813660325
ROAD_1278,LOC_0044,LOC_0096,Critical,0.8838371322823938
ROAD_1279,LOC_0086,LOC_0094,High,0.9988379874683532
ROAD_1280,LOC_0020,LOC_0098,High,0.9763231968303626
ROAD_1281,LOC_0042,LOC_0096,High,0.9912405400247031
ROAD_1282,LOC_0076,LOC_0027,High,0.9927444109417869
ROAD_1283,LOC_0027,LOC_0030,Low,0.9432477553063656
ROAD_1284,LOC_0060,LOC_0017,Medium,0.882175839337292
ROAD_1285,LOC_0033,LOC_0025,Medium,0.9327594456099628
ROAD_1286,LOC_0079,LOC_0042,Low,0.9927714836600311
ROAD_1287,LOC_0050,LOC_0009,High,0.9407255608347945
ROAD_1288,LOC_0048,LOC_0024,Medium,0.98514974523219
ROAD_1289,LOC_0029,LOC_0098,Medium,0.9875999381482632
ROAD_1290,LOC_0097,LOC_0019,High,0.8655668415135411
ROAD_1291,LOC_0086,LOC_0056,Low,0.872116808418617
ROAD_1292,LOC_0054,LOC_0096,Medium,0.9889843917040838
ROAD_1293,LOC_0016,LOC_0096,Medium,0.9809821546722673
ROAD_1294,LOC_0042,LOC_0034,Low,0.9393356007471634
ROAD_1295,LOC_0050,LOC_0009,Medium,0.9955477006152577
ROAD_1296,LOC_0027,LOC_0022,Medium,1.0
ROAD_1297,LOC_0048,LOC_0042,High,0.8984679379920546
ROAD_1298,LOC_0057,LOC_0039,Low,0.9777793085684118
ROAD_1299,LOC_0061,LOC_0022,Medium,0.6003003044018872
ROAD_1300,LOC_0039,LOC_0074,Medium,0.9696032578651168
ROAD_1301,LOC_0040,LOC_0091,Medium,1.0
ROAD_1302,LOC_0094,LOC_0081,High,0.9864041270071933
ROAD_1303,LOC_0057,LOC_0066,High,0.9551152771034428
ROAD_1304,LOC_0086,LOC_0089,Medium,0.9860209933897512
ROAD_1305,LOC_0026,LOC_0061,High,0.9970527460576402
ROAD_1306,LOC_0077,LOC_0096,Medium,0.711990238931221
ROAD_1307,LOC_0004,LOC_0089,Medium,0.9674334417422369
ROAD_1308,LOC_0064,LOC_0043,Medium,0.9919240629113836
ROAD_1309,LOC_0021,LOC_0052,High,0.9640071819107796
ROAD_1310,LOC_0024,LOC_0042,Medium,0.9974094946986342
ROAD_1311,LOC_0036,LOC_0010,High,0.9416042761404213
ROAD_1312,LOC_0025,LOC_0082,Low,0.9216691717827111
ROAD_1313,LOC_0035,LOC_0064,Low,0.9993127290300134
ROAD_1314,LOC_0038,LOC_0058,Medium,0.9836762341862091
ROAD_1315,LOC_0034,LOC_0094,Medium,0.9574906339922871
ROAD_1316,LOC_0090,LOC_0089,Low,0.9741966435688899
ROAD_1317,LOC_0010,LOC_0056,High,1.0
ROAD_1318,LOC_0016,LOC_0092,Medium,0.9890080436782379
ROAD_1319,LOC_0082,LOC_0001,Medium,0.9907460384906602
ROAD_1320,LOC_0035,LOC_0037,Medium,0.9985637621804829
ROAD_1321,LOC_0015,LOC_0022,Medium,0.9810679751701641
ROAD_1322,LOC_0056,LOC_0007,Medium,0.9854644083314258
ROAD_1323,LOC_0029,LOC_0074,High,0.9478795786714297
ROAD_1324,LOC_0033,LOC_0091,High,0.9340537986731886
ROAD_1325,LOC_0016,LOC_0027,Medium,0.9444644153261362
ROAD_1326,LOC_0029,LOC_0001,High,0.9801543593597862
ROAD_1327,LOC_0013,LOC_0025,High,0.7348994698665355
ROAD_1328,LOC_0053,LOC_0059,High,0.974339136800725
ROAD_1329,LOC_0062,LOC_0092,Medium,0.983660112170636
ROAD_1330,LOC_0020,LOC_0024,Medium,0.9545175397846013
ROAD_1331,LOC_0091,LOC_0063,High,0.9921713208016866
ROAD_1332,LOC_0006,LOC_0035,Medium,0.9920181152251298
ROAD_1333,LOC_0053,LOC_0007,Low,0.9945672084130032
ROAD_1334,LOC_0026,LOC_0034,Medium,0.9839853127798288
ROAD_1335,LOC_0067,LOC_0017,High,1.0
ROAD_1336,LOC_0041,LOC_0051,Medium,0.971480767849503
ROAD_1337,LOC_0082,LOC_0041,Medium,0.9417337605516379
ROAD_1338,LOC_0093,LOC_0054,Medium,0.9777316444363043
ROAD_1339,LOC_0046,LOC_0044,Medium,0.9941752061875456
ROAD_1340,LOC_0052,LOC_0092,Low,0.9921781948475605
ROAD_1341,LOC_0046,LOC_0080,Medium,0.9585907295780502
ROAD_1342,LOC_0009,LOC_0067,Critical,0.8978958470315763
ROAD_1343,LOC_0048,LOC_0054,Medium,0.9931648783729251
ROAD_1344,LOC_0057,LOC_0089,Medium,0.9919240629113836
ROAD_1345,LOC_0053,LOC_0010,Low,0.9126804064824451
ROAD_1346,LOC_0044,LOC_0037,Medium,0.8735092559543254
ROAD_1347,LOC_0024,LOC_0046,High,0.9933333333333333
ROAD_1348,LOC_0016,LOC_0044,Medium,0.6749577729654076
ROAD_1349,LOC_0025,LOC_0053,High,0.9688145130252224
ROAD_1350,LOC_0044,LOC_0021,Medium,0.6717065377256198
ROAD_1351,LOC_0005,LOC_0043,High,0.7949018922487705
ROAD_1352,LOC_0077,LOC_0093,Medium,0.9622611642881536
ROAD_1353,LOC_0094,LOC_0015,Medium,0.9907428280319676
ROAD_1354,LOC_0032,LOC_0026,High,0.9540537986731885
ROAD_1355,LOC_0015,LOC_0003,Medium,0.9479805050219945
ROAD_1356,LOC_0053,LOC_0013,Medium,0.7743845973818764
ROAD_1357,LOC_0095,LOC_0033,High,0.9698054119472775
ROAD_1358,LOC_0037,LOC_0016,Low,0.9933333333333333
ROAD_1359,LOC_0072,LOC_0076,Low,0.9724849822238568
ROAD_1360,LOC_0014,LOC_0066,Low,0.9823564915031272
ROAD_1361,LOC_0073,LOC_0015,Medium,0.8625821613992071
ROAD_1362,LOC_0061,LOC_0078,High,0.9817897736607286
ROAD_1363,LOC_0057,LOC_0010,High,0.9776443106223479
ROAD_1364,LOC_0066,LOC_0014,Medium,1.0
ROAD_1365,LOC_0049,LOC_0073,Medium,0.881207815010168
ROAD_1366,LOC_0068,LOC_0061,Medium,0.9650894647393526
ROAD_1367,LOC_0016,LOC_0031,High,0.8815736391358716
ROAD_1368,LOC_0003,LOC_0100,Medium,0.8694360350003194
ROAD_1369,LOC_0095,LOC_0037,Medium,0.9967929820750231
ROAD_1370,LOC_0044,LOC_0053,Medium,0.9971328071284432
ROAD_1371,LOC_0048,LOC_0045,Medium,1.0
ROAD_1372,LOC_0036,LOC_0046,High,0.9578108559147982
ROAD_1373,LOC_0036,LOC_0079,High,0.8332265625725208
ROAD_1374,LOC_0035,LOC_0051,High,0.9793502067589702
ROAD_1375,LOC_0027,LOC_0095,Medium,0.9933333333333333
ROAD_1376,LOC_0014,LOC_0065,Medium,0.9745935941572592
ROAD_1377,LOC_0065,LOC_0073,Critical,0.9302636208068733
ROAD_1378,LOC_0095,LOC_0069,Medium,0.9916960610296144
ROAD_1379,LOC_0022,LOC_0026,High,0.9729383666595001
ROAD_1380,LOC_0021,LOC_0064,Medium,0.9841013999243284
ROAD_1381,LOC_0071,LOC_0010,Medium,0.9944044253753255
ROAD_1382,LOC_0092,LOC_0057,High,0.9927900102442222
ROAD_1383,LOC_0041,LOC_0076,Medium,0.5433993127958744
ROAD_1384,LOC_0086,LOC_0090,High,0.9866666666666667
ROAD_1385,LOC_0053,LOC_0032,Medium,0.9542639873077894
ROAD_1386,LOC_0031,LOC_0026,Medium,1.0
ROAD_1387,LOC_0090,LOC_0045,High,0.8564374221171099
ROAD_1388,LOC_0079,LOC_0035,Low,0.8307446508253999
ROAD_1389,LOC_0070,LOC_0003,Medium,0.9998129500372445
ROAD_1390,LOC_0014,LOC_0004,Medium,0.6175584267740986
ROAD_1391,LOC_0063,LOC_0031,Medium,0.8335960920503677
ROAD_1392,LOC_0090,LOC_0080,Medium,0.9913137311216366
ROAD_1393,LOC_0063,LOC_0100,Low,0.9921781948475605
ROAD_1394,LOC_0019,LOC_0071,Medium,0.9443511227315257
ROAD_1395,LOC_0063,LOC_0092,Critical,0.9781297174767225
ROAD_1396,LOC_0075,LOC_0050,Low,0.6563162958432688
ROAD_1397,LOC_0099,LOC_0076,Medium,0.984032634032634
ROAD_1398,LOC_0049,LOC_0053,High,0.9733333333333334
ROAD_1399,LOC_0080,LOC_0099,High,0.9968797102692417
ROAD_1400,LOC_0038,LOC_0091,Medium,0.8234980034052161
ROAD_1401,LOC_0077,LOC_0042,Medium,0.9649720188233243
ROAD_1402,LOC_0053,LOC_0031,Low,0.9347886789763569
ROAD_1403,LOC_0081,LOC_0051,Medium,0.5090998885241618
ROAD_1404,LOC_0015,LOC_0061,Low,0.7616398055925565
ROAD_1405,LOC_0025,LOC_0021,High,0.8569445062583293
ROAD_1406,LOC_0001,LOC_0058,Medium,0.9705095099264196
ROAD_1407,LOC_0032,LOC_0016,Medium,0.9865411965456751
ROAD_1408,LOC_0035,LOC_0020,Low,0.8948891109081467
ROAD_1409,LOC_0004,LOC_0084,Low,0.9536213794830176
ROAD_1410,LOC_0016,LOC_0035,Medium,1.0
ROAD_1411,LOC_0070,LOC_0009,High,0.9887412107267362
ROAD_1412,LOC_0031,LOC_0062,High,0.985584425308873
ROAD_1413,LOC_0072,LOC_0100,High,0.9933333333333333
ROAD_1414,LOC_0076,LOC_0011,Low,0.7794164587093223
ROAD_1415,LOC_0030,LOC_0007,Critical,0.9797493914680373
ROAD_1416,LOC_0032,LOC_0015,Low,0.8362855784818686
ROAD_1417,LOC_0067,LOC_0021,High,0.6008980074464352
ROAD_1418,LOC_0033,LOC_0065,High,0.9413514132760091
ROAD_1419,LOC_0078,LOC_0071,Medium,0.8727838800030774
ROAD_1420,LOC_0040,LOC_0035,Medium,0.9933333333333333
ROAD_1421,LOC_0049,LOC_0061,High,0.9190275163391487
ROAD_1422,LOC_0026,LOC_0009,Medium,0.9782045946865278
ROAD_1423,LOC_0022,LOC_0054,Medium,0.959128005271812
ROAD_1424,LOC_0043,LOC_0073,Medium,0.9179900253253802
ROAD_1425,LOC_0006,LOC_0002,Low,0.9968812122228837
ROAD_1426,LOC_0043,LOC_0065,Medium,0.9881959967165498
ROAD_1427,LOC_0076,LOC_0067,Medium,0.8669896909806253
ROAD_1428,LOC_0001,LOC_0042,Medium,0.8048284862216374
ROAD_1429,LOC_0038,LOC_0085,Medium,0.9784584803342387
ROAD_1430,LOC_0012,LOC_0086,Low,0.9852354535873722
ROAD_1431,LOC_0088,LOC_0098,Medium,0.9784527565161509
ROAD_1432,LOC_0099,LOC_0065,Critical,1.0
ROAD_1433,LOC_0027,LOC_0066,Medium,0.9719073820719909
ROAD_1434,LOC_0089,LOC_0099,Medium,0.9933333333333333
ROAD_1435,LOC_0051,LOC_0070,High,0.8684858241659958
ROAD_1436,LOC_0068,LOC_0023,High,0.9057986283596405
ROAD_1437,LOC_0039,LOC_0014,Medium,0.9809915016721593
ROAD_1438,LOC_0054,LOC_0038,High,0.9930416734844294
ROAD_1439,LOC_0009,LOC_0035,High,0.9533333333333334
ROAD_1440,LOC_0078,LOC_0008,Medium,0.887282985464495
ROAD_1441,LOC_0026,LOC_0070,Medium,0.98
ROAD_1442,LOC_0034,LOC_0055,Medium,1.0
ROAD_1443,LOC_0018,LOC_0010,Low,0.9555173432139332
ROAD_1444,LOC_0053,LOC_0068,Medium,0.977408410106093
ROAD_1445,LOC_0044,LOC_0086,High,0.9793161735810397
ROAD_1446,LOC_0029,LOC_0013,Medium,0.9915989064876891
ROAD_1447,LOC_0075,LOC_0078,Medium,0.9941735015346662
ROAD_1448,LOC_0032,LOC_0029,High,0.9893618057487567
ROAD_1449,LOC_0017,LOC_0018,High,0.952744410941787
ROAD_1450,LOC_0078,LOC_0011,Medium,0.9833474115634377
ROAD_1451,LOC_0015,LOC_0086,Medium,1.0
ROAD_1452,LOC_0076,LOC_0005,Medium,0.9926168156758538
ROAD_1453,LOC_0033,LOC_0026,Medium,0.9884656439013114
ROAD_1454,LOC_0047,LOC_0074,High,0.9794110776084536
ROAD_1455,LOC_0083,LOC_0060,Medium,0.9670118044021467
ROAD_1456,LOC_0061,LOC_0065,Medium,0.8911624880743148
ROAD_1457,LOC_0005,LOC_0047,Medium,0.985570874918566
ROAD_1458,LOC_0065,LOC_0042,Medium,0.9958691180605365
ROAD_1459,LOC_0062,LOC_0008,High,0.9592940640161506
ROAD_1460,LOC_0031,LOC_0079,Medium,0.9703267788373027
ROAD_1461,LOC_0052,LOC_0011,High,0.9669198478179776
ROAD_1462,LOC_0100,LOC_0030,Medium,0.9827528526113983
ROAD_1463,LOC_0071,LOC_0043,Low,0.9518348325971286
ROAD_1464,LOC_0088,LOC_0096,Medium,0.9972168698197698
ROAD_1465,LOC_0037,LOC_0094,Medium,0.9561788983000793
ROAD_1466,LOC_0068,LOC_0049,High,0.9867942619325997
ROAD_1467,LOC_0085,LOC_0055,Low,0.9932077657095747
ROAD_1468,LOC_0009,LOC_0087,Low,0.5449743213499633
ROAD_1469,LOC_0080,LOC_0087,Medium,0.967225545809946
ROAD_1470,LOC_0072,LOC_0042,High,0.9819251218253741
ROAD_1471,LOC_0050,LOC_0085,Medium,0.98
ROAD_1472,LOC_0035,LOC_0032,Medium,0.9689092607077854
ROAD_1473,LOC_0087,LOC_0044,Medium,0.9973573138816192
ROAD_1474,LOC_0088,LOC_0079,Medium,0.9370607043027843
ROAD_1475,LOC_0013,LOC_0080,High,1.0
ROAD_1476,LOC_0066,LOC_0019,High,0.9837194127243069
ROAD_1477,LOC_0045,LOC_0044,High,0.9821665265190918
ROAD_1478,LOC_0060,LOC_0028,High,0.9055609975400722
ROAD_1479,LOC_0054,LOC_0023,Medium,0.9996697354961274
ROAD_1480,LOC_0018,LOC_0010,Medium,0.9684244137164137
ROAD_1481,LOC_0034,LOC_0075,Critical,0.930937066464876
ROAD_1482,LOC_0018,LOC_0034,Medium,0.9813005094203974
ROAD_1483,LOC_0096,LOC_0087,High,0.9725904987065497
ROAD_1484,LOC_0074,LOC_0040,Medium,0.988881033948591
ROAD_1485,LOC_0050,LOC_0036,Critical,0.9388165319677548
ROAD_1486,LOC_0073,LOC_0066,Medium,0.9657946719384787
ROAD_1487,LOC_0020,LOC_0097,Medium,0.9143655309083935
ROAD_1488,LOC_0039,LOC_0097,High,0.9267037084765658
ROAD_1489,LOC_0079,LOC_0040,High,0.92
ROAD_1490,LOC_0088,LOC_0091,Medium,0.963622962259156
ROAD_1491,LOC_0100,LOC_0032,Medium,0.9709450101326074
ROAD_1492,LOC_0019,LOC_0018,Medium,0.9888216129862967
ROAD_1493,LOC_0040,LOC_0037,Medium,0.8856584434568591
ROAD_1494,LOC_0018,LOC_0029,Medium,0.9476988642417268
ROAD_1495,LOC_0093,LOC_0072,Medium,0.9948626633832165
ROAD_1496,LOC_0001,LOC_0100,High,0.9375142678739299
ROAD_1497,LOC_0039,LOC_0073,Medium,0.944455378374405
ROAD_1498,LOC_0040,LOC_0031,Medium,0.990970197840695
ROAD_1499,LOC_0069,LOC_0091,Medium,0.9233938310611184
ROAD_1500,LOC_0086,LOC_0071,High,0.9873557470591392
ROAD_1501,LOC_0094,LOC_0084,Medium,0.972438692222695
ROAD_1502,LOC_0085,LOC_0003,Low,0.7460169752481591
ROAD_1503,LOC_0073,LOC_0018,Low,0.9994141085245356
ROAD_1504,LOC_0022,LOC_0018,High,0.9994110776084536
ROAD_1505,LOC_0012,LOC_0098,High,0.9826426861183808
ROAD_1506,LOC_0089,LOC_0026,Medium,0.712088019501006
ROAD_1507,LOC_0008,LOC_0088,High,0.9885157889057388
ROAD_1508,LOC_0088,LOC_0011,High,0.9915095897499829
ROAD_1509,LOC_0026,LOC_0015,High,0.9928158861998186
ROAD_1510,LOC_0084,LOC_0024,Low,0.9793121825506161
ROAD_1511,LOC_0097,LOC_0072,High,0.9949915293392885
ROAD_1512,LOC_0092,LOC_0033,High,0.9927856753961755
ROAD_1513,LOC_0072,LOC_0080,Medium,0.9001759906629174
ROAD_1514,LOC_0041,LOC_0059,Low,0.9977147939096841
ROAD_1515,LOC_0042,LOC_0054,Low,0.9933333333333333
ROAD_1516,LOC_0089,LOC_0063,Medium,0.9866666666666667
ROAD_1517,LOC_0033,LOC_0066,Low,0.9102977280324541
ROAD_1518,LOC_0049,LOC_0092,Medium,0.9773573138816193
ROAD_1519,LOC_0079,LOC_0057,Medium,0.9952480497922818
ROAD_1520,LOC_0050,LOC_0005,Low,0.9691962065667266
ROAD_1521,LOC_0023,LOC_0071,Low,0.9798287877422259
ROAD_1522,LOC_0050,LOC_0055,Medium,0.98835901198337
ROAD_1523,LOC_0053,LOC_0034,Low,0.9501271276919112
ROAD_1524,LOC_0081,LOC_0083,High,0.979461555987466
ROAD_1525,LOC_0071,LOC_0081,Medium,0.9955040037081182
ROAD_1526,LOC_0016,LOC_0008,Low,0.9870165595083165
ROAD_1527,LOC_0002,LOC_0006,Low,0.9542520451464332
ROAD_1528,LOC_0023,LOC_0086,High,0.9687832732210815
ROAD_1529,LOC_0011,LOC_0023,Low,0.969690196488256
ROAD_1530,LOC_0098,LOC_0079,Medium,0.9940388004354102
ROAD_1531,LOC_0089,LOC_0049,Medium,0.9758249790641662
ROAD_1532,LOC_0070,LOC_0020,Medium,0.977611676799274
ROAD_1533,LOC_0083,LOC_0087,Medium,0.977408410106093
ROAD_1534,LOC_0080,LOC_0017,High,0.858803962317436
ROAD_1535,LOC_0034,LOC_0091,High,0.9870776272916536
ROAD_1536,LOC_0095,LOC_0062,Medium,0.7338147989249636
ROAD_1537,LOC_0066,LOC_0032,High,0.9801919356745425
ROAD_1538,LOC_0032,LOC_0039,Low,0.8582302395931113
ROAD_1539,LOC_0036,LOC_0010,Low,0.9772842644304824
ROAD_1540,LOC_0026,LOC_0069,High,0.9856610075146117
ROAD_1541,LOC_0075,LOC_0043,Medium,0.9481542260498196
ROAD_1542,LOC_0018,LOC_0039,Medium,0.9888373370414515
ROAD_1543,LOC_0072,LOC_0053,Medium,0.957408410106093
ROAD_1544,LOC_0081,LOC_0016,Medium,0.9773573138816193
ROAD_1545,LOC_0018,LOC_0063,Medium,0.8744949289736758
ROAD_1546,LOC_0077,LOC_0022,Medium,0.992545419329847
ROAD_1547,LOC_0085,LOC_0019,Low,0.9757700420402593
ROAD_1548,LOC_0080,LOC_0099,Medium,0.90057329779889
ROAD_1549,LOC_0046,LOC_0056,High,0.9933333333333333
ROAD_1550,LOC_0093,LOC_0015,High,0.9873557470591392
ROAD_1551,LOC_0057,LOC_0060,Medium,0.9904529804254218
ROAD_1552,LOC_0049,LOC_0093,Medium,0.993897614716541
ROAD_1553,LOC_0035,LOC_0045,Medium,0.9987706255666364
ROAD_1554,LOC_0077,LOC_0018,Medium,0.9866698151649979
ROAD_1555,LOC_0038,LOC_0035,Low,0.9691011574288111
ROAD_1556,LOC_0017,LOC_0039,Medium,0.8042094651245042
ROAD_1557,LOC_0060,LOC_0007,Medium,0.9875456647451495
ROAD_1558,LOC_0041,LOC_0089,Medium,0.9054048674665663
ROAD_1559,LOC_0004,LOC_0053,Medium,0.9911034842965084
ROAD_1560,LOC_0027,LOC_0075,Medium,0.9853904477150828
ROAD_1561,LOC_0072,LOC_0006,High,0.9918687609817134
ROAD_1562,LOC_0053,LOC_0035,Critical,0.956118410185735
ROAD_1563,LOC_0037,LOC_0061,Low,0.9727843128901719
ROAD_1564,LOC_0063,LOC_0032,Low,0.98927772379647
ROAD_1565,LOC_0001,LOC_0085,Medium,0.9752833515639323
ROAD_1566,LOC_0028,LOC_0079,Medium,0.976395039496925
ROAD_1567,LOC_0053,LOC_0031,Medium,0.9249973761015603
ROAD_1568,LOC_0055,LOC_0056,Low,0.8918344323072618
ROAD_1569,LOC_0061,LOC_0029,High,0.9832548807138621
ROAD_1570,LOC_0047,LOC_0084,Medium,0.9903020297266625
ROAD_1571,LOC_0100,LOC_0048,Medium,0.9846317898566049
ROAD_1572,LOC_0055,LOC_0068,Low,0.9902763074565506
ROAD_1573,LOC_0085,LOC_0025,Medium,0.9880874469047931
ROAD_1574,LOC_0031,LOC_0046,Low,0.9007100051009729
ROAD_1575,LOC_0072,LOC_0015,Low,0.9497123769676538
ROAD_1576,LOC_0041,LOC_0036,Low,0.8848684974231571
ROAD_1577,LOC_0037,LOC_0023,High,1.0
ROAD_1578,LOC_0097,LOC_0008,Medium,0.9954081236525563
ROAD_1579,LOC_0053,LOC_0058,High,0.9133420752327701
ROAD_1580,LOC_0058,LOC_0045,High,0.9933974142376981
ROAD_1581,LOC_0046,LOC_0006,Medium,0.7077984590854685
ROAD_1582,LOC_0092,LOC_0047,Medium,0.9859501490091871
ROAD_1583,LOC_0067,LOC_0081,Medium,0.9928204737420052
ROAD_1584,LOC_0065,LOC_0005,Medium,0.7652893699149675
ROAD_1585,LOC_0072,LOC_0097,Medium,0.9888258697611195
ROAD_1586,LOC_0043,LOC_0069,Medium,0.974497634747158
ROAD_1587,LOC_0099,LOC_0095,High,0.8818147712795052
ROAD_1588,LOC_0052,LOC_0065,Medium,0.9898149037364128
ROAD_1589,LOC_0084,LOC_0100,Medium,0.9894660393990606
ROAD_1590,LOC_0025,LOC_0058,High,0.8641176822070298
ROAD_1591,LOC_0025,LOC_0074,High,0.98
ROAD_1592,LOC_0044,LOC_0046,Medium,0.9901673281967468
ROAD_1593,LOC_0037,LOC_0051,High,0.975660032029284
ROAD_1594,LOC_0092,LOC_0077,Medium,0.974497634747158
ROAD_1595,LOC_0034,LOC_0079,Medium,0.989991980631457
ROAD_1596,LOC_0073,LOC_0001,Medium,0.8002627587170343
ROAD_1597,LOC_0004,LOC_0012,High,0.9621478463585557
ROAD_1598,LOC_0081,LOC_0012,Medium,0.9322192484591783
ROAD_1599,LOC_0047,LOC_0017,Medium,0.9826994343670763
ROAD_1600,LOC_0019,LOC_0006,Low,0.9766335022200121
ROAD_1601,LOC_0072,LOC_0056,Medium,0.9537643605053214
ROAD_1602,LOC_0087,LOC_0078,Low,0.967803621293717
ROAD_1603,LOC_0017,LOC_0067,Medium,0.98
ROAD_1604,LOC_0097,LOC_0092,Medium,0.9895499863013733
ROAD_1605,LOC_0021,LOC_0008,Medium,0.9821706703747848
ROAD_1606,LOC_0015,LOC_0070,Medium,0.8821297719145197
ROAD_1607,LOC_0073,LOC_0045,Medium,0.9944044253753255
ROAD_1608,LOC_0099,LOC_0086,Medium,0.9985021303455894
ROAD_1609,LOC_0055,LOC_0011,Low,0.9783523800521181
ROAD_1610,LOC_0069,LOC_0061,Medium,0.9569041150058207
ROAD_1611,LOC_0073,LOC_0007,High,0.9927444109417869
ROAD_1612,LOC_0006,LOC_0008,Medium,0.9809816722660546
ROAD_1613,LOC_0005,LOC_0046,High,0.9933333333333333
ROAD_1614,LOC_0027,LOC_0020,Medium,0.898634735266453
ROAD_1615,LOC_0028,LOC_0080,Medium,0.9910982646191279
ROAD_1616,LOC_0031,LOC_0067,Medium,0.9911024088224015
ROAD_1617,LOC_0019,LOC_0018,Medium,0.9853189149074333
ROAD_1618,LOC_0011,LOC_0081,Medium,1.0
ROAD_1619,LOC_0029,LOC_0058,Medium,0.9018022136413754
ROAD_1620,LOC_0050,LOC_0056,Critical,0.9110358726320033
ROAD_1621,LOC_0021,LOC_0060,High,0.998744722853808
ROAD_1622,LOC_0072,LOC_0076,Medium,0.9983164481525626
ROAD_1623,LOC_0003,LOC_0022,Medium,0.9629664394066505
ROAD_1624,LOC_0100,LOC_0098,Medium,0.9850293943629477
ROAD_1625,LOC_0080,LOC_0031,High,0.9274912169448619
ROAD_1626,LOC_0010,LOC_0008,Low,0.9866024874099218
ROAD_1627,LOC_0048,LOC_0018,Medium,0.975910965377549
ROAD_1628,LOC_0037,LOC_0038,Low,0.920112603973296
ROAD_1629,LOC_0056,LOC_0080,Medium,0.9693748207612688
ROAD_1630,LOC_0028,LOC_0016,Low,0.9659654618636938
ROAD_1631,LOC_0031,LOC_0074,Low,0.9748108667806383
ROAD_1632,LOC_0045,LOC_0050,High,0.9802022531233505
ROAD_1633,LOC_0049,LOC_0011,High,0.9945885979156321
ROAD_1634,LOC_0085,LOC_0048,Low,0.949553577196771
ROAD_1635,LOC_0089,LOC_0019,High,0.9923276741812784
ROAD_1636,LOC_0095,LOC_0072,Medium,0.942924868248398
ROAD_1637,LOC_0052,LOC_0088,Medium,0.9823413770115712
ROAD_1638,LOC_0067,LOC_0089,Medium,0.9879360910568581
ROAD_1639,LOC_0025,LOC_0067,High,0.9878648001008954
ROAD_1640,LOC_0062,LOC_0048,Medium,0.9849447977723134
ROAD_1641,LOC_0054,LOC_0013,Medium,0.9866666666666667
ROAD_1642,LOC_0054,LOC_0030,Low,0.9964690033441513
ROAD_1643,LOC_0052,LOC_0080,High,0.9768797102692417
ROAD_1644,LOC_0036,LOC_0040,Medium,0.985570874918566
ROAD_1645,LOC_0097,LOC_0053,Low,0.9846652814165365
ROAD_1646,LOC_0015,LOC_0004,High,0.9954687505125094
ROAD_1647,LOC_0010,LOC_0047,Critical,0.804936247723133
ROAD_1648,LOC_0061,LOC_0039,Medium,1.0
ROAD_1649,LOC_0072,LOC_0081,Medium,0.9915821288429256
ROAD_1650,LOC_0088,LOC_0008,Low,0.9535772561015773
ROAD_1651,LOC_0015,LOC_0067,Medium,0.9906895769103846
ROAD_1652,LOC_0036,LOC_0066,Medium,0.9760690030761671
ROAD_1653,LOC_0005,LOC_0026,Low,0.681706265977702
ROAD_1654,LOC_0027,LOC_0062,Medium,0.990842962883977
ROAD_1655,LOC_0096,LOC_0040,Medium,0.9779696980891817
ROAD_1656,LOC_0034,LOC_0072,Medium,0.9625265459922654
ROAD_1657,LOC_0064,LOC_0015,High,0.9907600675290731
ROAD_1658,LOC_0022,LOC_0009,High,0.9860777442751203
ROAD_1659,LOC_0083,LOC_0026,High,0.9866666666666667
ROAD_1660,LOC_0045,LOC_0003,Low,0.9910481272430174
ROAD_1661,LOC_0100,LOC_0081,Medium,0.9941922713121611
ROAD_1662,LOC_0067,LOC_0002,High,0.9866666666666667
ROAD_1663,LOC_0073,LOC_0050,Critical,0.9991586756101509
ROAD_1664,LOC_0065,LOC_0012,Medium,0.9893497444404608
ROAD_1665,LOC_0065,LOC_0016,High,0.9757601179903274
ROAD_1666,LOC_0042,LOC_0022,Medium,0.9714740671675899
ROAD_1667,LOC_0042,LOC_0058,High,0.9833432824771946
ROAD_1668,LOC_0060,LOC_0005,Low,0.9867696347058675
ROAD_1669,LOC_0077,LOC_0076,Medium,0.9816012073799375
ROAD_1670,LOC_0051,LOC_0077,Medium,0.9535895478815223
ROAD_1671,LOC_0100,LOC_0046,Low,0.9966952583758419
ROAD_1672,LOC_0014,LOC_0093,High,0.9411975948265975
ROAD_1673,LOC_0065,LOC_0051,Medium,0.9792622833518836
ROAD_1674,LOC_0012,LOC_0079,Low,0.73361235299849
ROAD_1675,LOC_0019,LOC_0089,Medium,0.9240003269571272
ROAD_1676,LOC_0058,LOC_0006,Medium,1.0
ROAD_1677,LOC_0046,LOC_0067,Medium,1.0
ROAD_1678,LOC_0042,LOC_0051,High,0.9915278888240632
ROAD_1679,LOC_0009,LOC_0006,High,0.9757601179903274
ROAD_1680,LOC_0012,LOC_0027,Medium,0.9822736132281821
ROAD_1681,LOC_0065,LOC_0059,Medium,0.9802350471699501
ROAD_1682,LOC_0016,LOC_0037,Medium,1.0
ROAD_1683,LOC_0062,LOC_0035,Medium,0.9578396091800497
ROAD_1684,LOC_0008,LOC_0083,Critical,0.9879076350014149
ROAD_1685,LOC_0006,LOC_0064,Low,0.9388101953772426
ROAD_1686,LOC_0058,LOC_0072,High,0.9666666666666667
ROAD_1687,LOC_0064,LOC_0018,Medium,0.6175864126808223
ROAD_1688,LOC_0022,LOC_0007,High,0.96
ROAD_1689,LOC_0078,LOC_0077,Low,0.8951676541200906
ROAD_1690,LOC_0021,LOC_0086,Medium,0.9846650522969139
ROAD_1691,LOC_0019,LOC_0047,High,0.9940498509908128
ROAD_1692,LOC_0098,LOC_0081,Medium,0.9967202791330173
ROAD_1693,LOC_0099,LOC_0092,Medium,0.9875068348679995
ROAD_1694,LOC_0015,LOC_0086,Medium,0.9715343028577197
ROAD_1695,LOC_0005,LOC_0099,High,0.9306738485774463
ROAD_1696,LOC_0095,LOC_0038,Low,0.9294265283007184
ROAD_1697,LOC_0007,LOC_0062,Medium,0.9946012874094604
ROAD_1698,LOC_0018,LOC_0038,Low,0.9143054538028474
ROAD_1699,LOC_0054,LOC_0080,Critical,0.9256724228152798
ROAD_1700,LOC_0044,LOC_0072,Critical,0.9909793814192661
ROAD_1701,LOC_0075,LOC_0006,Medium,1.0
ROAD_1702,LOC_0075,LOC_0035,Low,0.9567233183527609
ROAD_1703,LOC_0043,LOC_0002,Low,0.8871179397100257
ROAD_1704,LOC_0022,LOC_0073,High,0.9837194127243069
ROAD_1705,LOC_0029,LOC_0045,High,0.6066754085661036
ROAD_1706,LOC_0071,LOC_0082,Medium,0.996478567238377
ROAD_1707,LOC_0054,LOC_0005,Low,0.9974850438429945
ROAD_1708,LOC_0050,LOC_0073,Medium,0.9415521664732754
ROAD_1709,LOC_0097,LOC_0082,Medium,0.9914767904524507
ROAD_1710,LOC_0010,LOC_0013,High,1.0
ROAD_1711,LOC_0028,LOC_0004,Low,0.9714136769205336
ROAD_1712,LOC_0037,LOC_0054,Low,0.9932613807062325
ROAD_1713,LOC_0007,LOC_0017,Medium,0.9995213554535828
ROAD_1714,LOC_0058,LOC_0068,Medium,0.9644226133979218
ROAD_1715,LOC_0061,LOC_0004,Low,0.8159771541258911
ROAD_1716,LOC_0021,LOC_0091,Low,0.8661479405578341
ROAD_1717,LOC_0071,LOC_0045,Medium,0.8438771465299894
ROAD_1718,LOC_0021,LOC_0064,Low,0.9999759581978377
ROAD_1719,LOC_0029,LOC_0025,Medium,0.820852493155206
ROAD_1720,LOC_0033,LOC_0006,Medium,0.9543756349365057
ROAD_1721,LOC_0062,LOC_0008,Medium,0.9888258697611195
ROAD_1722,LOC_0005,LOC_0003,Medium,0.9869653655525344
ROAD_1723,LOC_0065,LOC_0050,Medium,0.9954862431041801
ROAD_1724,LOC_0010,LOC_0033,Medium,0.9933333333333333
ROAD_1725,LOC_0097,LOC_0036,Low,0.8028320394284872
ROAD_1726,LOC_0057,LOC_0091,Medium,0.959547646052684
ROAD_1727,LOC_0011,LOC_0014,Medium,0.9923577494065517
ROAD_1728,LOC_0046,LOC_0033,Critical,0.9977448329219332
ROAD_1729,LOC_0001,LOC_0007,Medium,0.9941922713121611
ROAD_1730,LOC_0012,LOC_0049,Medium,0.9972168698197698
ROAD_1731,LOC_0008,LOC_0002,Medium,0.969016273563325
ROAD_1732,LOC_0037,LOC_0070,Medium,0.980067514815865
ROAD_1733,LOC_0053,LOC_0062,Critical,0.9309512151210992
ROAD_1734,LOC_0049,LOC_0041,Medium,0.9857190047237041
ROAD_1735,LOC_0072,LOC_0095,Medium,0.9696613541497316
ROAD_1736,LOC_0082,LOC_0038,High,0.96
ROAD_1737,LOC_0070,LOC_0074,High,0.9857856881628673
ROAD_1738,LOC_0047,LOC_0031,Medium,0.9943248350054926
ROAD_1739,LOC_0029,LOC_0071,High,0.9375958920255993
ROAD_1740,LOC_0010,LOC_0071,Medium,0.9886718716203367
ROAD_1741,LOC_0032,LOC_0078,Medium,0.9996697354961274
ROAD_1742,LOC_0041,LOC_0015,Medium,0.9983164481525626
ROAD_1743,LOC_0002,LOC_0044,Medium,0.9847686096324915
ROAD_1744,LOC_0064,LOC_0033,High,0.96
ROAD_1745,LOC_0060,LOC_0072,High,0.9544165243209208
ROAD_1746,LOC_0072,LOC_0004,Medium,0.9615263894813925
ROAD_1747,LOC_0022,LOC_0055,Medium,0.9866666666666667
ROAD_1748,LOC_0012,LOC_0077,Medium,0.8935508752511113
ROAD_1749,LOC_0093,LOC_0081,Low,0.9349073648910892
ROAD_1750,LOC_0091,LOC_0062,Critical,0.8585398655139289
ROAD_1751,LOC_0076,LOC_0022,Medium,0.987512682431905
ROAD_1752,LOC_0075,LOC_0041,High,0.8439541628056982
ROAD_1753,LOC_0041,LOC_0068,Low,0.9964690033441513
ROAD_1754,LOC_0032,LOC_0036,Low,0.7224668992165411
ROAD_1755,LOC_0018,LOC_0036,Medium,0.7620565476535016
ROAD_1756,LOC_0003,LOC_0051,Low,0.8961530569071265
ROAD_1757,LOC_0050,LOC_0055,Medium,0.9917100455510608
ROAD_1758,LOC_0084,LOC_0026,Medium,0.9326195339721678
ROAD_1759,LOC_0014,LOC_0031,High,0.773869717351178
ROAD_1760,LOC_0059,LOC_0047,Medium,0.9738862400660452
ROAD_1761,LOC_0090,LOC_0011,Medium,0.9941922713121611
ROAD_1762,LOC_0019,LOC_0058,Low,0.9380582484118811
ROAD_1763,LOC_0065,LOC_0025,Medium,0.9871851860246291
ROAD_1764,LOC_0095,LOC_0087,High,0.9605371783997738
ROAD_1765,LOC_0050,LOC_0060,Low,0.9553201679934623
ROAD_1766,LOC_0029,LOC_0090,Medium,0.9825813883604734
ROAD_1767,LOC_0024,LOC_0038,High,0.9927444109417869
ROAD_1768,LOC_0049,LOC_0044,Medium,0.9967624567612343
ROAD_1769,LOC_0091,LOC_0030,Medium,0.920025313850169
ROAD_1770,LOC_0063,LOC_0069,High,0.9256474122030769
ROAD_1771,LOC_0097,LOC_0016,High,0.789121856403353
ROAD_1772,LOC_0015,LOC_0030,Medium,0.9585986471541463
ROAD_1773,LOC_0064,LOC_0006,Medium,0.9915141758340041
ROAD_1774,LOC_0070,LOC_0052,Low,0.9920171780136392
ROAD_1775,LOC_0093,LOC_0038,High,0.9970527460576402
ROAD_1776,LOC_0096,LOC_0060,Low,0.9928753337677082
ROAD_1777,LOC_0100,LOC_0004,High,0.876355340593506
ROAD_1778,LOC_0095,LOC_0042,Low,0.9962918414388994
ROAD_1779,LOC_0070,LOC_0021,Medium,0.9856603298787328
ROAD_1780,LOC_0018,LOC_0029,Medium,1.0
ROAD_1781,LOC_0071,LOC_0037,High,0.974339136800725
ROAD_1782,LOC_0092,LOC_0068,Medium,0.9967202791330173
ROAD_1783,LOC_0006,LOC_0061,Medium,0.9006549893048141
ROAD_1784,LOC_0048,LOC_0046,Medium,0.9847686096324915
ROAD_1785,LOC_0031,LOC_0018,High,0.9867942619325997
ROAD_1786,LOC_0089,LOC_0100,Medium,0.978519058669776
ROAD_1787,LOC_0007,LOC_0065,Low,0.9865651408450704
ROAD_1788,LOC_0080,LOC_0006,Medium,0.9939898350744105
ROAD_1789,LOC_0029,LOC_0034,Medium,0.9261075526224984
ROAD_1790,LOC_0006,LOC_0047,Medium,0.9018943688043173
ROAD_1791,LOC_0086,LOC_0033,Medium,0.9740002248876158
ROAD_1792,LOC_0079,LOC_0082,Medium,0.9748594998701314
ROAD_1793,LOC_0100,LOC_0079,Medium,0.9998129500372445
ROAD_1794,LOC_0012,LOC_0020,Medium,0.9862958044073981
ROAD_1795,LOC_0002,LOC_0019,Critical,0.8792735974193677
ROAD_1796,LOC_0047,LOC_0096,Low,0.9004102943636179
ROAD_1797,LOC_0004,LOC_0083,Medium,0.9436350254035265
ROAD_1798,LOC_0067,LOC_0043,Medium,0.9922199772648359
ROAD_1799,LOC_0016,LOC_0081,Low,0.9379319237645664
ROAD_1800,LOC_0049,LOC_0038,High,0.9843669844430465
ROAD_1801,LOC_0017,LOC_0068,Medium,0.9386641463818175
ROAD_1802,LOC_0037,LOC_0031,Low,0.9764622649898176
ROAD_1803,LOC_0071,LOC_0036,High,0.9915992297889958
ROAD_1804,LOC_0061,LOC_0098,Medium,0.982994687483065
ROAD_1805,LOC_0022,LOC_0006,Medium,0.9756943931390735
ROAD_1806,LOC_0027,LOC_0043,Critical,0.9166332872159533
ROAD_1807,LOC_0059,LOC_0032,Low,0.9998744323762414
ROAD_1808,LOC_0074,LOC_0034,Medium,0.9933333333333333
ROAD_1809,LOC_0035,LOC_0068,Medium,0.9985021303455894
ROAD_1810,LOC_0077,LOC_0095,Medium,0.9933333333333333
ROAD_1811,LOC_0070,LOC_0024,Critical,0.9503317973270278
ROAD_1812,LOC_0041,LOC_0079,Medium,0.9982050889540109
ROAD_1813,LOC_0027,LOC_0039,Medium,0.9794093213629664
ROAD_1814,LOC_0099,LOC_0002,Critical,0.7266666666666667
ROAD_1815,LOC_0077,LOC_0054,High,0.9882476482099389
ROAD_1816,LOC_0080,LOC_0059,Low,0.8822294497826848
ROAD_1817,LOC_0005,LOC_0086,Medium,1.0
ROAD_1818,LOC_0084,LOC_0097,Medium,0.972379064719679
ROAD_1819,LOC_0074,LOC_0073,Low,0.8333730747220149
ROAD_1820,LOC_0078,LOC_0074,Low,0.9889425034526694
ROAD_1821,LOC_0016,LOC_0044,Low,0.9274040786933506
ROAD_1822,LOC_0085,LOC_0050,Medium,0.9847686096324915
ROAD_1823,LOC_0014,LOC_0100,High,0.997468661362242
ROAD_1824,LOC_0036,LOC_0083,High,0.9615328911636211
ROAD_1825,LOC_0029,LOC_0060,High,0.9726273973494839
ROAD_1826,LOC_0043,LOC_0080,High,0.992241461686544
ROAD_1827,LOC_0016,LOC_0025,Medium,0.9933333333333333
ROAD_1828,LOC_0085,LOC_0037,High,0.9949143148766055
ROAD_1829,LOC_0069,LOC_0098,High,0.9938388983916772
ROAD_1830,LOC_0044,LOC_0009,Medium,0.9353249472362669
ROAD_1831,LOC_0027,LOC_0018,High,0.9466666666666667
ROAD_1832,LOC_0074,LOC_0069,Medium,0.5170812967088875
ROAD_1833,LOC_0089,LOC_0062,Medium,0.9841087668709205
ROAD_1834,LOC_0004,LOC_0030,Medium,0.9943248350054926
ROAD_1835,LOC_0035,LOC_0048,Medium,0.9595969077412483
ROAD_1836,LOC_0081,LOC_0010,High,0.9970527460576402
ROAD_1837,LOC_0075,LOC_0029,High,0.9921713208016866
ROAD_1838,LOC_0011,LOC_0004,Medium,0.9578193836978054
ROAD_1839,LOC_0050,LOC_0023,Medium,0.9940005490152121
ROAD_1840,LOC_0074,LOC_0096,High,0.998590133619965
ROAD_1841,LOC_0086,LOC_0100,Medium,0.9479577152272142
ROAD_1842,LOC_0066,LOC_0020,Medium,0.8464693031257415
ROAD_1843,LOC_0003,LOC_0050,Medium,0.9980420296231969
ROAD_1844,LOC_0031,LOC_0084,Medium,0.9773573138816193
ROAD_1845,LOC_0092,LOC_0032,Medium,0.9933333333333333
ROAD_1846,LOC_0012,LOC_0042,Medium,0.9838571313128945
ROAD_1847,LOC_0091,LOC_0044,Medium,0.9875456647451495
ROAD_1848,LOC_0097,LOC_0066,Medium,0.9829934000070378
ROAD_1849,LOC_0035,LOC_0043,Medium,0.9769804753848752
ROAD_1850,LOC_0072,LOC_0100,Low,0.9696435501894187
ROAD_1851,LOC_0098,LOC_0074,High,0.9186247605165553
ROAD_1852,LOC_0048,LOC_0063,High,0.9822624382306518
ROAD_1853,LOC_0053,LOC_0075,Medium,0.9971665541517987
ROAD_1854,LOC_0048,LOC_0084,Medium,0.9733214034779712
ROAD_1855,LOC_0039,LOC_0073,Low,0.9925347642951937
ROAD_1856,LOC_0029,LOC_0096,Medium,1.0
ROAD_1857,LOC_0002,LOC_0021,Low,0.8916534394100551
ROAD_1858,LOC_0070,LOC_0066,Medium,0.9615090747596141
ROAD_1859,LOC_0027,LOC_0040,Medium,0.9744013085034974
ROAD_1860,LOC_0005,LOC_0010,Low,0.8751575025707814
ROAD_1861,LOC_0081,LOC_0083,Low,0.9042614139868785
ROAD_1862,LOC_0097,LOC_0068,High,0.9802022531233505
ROAD_1863,LOC_0075,LOC_0044,Medium,0.9985637621804829
ROAD_1864,LOC_0057,LOC_0097,Medium,0.8386495639514856
ROAD_1865,LOC_0085,LOC_0078,High,0.66
ROAD_1866,LOC_0063,LOC_0088,Medium,0.9974094946986342
ROAD_1867,LOC_0052,LOC_0084,High,0.691606473685517
ROAD_1868,LOC_0035,LOC_0050,High,0.9567300597371118
ROAD_1869,LOC_0070,LOC_0017,Medium,0.8717047333458625
ROAD_1870,LOC_0040,LOC_0087,Low,0.9961180479605752
ROAD_1871,LOC_0003,LOC_0046,Medium,0.9610970187324621
ROAD_1872,LOC_0068,LOC_0095,Medium,0.9573659673659672
ROAD_1873,LOC_0046,LOC_0039,Medium,0.9715493983682368
ROAD_1874,LOC_0012,LOC_0059,High,0.8870795265658283
ROAD_1875,LOC_0055,LOC_0028,Medium,1.0
ROAD_1876,LOC_0058,LOC_0059,High,0.9848011414961066
ROAD_1877,LOC_0051,LOC_0081,Medium,0.9818390804909999
ROAD_1878,LOC_0018,LOC_0064,Medium,0.9953473966524693
ROAD_1879,LOC_0031,LOC_0014,Medium,0.9634888838684219
ROAD_1880,LOC_0069,LOC_0070,High,0.974664277234128
ROAD_1881,LOC_0008,LOC_0081,Medium,0.9856133809745742
ROAD_1882,LOC_0092,LOC_0099,High,0.9922510919755397
ROAD_1883,LOC_0019,LOC_0028,Medium,0.9331234053183134
ROAD_1884,LOC_0051,LOC_0077,Medium,0.9483670019087055
ROAD_1885,LOC_0058,LOC_0097,Medium,0.5271824789761204
ROAD_1886,LOC_0091,LOC_0087,Low,0.8633899850194275
ROAD_1887,LOC_0005,LOC_0088,Medium,0.9730861223108349
ROAD_1888,LOC_0084,LOC_0035,Low,0.9731621210755592
ROAD_1889,LOC_0029,LOC_0047,Low,0.775940913823084
ROAD_1890,LOC_0046,LOC_0055,Medium,0.9402476601440075
ROAD_1891,LOC_0069,LOC_0018,High,0.9772005198643137
ROAD_1892,LOC_0040,LOC_0078,Low,0.9998012981803136
ROAD_1893,LOC_0019,LOC_0036,Medium,0.9747887208835023
ROAD_1894,LOC_0076,LOC_0003,Medium,0.9876988642417268
ROAD_1895,LOC_0059,LOC_0002,Critical,0.9991586756101509
ROAD_1896,LOC_0071,LOC_0025,High,0.9191280838965289
ROAD_1897,LOC_0092,LOC_0060,Medium,0.9112421554222385
ROAD_1898,LOC_0038,LOC_0023,Medium,0.9773947416545693
ROAD_1899,LOC_0059,LOC_0035,Medium,0.7744636903050196
ROAD_1900,LOC_0042,LOC_0026,High,0.9481057354871854
ROAD_1901,LOC_0092,LOC_0008,High,0.9740224137258059
ROAD_1902,LOC_0056,LOC_0004,Medium,0.980785010736203
ROAD_1903,LOC_0025,LOC_0097,High,0.9849025077046436
ROAD_1904,LOC_0075,LOC_0062,Medium,0.9571761765930863
ROAD_1905,LOC_0011,LOC_0056,High,0.9821478463585559
ROAD_1906,LOC_0053,LOC_0035,Low,0.9988795813660325
ROAD_1907,LOC_0054,LOC_0077,Medium,0.9986522482407666
ROAD_1908,LOC_0097,LOC_0061,Low,0.9935844357719308
ROAD_1909,LOC_0092,LOC_0059,Critical,0.949726230301394
ROAD_1910,LOC_0056,LOC_0059,Low,0.9506931808616453
ROAD_1911,LOC_0023,LOC_0005,Low,0.9981962285141421
ROAD_1912,LOC_0037,LOC_0047,Medium,0.9882386131434976
ROAD_1913,LOC_0069,LOC_0015,Medium,0.8580998333601659
ROAD_1914,LOC_0036,LOC_0096,High,0.9859349196116721
ROAD_1915,LOC_0065,LOC_0100,Medium,0.9675333622254876
ROAD_1916,LOC_0039,LOC_0059,Medium,0.98835901198337
ROAD_1917,LOC_0062,LOC_0071,Low,0.9999280473728991
ROAD_1918,LOC_0043,LOC_0080,High,0.9007399422547628
ROAD_1919,LOC_0015,LOC_0080,High,0.9489933653626172
ROAD_1920,LOC_0093,LOC_0081,Medium,0.9814380175515544
ROAD_1921,LOC_0017,LOC_0029,Medium,0.98
ROAD_1922,LOC_0027,LOC_0046,High,0.992760243193233
ROAD_1923,LOC_0003,LOC_0080,Low,0.7823573997541573
ROAD_1924,LOC_0032,LOC_0034,Critical,0.9447488590311334
ROAD_1925,LOC_0006,LOC_0014,High,0.9915438708551757
ROAD_1926,LOC_0091,LOC_0039,Medium,0.9341514660494468
ROAD_1927,LOC_0081,LOC_0011,Medium,0.8796655499615931
ROAD_1928,LOC_0052,LOC_0068,Medium,0.9494442824507409
ROAD_1929,LOC_0066,LOC_0057,High,0.9540135204991189
ROAD_1930,LOC_0091,LOC_0017,Low,0.9509706756944564
ROAD_1931,LOC_0078,LOC_0043,High,0.9384774554989298
ROAD_1932,LOC_0066,LOC_0022,Low,0.9813880968858401
ROAD_1933,LOC_0073,LOC_0017,High,0.9933333333333333
ROAD_1934,LOC_0005,LOC_0056,Low,0.9864982227941225
ROAD_1935,LOC_0075,LOC_0074,Medium,0.9756829402299917
ROAD_1936,LOC_0012,LOC_0050,Medium,0.9874652357048064
ROAD_1937,LOC_0053,LOC_0088,Low,0.986293401866683
ROAD_1938,LOC_0027,LOC_0050,Medium,0.996680744896771
ROAD_1939,LOC_0023,LOC_0082,High,0.9386765188139695
ROAD_1940,LOC_0086,LOC_0092,Critical,0.9166346660130422
ROAD_1941,LOC_0073,LOC_0023,High,0.9933802348886197
ROAD_1942,LOC_0003,LOC_0023,Medium,0.9682790858524235
ROAD_1943,LOC_0091,LOC_0041,Low,0.9609902414834814
ROAD_1944,LOC_0038,LOC_0003,Medium,0.9664351118248341
ROAD_1945,LOC_0025,LOC_0095,High,0.9854993437466425
ROAD_1946,LOC_0100,LOC_0060,High,0.9565409796245621
ROAD_1947,LOC_0084,LOC_0008,Medium,0.9664997458176265
ROAD_1948,LOC_0018,LOC_0046,Low,0.9686116597865312
ROAD_1949,LOC_0024,LOC_0036,Low,0.9646588635256276
ROAD_1950,LOC_0093,LOC_0088,Medium,0.9719240629113836
ROAD_1951,LOC_0061,LOC_0096,High,0.88
ROAD_1952,LOC_0092,LOC_0048,Low,0.9203764098407797
ROAD_1953,LOC_0005,LOC_0034,High,0.9564660539741768
ROAD_1954,LOC_0007,LOC_0067,Medium,1.0
ROAD_1955,LOC_0085,LOC_0043,High,0.9848612221573965
ROAD_1956,LOC_0084,LOC_0039,Medium,0.6937917590715658
ROAD_1957,LOC_0003,LOC_0012,Medium,0.9954081236525563
ROAD_1958,LOC_0059,LOC_0075,Medium,0.9888216129862967
ROAD_1959,LOC_0089,LOC_0043,Critical,0.88
ROAD_1960,LOC_0058,LOC_0016,Medium,0.9565784127240219
ROAD_1961,LOC_0080,LOC_0078,Medium,0.9973528198307702
ROAD_1962,LOC_0020,LOC_0065,Medium,0.9877085511341919
ROAD_1963,LOC_0026,LOC_0037,High,0.9989177586422063
ROAD_1964,LOC_0002,LOC_0086,High,0.9834782083369663
ROAD_1965,LOC_0023,LOC_0100,Medium,0.8681381293214356
ROAD_1966,LOC_0088,LOC_0015,Medium,0.9764016558751725
ROAD_1967,LOC_0026,LOC_0061,Medium,0.9834527280859887
ROAD_1968,LOC_0048,LOC_0005,Medium,0.9910603962856395
ROAD_1969,LOC_0021,LOC_0030,Medium,0.8618056540868823
ROAD_1970,LOC_0046,LOC_0073,High,0.9329843843427958
ROAD_1971,LOC_0076,LOC_0019,Low,0.9698537461857747
ROAD_1972,LOC_0011,LOC_0002,Medium,0.9957733494099269
ROAD_1973,LOC_0086,LOC_0072,Medium,0.9454389206933831
ROAD_1974,LOC_0029,LOC_0007,High,0.9994110776084536
ROAD_1975,LOC_0086,LOC_0079,High,0.9987766168826359
ROAD_1976,LOC_0094,LOC_0046,Medium,0.6980806124598938
ROAD_1977,LOC_0093,LOC_0089,Low,0.9998744323762414
ROAD_1978,LOC_0093,LOC_0086,High,0.9639243345296852
ROAD_1979,LOC_0003,LOC_0089,Medium,1.0
ROAD_1980,LOC_0077,LOC_0065,Medium,0.9861057473541935
ROAD_1981,LOC_0035,LOC_0010,Medium,0.9697908125522842
ROAD_1982,LOC_0095,LOC_0052,Low,0.9798744323762414
ROAD_1983,LOC_0077,LOC_0019,Medium,0.9592759725307367
ROAD_1984,LOC_0097,LOC_0048,Medium,0.9726168156758538
ROAD_1985,LOC_0027,LOC_0075,Medium,0.9173558619342916
ROAD_1986,LOC_0017,LOC_0094,High,0.9860777442751203
ROAD_1987,LOC_0054,LOC_0061,Low,0.9658164238917698
ROAD_1988,LOC_0097,LOC_0056,Medium,0.9816309763580958
ROAD_1989,LOC_0025,LOC_0098,Medium,0.9784628380986585
ROAD_1990,LOC_0058,LOC_0030,Low,0.9864954544088925
ROAD_1991,LOC_0072,LOC_0090,Medium,0.9876856865195058
ROAD_1992,LOC_0033,LOC_0090,Low,0.96182730561115
ROAD_1993,LOC_0087,LOC_0096,Low,0.9675033647503375
ROAD_1994,LOC_0053,LOC_0077,Medium,0.9927135125971809
ROAD_1995,LOC_0094,LOC_0019,Medium,0.970639828647229
ROAD_1996,LOC_0026,LOC_0098,Medium,0.981950018230599
ROAD_1997,LOC_0019,LOC_0002,Medium,0.9843037421759039
ROAD_1998,LOC_0098,LOC_0047,Medium,0.9882923428469819
ROAD_1999,LOC_0087,LOC_0052,Critical,0.9866666666666667
ROAD_2000,LOC_0019,LOC_0076,Critical,0.9844114995885999
ROAD_2001,LOC_0046,LOC_0087,Medium,0.8521565816153799
ROAD_2002,LOC_0100,LOC_0091,High,0.9723430388411147
ROAD_2003,LOC_0020,LOC_0045,Low,0.9949071360261157
ROAD_2004,LOC_0014,LOC_0041,Medium,0.8888208875935538
ROAD_2005,LOC_0060,LOC_0074,High,0.9733333333333334
ROAD_2006,LOC_0008,LOC_0083,Medium,0.9888807551966935
ROAD_2007,LOC_0008,LOC_0048,Medium,0.9733333333333334
ROAD_2008,LOC_0061,LOC_0094,Medium,0.6676442052385518
ROAD_2009,LOC_0099,LOC_0029,Medium,0.9787706255666364
ROAD_2010,LOC_0027,LOC_0067,Low,0.8687272906275102
ROAD_2011,LOC_0073,LOC_0009,Medium,0.987352675195436
ROAD_2012,LOC_0018,LOC_0001,Low,0.8480718804802965
ROAD_2013,LOC_0070,LOC_0010,High,0.8919306418219461
ROAD_2014,LOC_0007,LOC_0074,High,0.9695265338475455
ROAD_2015,LOC_0039,LOC_0033,Medium,0.9971904646462278
ROAD_2016,LOC_0029,LOC_0018,Medium,0.9924395029479418
ROAD_2017,LOC_0087,LOC_0061,Medium,0.9901926996479524
ROAD_2018,LOC_0067,LOC_0041,Medium,1.0
ROAD_2019,LOC_0039,LOC_0098,High,0.992760243193233
ROAD_2020,LOC_0075,LOC_0017,High,0.8160892408431139
ROAD_2021,LOC_0056,LOC_0050,High,0.9499051801049717
ROAD_2022,LOC_0006,LOC_0083,Medium,0.6058613112841272
ROAD_2023,LOC_0094,LOC_0095,High,0.9733333333333334
ROAD_2024,LOC_0036,LOC_0042,High,0.9933333333333333
ROAD_2025,LOC_0035,LOC_0074,Medium,0.9803068997632866
ROAD_2026,LOC_0092,LOC_0003,Medium,0.9773957705920899
ROAD_2027,LOC_0051,LOC_0090,High,0.9695723389725865
ROAD_2028,LOC_0073,LOC_0055,Medium,0.9980420296231969
ROAD_2029,LOC_0030,LOC_0039,Medium,0.9642234468477792
ROAD_2030,LOC_0083,LOC_0059,Medium,0.8924709905622622
ROAD_2031,LOC_0093,LOC_0009,Medium,0.9922199772648359
ROAD_2032,LOC_0063,LOC_0006,Medium,0.9930801397099053
ROAD_2033,LOC_0009,LOC_0017,Low,0.9930836084721636
ROAD_2034,LOC_0031,LOC_0083,Medium,0.9919513176217115
ROAD_2035,LOC_0019,LOC_0097,Medium,1.0
ROAD_2036,LOC_0091,LOC_0019,Medium,0.9915821288429256
ROAD_2037,LOC_0073,LOC_0088,Medium,0.9465716538217986
ROAD_2038,LOC_0078,LOC_0064,Low,0.9255562495885745
ROAD_2039,LOC_0032,LOC_0015,Medium,0.9958321016084707
ROAD_2040,LOC_0078,LOC_0041,Medium,0.9974094946986342
ROAD_2041,LOC_0021,LOC_0053,Medium,0.9714740671675899
ROAD_2042,LOC_0036,LOC_0056,High,0.9710156082959162
ROAD_2043,LOC_0078,LOC_0051,Medium,1.0
ROAD_2044,LOC_0072,LOC_0014,Medium,0.9615970553595387
ROAD_2045,LOC_0037,LOC_0022,High,0.9891308022447814
ROAD_2046,LOC_0038,LOC_0098,High,0.9945314667675621
ROAD_2047,LOC_0060,LOC_0054,Medium,0.9955477006152577
ROAD_2048,LOC_0080,LOC_0064,Medium,0.9650414182170336
ROAD_2049,LOC_0071,LOC_0039,Medium,0.9971761765930862
ROAD_2050,LOC_0086,LOC_0048,Medium,0.9862608530523111
ROAD_2051,LOC_0041,LOC_0079,Low,0.9999759581978377
ROAD_2052,LOC_0084,LOC_0079,Low,0.9696798735938766
ROAD_2053,LOC_0032,LOC_0088,Medium,0.9507680665909951
ROAD_2054,LOC_0059,LOC_0025,Medium,0.9757160647893898
ROAD_2055,LOC_0056,LOC_0047,Medium,0.9908542464314375
ROAD_2056,LOC_0038,LOC_0076,High,0.7115604450274424
ROAD_2057,LOC_0098,LOC_0026,Medium,0.6471710708450609
ROAD_2058,LOC_0022,LOC_0091,Critical,0.9574233637761483
ROAD_2059,LOC_0027,LOC_0020,High,0.9542927615791583
ROAD_2060,LOC_0080,LOC_0034,Low,0.9932662178063163
ROAD_2061,LOC_0050,LOC_0092,Medium,0.9858787526631803
ROAD_2062,LOC_0018,LOC_0022,Medium,0.9976901812344562
ROAD_2063,LOC_0098,LOC_0051,Medium,0.9792438325933426
ROAD_2064,LOC_0025,LOC_0069,Medium,0.9966879096053815
ROAD_2065,LOC_0095,LOC_0021,Medium,0.9861669654266291
ROAD_2066,LOC_0062,LOC_0060,Low,0.9506077179927265
ROAD_2067,LOC_0057,LOC_0080,Medium,0.9938517504726544
ROAD_2068,LOC_0016,LOC_0053,Medium,0.9953760760735473
ROAD_2069,LOC_0011,LOC_0019,Medium,0.9815719464768309
ROAD_2070,LOC_0050,LOC_0042,High,0.9566766158105279
ROAD_2071,LOC_0093,LOC_0012,High,0.8922506809902184
ROAD_2072,LOC_0094,LOC_0084,Critical,0.9746544146162422
ROAD_2073,LOC_0035,LOC_0051,Medium,0.9985637621804829
ROAD_2074,LOC_0041,LOC_0011,High,0.9853431854806362
ROAD_2075,LOC_0086,LOC_0100,Medium,0.9744292281551857
ROAD_2076,LOC_0001,LOC_0072,High,0.9208072133235705
ROAD_2077,LOC_0085,LOC_0079,Critical,0.8790948185012527
ROAD_2078,LOC_0045,LOC_0079,Medium,0.7197846558879997
ROAD_2079,LOC_0100,LOC_0021,Medium,0.9946012874094604
ROAD_2080,LOC_0061,LOC_0095,Medium,0.9794277184399521
ROAD_2081,LOC_0007,LOC_0084,Medium,0.9895358661202942
ROAD_2082,LOC_0005,LOC_0038,Medium,0.8995439026158382
ROAD_2083,LOC_0013,LOC_0068,Medium,0.9972168698197698
ROAD_2084,LOC_0095,LOC_0050,High,0.9800978652360524
ROAD_2085,LOC_0046,LOC_0073,Low,0.9665074871504851
ROAD_2086,LOC_0021,LOC_0029,Medium,0.9841422063662604
ROAD_2087,LOC_0097,LOC_0042,Medium,0.7828797174360776
ROAD_2088,LOC_0053,LOC_0028,Medium,0.9118218285713672
ROAD_2089,LOC_0032,LOC_0056,High,0.9859844404951347
ROAD_2090,LOC_0047,LOC_0007,Medium,0.96
ROAD_2091,LOC_0088,LOC_0082,Medium,0.9960327677004096
ROAD_2092,LOC_0100,LOC_0040,Medium,0.9927724140208602
ROAD_2093,LOC_0066,LOC_0058,Medium,0.9907428280319676
ROAD_2094,LOC_0053,LOC_0091,Medium,0.9915670129725254
ROAD_2095,LOC_0064,LOC_0038,Medium,0.6584745690711996
ROAD_2096,LOC_0039,LOC_0026,Medium,0.8555649693622267
ROAD_2097,LOC_0039,LOC_0083,High,0.9897439373377775
ROAD_2098,LOC_0035,LOC_0053,High,0.9334114732905838
ROAD_2099,LOC_0049,LOC_0042,High,0.9533333333333334
ROAD_2100,LOC_0063,LOC_0005,Medium,0.9941793490985718
ROAD_2101,LOC_0018,LOC_0084,Medium,0.9974094946986342
ROAD_2102,LOC_0025,LOC_0023,Medium,0.9910091059089651
ROAD_2103,LOC_0065,LOC_0016,Critical,0.9787906725111775
ROAD_2104,LOC_0028,LOC_0049,Low,0.9670981457512482
ROAD_2105,LOC_0092,LOC_0024,Medium,1.0
ROAD_2106,LOC_0097,LOC_0001,Low,0.9608633102355566
ROAD_2107,LOC_0021,LOC_0040,Low,0.845968009512827
ROAD_2108,LOC_0081,LOC_0043,High,0.9861190087295088
ROAD_2109,LOC_0064,LOC_0078,Low,0.9981962285141421
ROAD_2110,LOC_0011,LOC_0008,Medium,0.9907428280319676
ROAD_2111,LOC_0006,LOC_0061,Medium,0.9864006826735364
ROAD_2112,LOC_0036,LOC_0035,Medium,0.9922199772648359
ROAD_2113,LOC_0087,LOC_0009,Medium,0.6985720236469902
ROAD_2114,LOC_0002,LOC_0069,Medium,0.9929547692491699
ROAD_2115,LOC_0081,LOC_0069,Medium,0.987508539520879
ROAD_2116,LOC_0042,LOC_0051,High,0.9925798947985853
ROAD_2117,LOC_0065,LOC_0073,Low,0.9894420523379736
ROAD_2118,LOC_0038,LOC_0047,Medium,0.9876488213389343
ROAD_2119,LOC_0044,LOC_0055,Critical,0.7707573095009596
ROAD_2120,LOC_0069,LOC_0054,Medium,0.9574607906290957
ROAD_2121,LOC_0064,LOC_0038,Medium,0.9901736215203529
ROAD_2122,LOC_0006,LOC_0053,Medium,0.9940005490152121
ROAD_2123,LOC_0025,LOC_0021,High,0.9898388523378133
ROAD_2124,LOC_0079,LOC_0046,Medium,0.9673327217158876
ROAD_2125,LOC_0097,LOC_0048,Medium,0.8918548438236299
ROAD_2126,LOC_0095,LOC_0053,Medium,0.9430390223847831
ROAD_2127,LOC_0029,LOC_0048,Medium,0.9874652357048064
ROAD_2128,LOC_0048,LOC_0090,Low,0.7961176914663555
ROAD_2129,LOC_0049,LOC_0081,Medium,0.859931518846125
ROAD_2130,LOC_0017,LOC_0037,Medium,0.9862881025825032
ROAD_2131,LOC_0019,LOC_0041,Medium,0.9815719464768309
ROAD_2132,LOC_0008,LOC_0011,High,0.9663250079610413
ROAD_2133,LOC_0079,LOC_0067,Medium,0.9918354636789227
ROAD_2134,LOC_0077,LOC_0006,Critical,0.9666666666666667
ROAD_2135,LOC_0034,LOC_0096,Medium,0.9801098683246721
ROAD_2136,LOC_0026,LOC_0015,High,0.9072033769200262
ROAD_2137,LOC_0077,LOC_0047,High,0.9684819668842605
ROAD_2138,LOC_0005,LOC_0072,Medium,0.8943047994958399
ROAD_2139,LOC_0079,LOC_0025,Medium,0.9719429109241412
ROAD_2140,LOC_0087,LOC_0001,Low,0.9428238059041201
ROAD_2141,LOC_0082,LOC_0077,Low,0.5738920655342948
ROAD_2142,LOC_0068,LOC_0073,Medium,0.9973659673659673
ROAD_2143,LOC_0099,LOC_0013,High,0.9926957188513298
ROAD_2144,LOC_0002,LOC_0032,Low,0.9747062244532159
ROAD_2145,LOC_0097,LOC_0033,Low,0.9364711293795619
ROAD_2146,LOC_0005,LOC_0099,Medium,0.9799355157843886
ROAD_2147,LOC_0045,LOC_0075,High,0.9721713208016866
ROAD_2148,LOC_0011,LOC_0092,Medium,0.9796147108301784
ROAD_2149,LOC_0066,LOC_0093,Critical,0.9751114800678552
ROAD_2150,LOC_0094,LOC_0048,Medium,0.9864796167039112
ROAD_2151,LOC_0031,LOC_0092,Medium,0.9747753293517409
ROAD_2152,LOC_0015,LOC_0086,Low,0.9960608081797017
ROAD_2153,LOC_0028,LOC_0031,Medium,0.9508354511329234
ROAD_2154,LOC_0091,LOC_0092,Medium,0.9984855930310474
ROAD_2155,LOC_0019,LOC_0046,Medium,0.8545763257506087
ROAD_2156,LOC_0081,LOC_0087,High,0.6333563889066745
ROAD_2157,LOC_0043,LOC_0026,Medium,0.9830264901528042
ROAD_2158,LOC_0043,LOC_0052,Medium,0.9682149057610113
ROAD_2159,LOC_0023,LOC_0047,Critical,0.9656724228152799
ROAD_2160,LOC_0100,LOC_0028,High,0.9772005198643137
ROAD_2161,LOC_0043,LOC_0012,Low,0.9523052121965645
ROAD_2162,LOC_0024,LOC_0017,Medium,0.9905920504701158
ROAD_2163,LOC_0062,LOC_0081,Medium,0.7924752456707128
ROAD_2164,LOC_0069,LOC_0067,Medium,0.9787237810484161
ROAD_2165,LOC_0061,LOC_0079,Low,0.8007328332622556
ROAD_2166,LOC_0064,LOC_0070,High,0.92
ROAD_2167,LOC_0039,LOC_0031,High,0.9591389220839914
ROAD_2168,LOC_0001,LOC_0062,Medium,0.9931462833705778
ROAD_2169,LOC_0055,LOC_0085,Medium,0.8583190499486313
ROAD_2170,LOC_0049,LOC_0089,Critical,0.9497561135011339
ROAD_2171,LOC_0082,LOC_0080,Critical,0.8650989396961851
ROAD_2172,LOC_0001,LOC_0061,Low,0.9977371641876135
ROAD_2173,LOC_0067,LOC_0012,Medium,0.9875456647451495
ROAD_2174,LOC_0007,LOC_0032,High,0.9872257807108349
ROAD_2175,LOC_0001,LOC_0083,Medium,0.96549404923471
ROAD_2176,LOC_0029,LOC_0079,High,0.9729792064814361
ROAD_2177,LOC_0071,LOC_0040,High,0.9517978425464457
ROAD_2178,LOC_0099,LOC_0012,High,0.9843489416292496
ROAD_2179,LOC_0096,LOC_0097,Low,0.9798984741784037
ROAD_2180,LOC_0098,LOC_0063,Medium,0.9758249790641662
ROAD_2181,LOC_0026,LOC_0028,Medium,0.919516577540107
ROAD_2182,LOC_0034,LOC_0059,Medium,0.9416923453167033
ROAD_2183,LOC_0010,LOC_0075,High,0.9834743994664168
ROAD_2184,LOC_0035,LOC_0002,High,0.9867793862394095
ROAD_2185,LOC_0061,LOC_0050,High,0.9831327206408434
ROAD_2186,LOC_0096,LOC_0022,Medium,0.9874652357048064
ROAD_2187,LOC_0035,LOC_0031,Low,0.8533067983517438
ROAD_2188,LOC_0091,LOC_0085,Medium,0.9946012874094604
ROAD_2189,LOC_0065,LOC_0020,Medium,0.9629664394066505
ROAD_2190,LOC_0009,LOC_0092,Medium,0.9584911995470649
ROAD_2191,LOC_0030,LOC_0089,Low,0.9361933313336496
ROAD_2192,LOC_0001,LOC_0011,Low,0.9874944608822265
ROAD_2193,LOC_0007,LOC_0068,Low,0.5669036343029832
ROAD_2194,LOC_0068,LOC_0047,Medium,0.9376762923124661
ROAD_2195,LOC_0066,LOC_0062,Medium,0.9833474115634377
ROAD_2196,LOC_0029,LOC_0020,Medium,0.991494325077792
ROAD_2197,LOC_0013,LOC_0064,High,0.9873831843241461
ROAD_2198,LOC_0016,LOC_0089,High,0.9945314667675621
ROAD_2199,LOC_0053,LOC_0036,Medium,0.9995213554535828
ROAD_2200,LOC_0043,LOC_0053,High,0.918964943270575
ROAD_2201,LOC_0075,LOC_0046,High,0.9903860793909735
ROAD_2202,LOC_0074,LOC_0005,High,0.9885171568133505
ROAD_2203,LOC_0042,LOC_0041,Low,0.795185088830957
ROAD_2204,LOC_0100,LOC_0092,Low,0.9855702898348617
ROAD_2205,LOC_0061,LOC_0003,Critical,0.9933333333333333
ROAD_2206,LOC_0084,LOC_0026,High,0.9792161966738974
ROAD_2207,LOC_0063,LOC_0027,Medium,0.9554503428804452
ROAD_2208,LOC_0014,LOC_0069,High,0.98
ROAD_2209,LOC_0001,LOC_0045,High,0.9873831843241461
ROAD_2210,LOC_0033,LOC_0016,Low,0.9863971233164195
ROAD_2211,LOC_0009,LOC_0022,High,0.999357857946804
ROAD_2212,LOC_0031,LOC_0077,Medium,0.8550071256087362
ROAD_2213,LOC_0069,LOC_0077,Medium,0.9985021303455894
ROAD_2214,LOC_0071,LOC_0034,High,0.9659326928916645
ROAD_2215,LOC_0081,LOC_0075,Low,0.9665596336656374
ROAD_2216,LOC_0053,LOC_0039,Low,0.9980552720587184
ROAD_2217,LOC_0059,LOC_0052,High,0.9822980959501982
ROAD_2218,LOC_0020,LOC_0079,Low,0.7295997631786203
ROAD_2219,LOC_0018,LOC_0060,Medium,0.9481757414262808
ROAD_2220,LOC_0080,LOC_0021,Medium,0.9965715913181704
ROAD_2221,LOC_0007,LOC_0031,High,0.9
ROAD_2222,LOC_0062,LOC_0063,Low,0.7400871281939201
ROAD_2223,LOC_0100,LOC_0091,Low,0.9907477639062275
ROAD_2224,LOC_0031,LOC_0095,High,0.9607881958880711
ROAD_2225,LOC_0072,LOC_0022,High,0.9893254675112236
ROAD_2226,LOC_0061,LOC_0024,High,0.8276887099301888
ROAD_2227,LOC_0075,LOC_0020,Medium,0.9649279589737538
ROAD_2228,LOC_0002,LOC_0099,High,0.9419973128858449
ROAD_2229,LOC_0083,LOC_0088,Medium,0.9983164481525626
ROAD_2230,LOC_0042,LOC_0050,High,0.9651715219635643
ROAD_2231,LOC_0058,LOC_0004,High,0.7017792429237805
ROAD_2232,LOC_0038,LOC_0062,Medium,0.9933333333333333
ROAD_2233,LOC_0021,LOC_0001,Medium,0.9828617138010968
ROAD_2234,LOC_0096,LOC_0041,Critical,0.9233242451775798
ROAD_2235,LOC_0070,LOC_0008,Medium,0.923833806349117
ROAD_2236,LOC_0020,LOC_0005,Critical,0.9799040258625045
ROAD_2237,LOC_0011,LOC_0045,High,0.9765882140471954
ROAD_2238,LOC_0065,LOC_0015,Medium,0.9350337851955254
ROAD_2239,LOC_0039,LOC_0054,Low,0.9328197708336845
ROAD_2240,LOC_0058,LOC_0085,Critical,0.7052787923058194
ROAD_2241,LOC_0087,LOC_0052,Medium,0.9655098674856396
ROAD_2242,LOC_0088,LOC_0049,Medium,0.929366101033743
ROAD_2243,LOC_0095,LOC_0079,Medium,0.9482813703223415
ROAD_2244,LOC_0028,LOC_0058,Critical,0.8494553532621371
ROAD_2245,LOC_0033,LOC_0062,Medium,0.9722557466782249
ROAD_2246,LOC_0062,LOC_0093,Low,0.9765674986912352
ROAD_2247,LOC_0066,LOC_0007,Low,0.7426475579353434
ROAD_2248,LOC_0055,LOC_0077,High,0.9921713208016866
ROAD_2249,LOC_0056,LOC_0071,Medium,0.9983164481525626
ROAD_2250,LOC_0010,LOC_0001,Medium,0.9952480497922818
ROAD_2251,LOC_0083,LOC_0031,Medium,1.0
ROAD_2252,LOC_0052,LOC_0097,High,0.9626191776893923
ROAD_2253,LOC_0033,LOC_0051,High,0.979103009287767
ROAD_2254,LOC_0034,LOC_0068,Medium,0.9928546887869161
ROAD_2255,LOC_0038,LOC_0017,High,0.8990486098793724
ROAD_2256,LOC_0074,LOC_0034,Medium,0.9762923221779103
ROAD_2257,LOC_0036,LOC_0053,High,0.9305151196464743
ROAD_2258,LOC_0099,LOC_0090,Medium,0.9856042387769395
ROAD_2259,LOC_0037,LOC_0085,Medium,0.9664997458176265
ROAD_2260,LOC_0004,LOC_0017,Medium,0.9709336416692738
ROAD_2261,LOC_0020,LOC_0063,Medium,0.9387471754228356
ROAD_2262,LOC_0016,LOC_0038,Medium,0.9680854911481185
ROAD_2263,LOC_0065,LOC_0093,High,0.9142886935581513
ROAD_2264,LOC_0033,LOC_0095,High,0.9753276659366734
ROAD_2265,LOC_0070,LOC_0069,Low,0.9748618270306846
ROAD_2266,LOC_0017,LOC_0018,Low,0.8718620462571742
ROAD_2267,LOC_0008,LOC_0057,High,0.9937659988977426
ROAD_2268,LOC_0057,LOC_0011,Critical,0.9362136393645885
ROAD_2269,LOC_0085,LOC_0073,Critical,0.8374532231091191
ROAD_2270,LOC_0016,LOC_0050,Low,0.9861334483166563
ROAD_2271,LOC_0100,LOC_0026,High,0.7655559193679429
ROAD_2272,LOC_0096,LOC_0051,Low,0.7643940844312223
ROAD_2273,LOC_0098,LOC_0009,High,0.964106647400417
ROAD_2274,LOC_0032,LOC_0074,High,0.9757159229943799
ROAD_2275,LOC_0099,LOC_0016,Medium,0.9673774329318792
ROAD_2276,LOC_0089,LOC_0080,Medium,0.983263868220617
ROAD_2277,LOC_0040,LOC_0067,High,0.9994110776084536
ROAD_2278,LOC_0015,LOC_0012,Medium,0.9454372922333031
ROAD_2279,LOC_0056,LOC_0084,High,0.5740498509908128
ROAD_2280,LOC_0037,LOC_0050,Medium,0.9768612249766521
ROAD_2281,LOC_0049,LOC_0044,Low,1.0
ROAD_2282,LOC_0008,LOC_0075,Low,0.9932077657095747
ROAD_2283,LOC_0035,LOC_0016,Medium,0.9718452043809352
ROAD_2284,LOC_0063,LOC_0055,High,0.8739232095030839
ROAD_2285,LOC_0008,LOC_0090,High,0.9859844404951347
ROAD_2286,LOC_0064,LOC_0046,Medium,0.9640792111213285
ROAD_2287,LOC_0044,LOC_0063,Medium,0.9549234889950575
ROAD_2288,LOC_0078,LOC_0055,Low,0.9383738712698111
ROAD_2289,LOC_0029,LOC_0049,Critical,0.8444088418348739
ROAD_2290,LOC_0047,LOC_0061,High,0.9444261970428104
ROAD_2291,LOC_0063,LOC_0021,Medium,1.0
ROAD_2292,LOC_0083,LOC_0023,High,0.9540295675270681
ROAD_2293,LOC_0037,LOC_0005,Medium,0.6542504685956795
ROAD_2294,LOC_0008,LOC_0035,Low,0.9167744028560717
ROAD_2295,LOC_0035,LOC_0009,High,0.9994110776084536
ROAD_2296,LOC_0019,LOC_0100,High,0.96870218472905
ROAD_2297,LOC_0061,LOC_0016,Medium,0.946662939801252
ROAD_2298,LOC_0012,LOC_0071,High,0.9772909466378212
ROAD_2299,LOC_0070,LOC_0003,High,0.9398049852112144
ROAD_2300,LOC_0033,LOC_0090,Medium,0.9978079534432589
ROAD_2301,LOC_0058,LOC_0025,Medium,0.9822782291797192
ROAD_2302,LOC_0008,LOC_0032,High,0.8958584502091321
ROAD_2303,LOC_0017,LOC_0033,Low,0.9998744323762414
ROAD_2304,LOC_0088,LOC_0079,Medium,0.8566567175228054
ROAD_2305,LOC_0045,LOC_0089,Medium,0.9805529067327118
ROAD_2306,LOC_0078,LOC_0032,Medium,0.9768593663146191
ROAD_2307,LOC_0003,LOC_0032,Critical,0.8020168609154512
ROAD_2308,LOC_0090,LOC_0042,Medium,0.9952218005225548
ROAD_2309,LOC_0095,LOC_0075,Medium,0.9777316444363043
ROAD_2310,LOC_0018,LOC_0016,Medium,0.9312686914847236
ROAD_2311,LOC_0080,LOC_0004,Medium,1.0
ROAD_2312,LOC_0045,LOC_0100,Medium,0.9816297868576987
ROAD_2313,LOC_0063,LOC_0095,Low,0.9543635088176823
ROAD_2314,LOC_0009,LOC_0050,Medium,0.7255570010646881
ROAD_2315,LOC_0053,LOC_0001,High,0.9835388183393508
ROAD_2316,LOC_0012,LOC_0078,Medium,0.8782436593986025
ROAD_2317,LOC_0041,LOC_0082,High,0.9293093527850474
ROAD_2318,LOC_0013,LOC_0049,Medium,0.9953473966524693
ROAD_2319,LOC_0063,LOC_0007,Low,0.9781085737377966
ROAD_2320,LOC_0088,LOC_0085,Medium,0.9971904646462278
ROAD_2321,LOC_0055,LOC_0011,Medium,0.6553352100787173
ROAD_2322,LOC_0003,LOC_0020,Medium,0.9584170706888722
ROAD_2323,LOC_0008,LOC_0007,Medium,0.96
ROAD_2324,LOC_0076,LOC_0099,High,0.926097639533258
ROAD_2325,LOC_0024,LOC_0009,Medium,0.9637823990590902
ROAD_2326,LOC_0007,LOC_0081,Medium,0.9654230206832508
ROAD_2327,LOC_0029,LOC_0027,Medium,0.9645008476289422
ROAD_2328,LOC_0071,LOC_0097,Low,0.7697659327249762
ROAD_2329,LOC_0007,LOC_0011,Medium,0.9239654343564896
ROAD_2330,LOC_0064,LOC_0005,Medium,0.9876988642417268
ROAD_2331,LOC_0036,LOC_0034,Medium,0.9831285800256538
ROAD_2332,LOC_0092,LOC_0084,Medium,0.9592739693450263
ROAD_2333,LOC_0032,LOC_0084,Medium,0.9733333333333334
ROAD_2334,LOC_0020,LOC_0062,Medium,1.0
ROAD_2335,LOC_0054,LOC_0027,Medium,0.9667311686294586
ROAD_2336,LOC_0003,LOC_0018,Medium,1.0
ROAD_2337,LOC_0073,LOC_0067,Medium,0.8687030008663752
ROAD_2338,LOC_0081,LOC_0091,Low,0.8229690450271335
ROAD_2339,LOC_0043,LOC_0056,Medium,0.983367396593674
ROAD_2340,LOC_0068,LOC_0084,Low,0.9907716645340933
ROAD_2341,LOC_0100,LOC_0008,High,0.838512893185504
ROAD_2342,LOC_0032,LOC_0095,Medium,0.9633596095049423
ROAD_2343,LOC_0041,LOC_0094,Medium,0.9933639545389402
ROAD_2344,LOC_0011,LOC_0026,Medium,0.9690389482086262
ROAD_2345,LOC_0006,LOC_0062,High,0.6646184239952395
ROAD_2346,LOC_0012,LOC_0100,Medium,0.9756834890059926
ROAD_2347,LOC_0059,LOC_0043,Medium,0.9624441467440913
ROAD_2348,LOC_0005,LOC_0072,High,0.9543275771847202
ROAD_2349,LOC_0100,LOC_0050,High,0.8526811201983151
ROAD_2350,LOC_0036,LOC_0040,High,0.9611981334342287
ROAD_2351,LOC_0032,LOC_0033,Low,0.9998787821997475
ROAD_2352,LOC_0031,LOC_0038,Critical,0.9930291873432581
ROAD_2353,LOC_0036,LOC_0059,High,0.9526911912801374
ROAD_2354,LOC_0039,LOC_0082,Low,0.9936484196194192
ROAD_2355,LOC_0080,LOC_0009,High,0.9466666666666667
ROAD_2356,LOC_0081,LOC_0036,Medium,0.9782045946865278
ROAD_2357,LOC_0068,LOC_0078,Critical,0.9861496492281916
ROAD_2358,LOC_0062,LOC_0093,Medium,0.9947310114081279
ROAD_2359,LOC_0065,LOC_0020,High,0.9911656616496316
ROAD_2360,LOC_0087,LOC_0050,Low,0.9428126625986768
ROAD_2361,LOC_0050,LOC_0001,High,0.9425400965421714
ROAD_2362,LOC_0009,LOC_0059,Low,0.9393584920091761
ROAD_2363,LOC_0050,LOC_0025,High,0.9810402298340659
ROAD_2364,LOC_0040,LOC_0062,High,0.9933333333333333
ROAD_2365,LOC_0028,LOC_0059,High,0.9618191574993292
ROAD_2366,LOC_0018,LOC_0075,High,0.98
ROAD_2367,LOC_0006,LOC_0079,High,0.9788132608436703
ROAD_2368,LOC_0079,LOC_0049,Medium,0.9950494504260843
ROAD_2369,LOC_0081,LOC_0066,High,0.9909249826698912
ROAD_2370,LOC_0030,LOC_0084,High,0.7575189420135534
ROAD_2371,LOC_0014,LOC_0008,High,0.998744722853808
ROAD_2372,LOC_0037,LOC_0001,Medium,0.9923389679761319
ROAD_2373,LOC_0074,LOC_0025,Low,0.943826740129105
ROAD_2374,LOC_0024,LOC_0092,Medium,1.0
ROAD_2375,LOC_0045,LOC_0011,Medium,0.9949052798101642
ROAD_2376,LOC_0018,LOC_0021,Medium,0.9769640540001766
ROAD_2377,LOC_0011,LOC_0042,Medium,0.9983164481525626
ROAD_2378,LOC_0081,LOC_0013,Low,0.9994625643882641
ROAD_2379,LOC_0025,LOC_0100,Low,0.9984274684913472
ROAD_2380,LOC_0048,LOC_0007,Medium,1.0
ROAD_2381,LOC_0037,LOC_0068,Low,0.9999280473728991
ROAD_2382,LOC_0085,LOC_0046,High,0.9933333333333333
ROAD_2383,LOC_0039,LOC_0053,Medium,0.9981407338342566
ROAD_2384,LOC_0094,LOC_0047,Low,0.8708176740527644
ROAD_2385,LOC_0018,LOC_0091,Medium,0.9869533896160688
ROAD_2386,LOC_0081,LOC_0100,Medium,0.9888216129862967
ROAD_2387,LOC_0100,LOC_0049,Low,0.9904761122996006
ROAD_2388,LOC_0077,LOC_0003,Low,0.9309286100895965
ROAD_2389,LOC_0053,LOC_0045,Low,0.9948123363923213
ROAD_2390,LOC_0086,LOC_0044,Medium,0.9899049246515038
ROAD_2391,LOC_0078,LOC_0053,High,0.5957555622032706
ROAD_2392,LOC_0010,LOC_0017,Medium,0.8634294233880496
ROAD_2393,LOC_0074,LOC_0017,Medium,0.9733333333333334
ROAD_2394,LOC_0062,LOC_0022,High,0.6667404620324571
ROAD_2395,LOC_0010,LOC_0008,Low,0.9301187273365199
ROAD_2396,LOC_0008,LOC_0026,Low,0.993847392652682
ROAD_2397,LOC_0048,LOC_0029,High,0.9829042348827124
ROAD_2398,LOC_0078,LOC_0095,Medium,0.9699872187421202
ROAD_2399,LOC_0049,LOC_0087,Low,0.9883882718517073
ROAD_2400,LOC_0008,LOC_0083,High,0.9860777442751203
ROAD_2401,LOC_0027,LOC_0080,Medium,0.9526073026783596
ROAD_2402,LOC_0034,LOC_0025,High,0.9133005553642306
ROAD_2403,LOC_0057,LOC_0047,High,0.9886135612224987
ROAD_2404,LOC_0081,LOC_0004,Medium,1.0
ROAD_2405,LOC_0016,LOC_0079,High,0.9729792064814361
ROAD_2406,LOC_0095,LOC_0076,Medium,0.9826914863963166
ROAD_2407,LOC_0031,LOC_0064,Low,0.9994054677021544
ROAD_2408,LOC_0050,LOC_0062,High,0.9902487961695658
ROAD_2409,LOC_0065,LOC_0055,Medium,0.9706895769103846
ROAD_2410,LOC_0004,LOC_0086,Low,0.9997743169409928
ROAD_2411,LOC_0046,LOC_0031,Medium,0.9933333333333333
ROAD_2412,LOC_0040,LOC_0050,Critical,0.68
ROAD_2413,LOC_0092,LOC_0022,High,0.9909249826698912
ROAD_2414,LOC_0042,LOC_0090,Medium,0.9899049246515038
ROAD_2415,LOC_0084,LOC_0024,Medium,0.9709450101326074
ROAD_2416,LOC_0008,LOC_0028,Medium,0.9926168156758538
ROAD_2417,LOC_0039,LOC_0004,Medium,1.0
ROAD_2418,LOC_0053,LOC_0026,High,0.9978264065087535
ROAD_2419,LOC_0002,LOC_0083,High,0.9558572277764138
ROAD_2420,LOC_0041,LOC_0059,Medium,1.0
ROAD_2421,LOC_0052,LOC_0073,Low,0.8908446526588166
ROAD_2422,LOC_0043,LOC_0061,High,0.972744410941787
ROAD_2423,LOC_0085,LOC_0089,Medium,0.9956510583707505
ROAD_2424,LOC_0068,LOC_0044,Medium,0.9856133809745742
ROAD_2425,LOC_0086,LOC_0015,Low,0.7471935788789976
ROAD_2426,LOC_0024,LOC_0005,Critical,0.9626637574893565
ROAD_2427,LOC_0086,LOC_0052,High,0.9922824303858628
ROAD_2428,LOC_0006,LOC_0086,Medium,0.8061412868055988
ROAD_2429,LOC_0039,LOC_0013,High,0.9994269098598996
ROAD_2430,LOC_0048,LOC_0082,Medium,0.9842024666230524
ROAD_2431,LOC_0020,LOC_0008,Medium,0.9944013085034974
ROAD_2432,LOC_0056,LOC_0091,High,0.9933333333333333
ROAD_2433,LOC_0024,LOC_0074,High,0.9688317972563293
ROAD_2434,LOC_0014,LOC_0087,Medium,0.9739700116196119
ROAD_2435,LOC_0016,LOC_0075,High,0.9960284724154232
ROAD_2436,LOC_0072,LOC_0069,Low,0.9237482986483703
ROAD_2437,LOC_0078,LOC_0009,Medium,1.0
ROAD_2438,LOC_0035,LOC_0040,Medium,0.9750073549566931
ROAD_2439,LOC_0009,LOC_0080,Medium,0.9567178648800669
ROAD_2440,LOC_0016,LOC_0090,Medium,0.9652857336680809
ROAD_2441,LOC_0060,LOC_0015,Medium,0.9771484655536387
ROAD_2442,LOC_0023,LOC_0086,High,0.8908111901447298
ROAD_2443,LOC_0040,LOC_0071,High,0.969570435052605
ROAD_2444,LOC_0067,LOC_0008,Low,0.9357510373124792
ROAD_2445,LOC_0076,LOC_0031,Medium,0.9912984565232716
ROAD_2446,LOC_0040,LOC_0004,Low,0.9981962285141421
ROAD_2447,LOC_0065,LOC_0077,Medium,0.9889448958463858
ROAD_2448,LOC_0085,LOC_0051,Low,0.9650190467187847
ROAD_2449,LOC_0045,LOC_0051,High,0.9797217617322409
ROAD_2450,LOC_0098,LOC_0087,Low,0.996057135356174
ROAD_2451,LOC_0097,LOC_0002,High,0.9745314667675621
ROAD_2452,LOC_0045,LOC_0015,Critical,0.98
ROAD_2453,LOC_0041,LOC_0097,Medium,0.9766586472981237
ROAD_2454,LOC_0055,LOC_0057,Medium,0.8629542415700143
ROAD_2455,LOC_0008,LOC_0043,High,0.9803193928792784
ROAD_2456,LOC_0026,LOC_0064,Medium,0.9813989387890156
ROAD_2457,LOC_0078,LOC_0013,High,0.9738705117331072
ROAD_2458,LOC_0004,LOC_0012,Medium,0.9888195764375134
ROAD_2459,LOC_0063,LOC_0066,Low,0.9554765216150009
ROAD_2460,LOC_0023,LOC_0080,Medium,0.9823610598057402
ROAD_2461,LOC_0073,LOC_0039,High,0.9868915983954533
ROAD_2462,LOC_0065,LOC_0087,Critical,0.7
ROAD_2463,LOC_0048,LOC_0097,Medium,0.8809756487218692
ROAD_2464,LOC_0079,LOC_0086,High,0.972744410941787
ROAD_2465,LOC_0095,LOC_0070,Medium,0.8971097660448434
ROAD_2466,LOC_0100,LOC_0038,Medium,0.9952480497922818
ROAD_2467,LOC_0095,LOC_0019,Medium,0.983890676292638
ROAD_2468,LOC_0066,LOC_0062,High,0.8975958920255994
ROAD_2469,LOC_0093,LOC_0031,Critical,0.9373920945031551
ROAD_2470,LOC_0099,LOC_0063,High,0.9810969028874873
ROAD_2471,LOC_0055,LOC_0010,Medium,0.9930389074964148
ROAD_2472,LOC_0078,LOC_0053,Medium,0.9914273345252093
ROAD_2473,LOC_0059,LOC_0027,Medium,0.9890418671343614
ROAD_2474,LOC_0091,LOC_0019,Medium,0.9714786976014896
ROAD_2475,LOC_0060,LOC_0068,High,0.9872257807108349
ROAD_2476,LOC_0071,LOC_0078,Medium,0.9754093245709813
ROAD_2477,LOC_0064,LOC_0007,Critical,0.9873317711222668
ROAD_2478,LOC_0095,LOC_0086,High,0.992596431562517
ROAD_2479,LOC_0045,LOC_0028,Medium,0.9397516247100571
ROAD_2480,LOC_0044,LOC_0072,Low,0.9800514574733853
ROAD_2481,LOC_0036,LOC_0054,Low,0.904981630661379
ROAD_2482,LOC_0059,LOC_0073,Low,0.8451200095153498
ROAD_2483,LOC_0061,LOC_0006,Low,0.9831908689190318
ROAD_2484,LOC_0043,LOC_0029,Medium,0.9917100455510608
ROAD_2485,LOC_0044,LOC_0072,Medium,0.9956275255703363
ROAD_2486,LOC_0024,LOC_0069,High,0.9863125398147694
ROAD_2487,LOC_0082,LOC_0054,Medium,0.9981736036943494
ROAD_2488,LOC_0064,LOC_0018,Medium,0.9866666666666667
ROAD_2489,LOC_0041,LOC_0056,Medium,0.933732886630056
ROAD_2490,LOC_0001,LOC_0019,Medium,0.9443505025181335
ROAD_2491,LOC_0001,LOC_0087,Medium,0.9749824170354433
ROAD_2492,LOC_0056,LOC_0075,High,0.9706557984438682
ROAD_2493,LOC_0098,LOC_0058,Medium,0.8099127387763989
ROAD_2494,LOC_0016,LOC_0038,High,0.8776879997260848
ROAD_2495,LOC_0057,LOC_0028,Critical,0.9574515992537302
ROAD_2496,LOC_0055,LOC_0063,Low,0.9220630798883983
ROAD_2497,LOC_0006,LOC_0001,Medium,0.9666666666666667
ROAD_2498,LOC_0005,LOC_0061,High,0.8804206749524368
ROAD_2499,LOC_0028,LOC_0048,Low,0.9871807259860153
ROAD_2500,LOC_0044,LOC_0067,Medium,0.8660628545906744
