id,source,destination,distance,travel_time,risk,traffic,road_condition,status
ROAD_0001,LOC_093,LOC_084,185.6,311,Medium,High,Poor,Closed
ROAD_0002,LOC_055,LOC_020,126.66,516,High,Medium,Fair,Closed
ROAD_0003,LOC_077,LOC_015,64.87,540,High,Severe,Good,Closed
ROAD_0004,LOC_034,LOC_085,90.25,283,High,Severe,Poor,Closed
ROAD_0005,LOC_074,LOC_003,405.71,146,Critical,Severe,Good,Open
ROAD_0006,LOC_003,LOC_059,364.7,5,Critical,Medium,Fair,Closed
ROAD_0007,LOC_073,LOC_026,151.8,179,Medium,Low,Fair,Open
ROAD_0008,LOC_041,LOC_001,292.88,141,Medium,Low,Good,Open
ROAD_0009,LOC_021,LOC_056,182.95,91,Low,Low,Fair,Closed
ROAD_0010,LOC_044,LOC_056,14.51,204,Medium,High,Damaged,Closed
ROAD_0011,LOC_013,LOC_063,183.23,486,Medium,Medium,Poor,Closed
ROAD_0012,LOC_003,LOC_075,223.3,315,Low,High,Damaged,Restricted
ROAD_0013,LOC_069,LOC_051,246.91,65,High,Severe,Good,Open
ROAD_0014,LOC_032,LOC_033,234.62,420,High,Severe,Good,Closed
ROAD_0015,LOC_065,LOC_039,219.15,90,Critical,Severe,Good,Open
ROAD_0016,LOC_071,LOC_016,251.3,385,Low,Severe,Good,Restricted
ROAD_0017,LOC_093,LOC_009,171.59,248,Low,High,Fair,Open
ROAD_0018,LOC_032,LOC_013,338.42,372,Low,High,Good,Restricted
ROAD_0019,LOC_060,LOC_009,169.53,355,Critical,Severe,Good,Open
ROAD_0020,LOC_002,LOC_091,394.24,470,Low,High,Poor,Open
ROAD_0021,LOC_078,LOC_083,85.73,432,Critical,Medium,Poor,Closed
ROAD_0022,LOC_030,LOC_014,40.92,12,Critical,Severe,Poor,Restricted
ROAD_0023,LOC_003,LOC_071,347.6,67,Medium,Medium,Poor,Restricted
ROAD_0024,LOC_084,LOC_054,148.62,305,Low,Medium,Damaged,Open
ROAD_0025,LOC_042,LOC_005,72.82,183,Medium,High,Good,Closed
ROAD_0026,LOC_058,LOC_049,20.27,428,Medium,Low,Fair,Closed
ROAD_0027,LOC_030,LOC_098,312.95,432,Medium,High,Damaged,Restricted
ROAD_0028,LOC_004,LOC_054,62.27,297,High,Medium,Fair,Closed
ROAD_0029,LOC_048,LOC_060,366.97,10,High,Medium,Poor,Restricted
ROAD_0030,LOC_078,LOC_073,56.49,576,High,Severe,Damaged,Restricted
ROAD_0031,LOC_025,LOC_086,390.6,119,Medium,Medium,Fair,Closed
ROAD_0032,LOC_015,LOC_033,209.46,539,Low,Medium,Good,Restricted
ROAD_0033,LOC_063,LOC_029,349.2,338,Critical,Medium,Damaged,Closed
ROAD_0034,LOC_033,LOC_027,376.32,122,High,Low,Damaged,Restricted
ROAD_0035,LOC_083,LOC_005,122.24,543,Low,Medium,Damaged,Restricted
ROAD_0036,LOC_096,LOC_002,433.44,559,Medium,High,Good,Open
ROAD_0037,LOC_066,LOC_068,273.33,409,Low,Medium,Good,Closed
ROAD_0038,LOC_067,LOC_091,498.56,48,Low,Low,Poor,Restricted
ROAD_0039,LOC_013,LOC_070,298.82,105,Medium,Medium,Poor,Open
ROAD_0040,LOC_069,LOC_015,57.74,69,High,High,Good,Restricted
ROAD_0041,LOC_055,LOC_093,59.9,529,High,Medium,Good,Closed
ROAD_0042,LOC_046,LOC_060,384.74,493,High,Low,Poor,Restricted
ROAD_0043,LOC_085,LOC_040,77.02,276,Medium,High,Poor,Closed
ROAD_0044,LOC_017,LOC_042,149.61,141,High,High,Damaged,Open
ROAD_0045,LOC_011,LOC_058,209.18,249,Medium,High,Poor,Open
ROAD_0046,LOC_011,LOC_092,79.71,196,Medium,Severe,Poor,Open
ROAD_0047,LOC_075,LOC_080,436.72,61,Low,Medium,Poor,Closed
ROAD_0048,LOC_065,LOC_003,432.11,52,Critical,High,Poor,Restricted
ROAD_0049,LOC_053,LOC_004,448.91,302,Low,Severe,Good,Closed
ROAD_0050,LOC_095,LOC_034,151.11,269,Critical,Severe,Good,Closed
ROAD_0051,LOC_020,LOC_054,466.01,75,High,Low,Damaged,Open
ROAD_0052,LOC_043,LOC_037,384.98,265,Critical,Severe,Poor,Open
ROAD_0053,LOC_026,LOC_012,479.35,163,Low,Low,Good,Restricted
ROAD_0054,LOC_016,LOC_077,368.57,85,Critical,Low,Good,Restricted
ROAD_0055,LOC_055,LOC_037,490.81,233,Medium,Medium,Damaged,Restricted
ROAD_0056,LOC_049,LOC_042,262.07,232,Critical,Severe,Poor,Restricted
ROAD_0057,LOC_002,LOC_097,373.4,455,Medium,Severe,Damaged,Restricted
ROAD_0058,LOC_041,LOC_015,354.65,34,Low,Low,Poor,Open
ROAD_0059,LOC_028,LOC_088,162.19,204,Medium,Severe,Damaged,Open
ROAD_0060,LOC_097,LOC_096,381.37,436,Low,Low,Poor,Open
ROAD_0061,LOC_007,LOC_024,71.49,535,Medium,Medium,Good,Closed
ROAD_0062,LOC_026,LOC_073,426.34,192,Medium,Severe,Good,Open
ROAD_0063,LOC_081,LOC_021,423.31,91,Medium,Medium,Good,Restricted
ROAD_0064,LOC_071,LOC_087,485.68,460,Critical,Low,Damaged,Restricted
ROAD_0065,LOC_011,LOC_037,188.93,324,Low,Low,Poor,Restricted
ROAD_0066,LOC_047,LOC_027,58.9,122,Critical,Severe,Poor,Restricted
ROAD_0067,LOC_054,LOC_082,88.12,343,Medium,High,Fair,Open
ROAD_0068,LOC_053,LOC_043,312.19,422,Medium,Low,Poor,Restricted
ROAD_0069,LOC_008,LOC_075,361.24,359,Critical,High,Fair,Open
ROAD_0070,LOC_096,LOC_024,183.5,330,Medium,Low,Fair,Closed
ROAD_0071,LOC_028,LOC_025,155.75,420,High,Medium,Poor,Open
ROAD_0072,LOC_091,LOC_075,420.78,600,High,Severe,Damaged,Closed
ROAD_0073,LOC_079,LOC_042,453.45,457,High,Low,Poor,Open
ROAD_0074,LOC_008,LOC_052,391.29,542,Low,High,Fair,Restricted
ROAD_0075,LOC_086,LOC_062,192.46,472,Medium,High,Damaged,Open
ROAD_0076,LOC_051,LOC_002,202.95,47,Medium,High,Good,Restricted
ROAD_0077,LOC_093,LOC_057,480.19,392,Medium,Medium,Poor,Closed
ROAD_0078,LOC_030,LOC_070,111.65,5,Low,Severe,Fair,Restricted
ROAD_0079,LOC_029,LOC_094,191.09,560,Medium,Severe,Poor,Open
ROAD_0080,LOC_078,LOC_026,290.58,430,High,Medium,Fair,Restricted
ROAD_0081,LOC_087,LOC_098,244.64,181,Low,Severe,Good,Restricted
ROAD_0082,LOC_041,LOC_011,5.74,346,Low,Low,Good,Restricted
ROAD_0083,LOC_019,LOC_095,187.77,453,Low,Medium,Poor,Restricted
ROAD_0084,LOC_061,LOC_028,12.11,370,Critical,Low,Damaged,Open
ROAD_0085,LOC_068,LOC_045,309.53,359,Low,Medium,Poor,Open
ROAD_0086,LOC_099,LOC_062,11.25,429,Critical,High,Damaged,Restricted
ROAD_0087,LOC_042,LOC_086,1.65,71,Critical,High,Damaged,Closed
ROAD_0088,LOC_082,LOC_032,498.29,565,High,Low,Damaged,Closed
ROAD_0089,LOC_071,LOC_009,132.28,424,Critical,Severe,Damaged,Open
ROAD_0090,LOC_030,LOC_026,76.31,312,Critical,Low,Damaged,Open
ROAD_0091,LOC_093,LOC_010,235.2,295,Low,Medium,Poor,Restricted
ROAD_0092,LOC_054,LOC_007,244.82,260,Medium,Low,Good,Closed
ROAD_0093,LOC_042,LOC_085,317.38,69,Low,High,Damaged,Open
ROAD_0094,LOC_055,LOC_078,209.68,565,Low,Severe,Damaged,Open
ROAD_0095,LOC_036,LOC_018,99.65,420,Medium,High,Fair,Open
ROAD_0096,LOC_078,LOC_098,359.86,310,Critical,High,Fair,Open
ROAD_0097,LOC_009,LOC_066,352.18,294,High,Medium,Poor,Closed
ROAD_0098,LOC_098,LOC_022,216.06,409,High,Medium,Good,Open
ROAD_0099,LOC_045,LOC_039,81.23,229,High,Medium,Poor,Restricted
ROAD_0100,LOC_013,LOC_096,185.58,264,High,Low,Damaged,Open
ROAD_0101,LOC_037,LOC_006,323.38,416,High,Low,Damaged,Open
ROAD_0102,LOC_053,LOC_067,217.14,415,Low,Medium,Poor,Closed
ROAD_0103,LOC_013,LOC_088,36.3,400,Critical,Severe,Good,Open
ROAD_0104,LOC_083,LOC_053,12.38,380,Medium,Medium,Poor,Restricted
ROAD_0105,LOC_052,LOC_051,24.26,567,Low,Low,Fair,Open
ROAD_0106,LOC_082,LOC_005,268.73,73,Medium,High,Poor,Closed
ROAD_0107,LOC_070,LOC_080,239.86,157,Critical,Severe,Damaged,Restricted
ROAD_0108,LOC_037,LOC_073,191.59,107,High,Severe,Good,Restricted
ROAD_0109,LOC_074,LOC_084,145.17,517,Critical,Low,Damaged,Open
ROAD_0110,LOC_019,LOC_048,62.3,352,Critical,Severe,Damaged,Closed
ROAD_0111,LOC_021,LOC_001,274.9,71,High,Medium,Damaged,Open
ROAD_0112,LOC_030,LOC_049,170.44,367,Critical,Low,Good,Open
ROAD_0113,LOC_070,LOC_042,28.81,517,Medium,Severe,Damaged,Restricted
ROAD_0114,LOC_026,LOC_028,325.02,50,Medium,Medium,Damaged,Closed
ROAD_0115,LOC_039,LOC_083,202.75,477,Low,Low,Good,Restricted
ROAD_0116,LOC_032,LOC_053,151.3,389,Critical,Severe,Damaged,Restricted
ROAD_0117,LOC_011,LOC_096,320.96,331,High,Medium,Fair,Closed
ROAD_0118,LOC_022,LOC_066,218.56,54,High,Low,Good,Restricted
ROAD_0119,LOC_046,LOC_024,218.88,226,Medium,Severe,Fair,Restricted
ROAD_0120,LOC_044,LOC_078,359.61,363,Medium,Medium,Fair,Closed
ROAD_0121,LOC_007,LOC_092,200.21,380,Low,Medium,Good,Closed
ROAD_0122,LOC_038,LOC_052,233.13,580,High,High,Damaged,Restricted
ROAD_0123,LOC_039,LOC_042,302.2,158,Low,Medium,Damaged,Restricted
ROAD_0124,LOC_019,LOC_042,50.17,409,Medium,Low,Poor,Restricted
ROAD_0125,LOC_018,LOC_029,144.44,66,Critical,Low,Poor,Closed
ROAD_0126,LOC_086,LOC_095,302.52,417,High,Severe,Good,Open
ROAD_0127,LOC_038,LOC_097,55.24,440,Critical,Low,Good,Open
ROAD_0128,LOC_016,LOC_081,19.05,46,Low,Low,Fair,Restricted
ROAD_0129,LOC_051,LOC_062,326.17,481,Low,Medium,Damaged,Closed
ROAD_0130,LOC_067,LOC_027,181.87,117,Critical,Low,Fair,Restricted
ROAD_0131,LOC_069,LOC_091,208.94,63,Medium,Low,Poor,Restricted
ROAD_0132,LOC_019,LOC_092,206.53,563,Medium,Medium,Good,Open
ROAD_0133,LOC_094,LOC_050,292.32,132,Low,Severe,Poor,Closed
ROAD_0134,LOC_054,LOC_008,493.18,25,Low,Medium,Good,Restricted
ROAD_0135,LOC_095,LOC_038,9.67,45,Medium,Medium,Fair,Restricted
ROAD_0136,LOC_055,LOC_065,403.88,439,Low,Severe,Fair,Restricted
ROAD_0137,LOC_049,LOC_036,23.1,568,Medium,Medium,Good,Open
ROAD_0138,LOC_069,LOC_067,27.8,416,Critical,Low,Damaged,Open
ROAD_0139,LOC_048,LOC_063,206.37,364,Low,High,Fair,Closed
ROAD_0140,LOC_060,LOC_033,58.12,114,Low,Severe,Damaged,Open
ROAD_0141,LOC_089,LOC_099,366.62,494,Low,Medium,Poor,Closed
ROAD_0142,LOC_053,LOC_015,482.17,433,Low,High,Damaged,Restricted
ROAD_0143,LOC_061,LOC_073,336.62,156,Low,Medium,Poor,Open
ROAD_0144,LOC_096,LOC_089,22.44,373,High,High,Damaged,Restricted
ROAD_0145,LOC_009,LOC_095,155.28,545,High,High,Poor,Closed
ROAD_0146,LOC_024,LOC_081,453.35,205,Low,Severe,Poor,Restricted
ROAD_0147,LOC_077,LOC_071,59.03,571,Medium,Medium,Damaged,Closed
ROAD_0148,LOC_046,LOC_018,31.82,46,Low,High,Poor,Closed
ROAD_0149,LOC_100,LOC_025,207.49,142,Critical,Medium,Damaged,Restricted
ROAD_0150,LOC_067,LOC_042,22.44,344,Low,Medium,Good,Restricted
ROAD_0151,LOC_035,LOC_054,276.33,488,Low,Severe,Damaged,Open
ROAD_0152,LOC_082,LOC_019,122.54,487,Critical,High,Poor,Closed
ROAD_0153,LOC_044,LOC_099,299.43,382,Medium,Severe,Good,Open
ROAD_0154,LOC_048,LOC_019,166.21,518,Medium,High,Fair,Restricted
ROAD_0155,LOC_045,LOC_032,111.0,129,Medium,Low,Fair,Restricted
ROAD_0156,LOC_025,LOC_096,224.6,167,High,High,Poor,Closed
ROAD_0157,LOC_047,LOC_006,180.02,474,Medium,Low,Damaged,Open
ROAD_0158,LOC_042,LOC_050,258.66,230,Low,High,Damaged,Closed
ROAD_0159,LOC_046,LOC_062,242.4,494,Medium,Low,Poor,Closed
ROAD_0160,LOC_031,LOC_092,64.34,114,High,High,Good,Closed
ROAD_0161,LOC_066,LOC_070,398.04,510,Low,Medium,Good,Restricted
ROAD_0162,LOC_066,LOC_054,497.07,68,Critical,Severe,Good,Closed
ROAD_0163,LOC_055,LOC_028,359.55,49,Low,High,Damaged,Restricted
ROAD_0164,LOC_071,LOC_019,337.86,151,High,High,Good,Open
ROAD_0165,LOC_017,LOC_099,395.86,138,Critical,High,Damaged,Restricted
ROAD_0166,LOC_084,LOC_019,262.69,15,Low,Severe,Good,Restricted
ROAD_0167,LOC_055,LOC_080,300.31,61,Medium,Severe,Good,Restricted
ROAD_0168,LOC_098,LOC_061,429.62,305,Low,Medium,Good,Closed
ROAD_0169,LOC_036,LOC_070,275.44,227,Low,Severe,Damaged,Closed
ROAD_0170,LOC_082,LOC_088,4.43,331,Low,Severe,Good,Open
ROAD_0171,LOC_039,LOC_025,401.39,64,High,Severe,Damaged,Restricted
ROAD_0172,LOC_006,LOC_008,375.76,90,Critical,High,Fair,Restricted
ROAD_0173,LOC_059,LOC_080,385.16,298,Medium,Severe,Good,Open
ROAD_0174,LOC_096,LOC_056,227.27,194,Low,Medium,Good,Open
ROAD_0175,LOC_043,LOC_068,387.14,31,High,Severe,Poor,Open
ROAD_0176,LOC_001,LOC_087,388.95,266,Low,Low,Damaged,Restricted
ROAD_0177,LOC_057,LOC_016,259.47,453,High,Severe,Fair,Restricted
ROAD_0178,LOC_068,LOC_024,283.3,130,High,Medium,Good,Open
ROAD_0179,LOC_064,LOC_007,172.56,487,Low,Severe,Damaged,Closed
ROAD_0180,LOC_065,LOC_041,221.67,59,Medium,Low,Poor,Closed
ROAD_0181,LOC_026,LOC_060,294.59,105,High,Severe,Good,Restricted
ROAD_0182,LOC_016,LOC_099,286.22,120,Medium,High,Fair,Closed
ROAD_0183,LOC_061,LOC_054,342.5,305,Critical,Low,Poor,Restricted
ROAD_0184,LOC_093,LOC_033,425.62,119,Medium,Severe,Damaged,Restricted
ROAD_0185,LOC_098,LOC_017,20.71,235,Medium,High,Fair,Closed
ROAD_0186,LOC_057,LOC_067,37.39,306,Low,Low,Good,Closed
ROAD_0187,LOC_095,LOC_040,202.09,545,Medium,High,Fair,Closed
ROAD_0188,LOC_017,LOC_006,343.4,431,Critical,Low,Damaged,Closed
ROAD_0189,LOC_007,LOC_056,321.81,231,Low,Low,Poor,Closed
ROAD_0190,LOC_011,LOC_025,199.56,232,Medium,Medium,Damaged,Restricted
ROAD_0191,LOC_076,LOC_020,132.63,116,Low,Medium,Fair,Closed
ROAD_0192,LOC_044,LOC_093,429.32,56,High,Low,Good,Closed
ROAD_0193,LOC_003,LOC_063,245.88,378,Medium,Severe,Fair,Open
ROAD_0194,LOC_057,LOC_045,68.39,331,Low,Medium,Damaged,Restricted
ROAD_0195,LOC_065,LOC_078,412.21,117,High,High,Damaged,Closed
ROAD_0196,LOC_015,LOC_046,379.9,531,Low,Severe,Poor,Restricted
ROAD_0197,LOC_018,LOC_032,82.92,65,Critical,High,Good,Open
ROAD_0198,LOC_045,LOC_024,318.66,284,High,Severe,Damaged,Restricted
ROAD_0199,LOC_060,LOC_067,231.77,259,Critical,High,Poor,Restricted
ROAD_0200,LOC_043,LOC_052,378.66,281,Critical,Medium,Damaged,Restricted
ROAD_0201,LOC_025,LOC_030,233.4,8,Medium,High,Poor,Open
ROAD_0202,LOC_028,LOC_039,112.57,570,Critical,Severe,Poor,Restricted
ROAD_0203,LOC_030,LOC_065,230.0,335,Low,Medium,Poor,Restricted
ROAD_0204,LOC_056,LOC_060,408.03,340,Low,Severe,Fair,Restricted
ROAD_0205,LOC_074,LOC_004,126.75,502,High,Medium,Fair,Closed
ROAD_0206,LOC_053,LOC_011,285.38,17,Low,High,Fair,Closed
ROAD_0207,LOC_040,LOC_024,19.86,361,Critical,High,Damaged,Closed
ROAD_0208,LOC_028,LOC_024,203.36,496,Medium,Severe,Fair,Closed
ROAD_0209,LOC_084,LOC_086,76.7,534,Low,Severe,Damaged,Open
ROAD_0210,LOC_070,LOC_047,185.37,443,Low,Medium,Fair,Closed
ROAD_0211,LOC_062,LOC_008,126.79,92,Medium,Severe,Fair,Closed
ROAD_0212,LOC_034,LOC_037,396.46,289,Low,Severe,Poor,Restricted
ROAD_0213,LOC_019,LOC_034,405.6,342,Critical,Severe,Good,Closed
ROAD_0214,LOC_008,LOC_003,252.17,520,High,Medium,Good,Open
ROAD_0215,LOC_069,LOC_027,499.29,441,Medium,Severe,Good,Closed
ROAD_0216,LOC_088,LOC_098,453.34,540,Medium,High,Damaged,Closed
ROAD_0217,LOC_021,LOC_091,159.44,572,Low,Low,Poor,Restricted
ROAD_0218,LOC_098,LOC_091,206.12,497,Low,Severe,Poor,Restricted
ROAD_0219,LOC_094,LOC_088,90.44,330,Critical,High,Fair,Open
ROAD_0220,LOC_096,LOC_004,478.77,62,Medium,Medium,Damaged,Restricted
ROAD_0221,LOC_098,LOC_082,346.25,534,Medium,Severe,Fair,Open
ROAD_0222,LOC_044,LOC_052,482.1,199,Low,High,Good,Open
ROAD_0223,LOC_020,LOC_078,371.81,480,Low,High,Good,Restricted
ROAD_0224,LOC_067,LOC_098,439.13,564,Low,Medium,Good,Open
ROAD_0225,LOC_011,LOC_079,29.47,187,Medium,Low,Damaged,Closed
ROAD_0226,LOC_098,LOC_057,134.66,44,Critical,High,Fair,Restricted
ROAD_0227,LOC_077,LOC_016,262.04,28,Critical,Severe,Damaged,Restricted
ROAD_0228,LOC_084,LOC_075,209.82,192,Low,Medium,Poor,Open
ROAD_0229,LOC_033,LOC_051,114.73,385,High,Medium,Good,Closed
ROAD_0230,LOC_073,LOC_052,15.88,47,Medium,Medium,Good,Closed
ROAD_0231,LOC_095,LOC_034,190.99,478,High,Severe,Damaged,Closed
ROAD_0232,LOC_096,LOC_032,193.95,191,Low,Severe,Poor,Restricted
ROAD_0233,LOC_073,LOC_058,135.61,108,Low,High,Good,Restricted
ROAD_0234,LOC_024,LOC_096,394.52,495,Low,Severe,Fair,Restricted
ROAD_0235,LOC_075,LOC_037,21.24,360,Low,Medium,Fair,Open
ROAD_0236,LOC_063,LOC_098,229.24,217,Critical,Medium,Good,Closed
ROAD_0237,LOC_006,LOC_056,317.75,249,High,High,Good,Restricted
ROAD_0238,LOC_090,LOC_028,134.31,403,Low,Severe,Damaged,Open
ROAD_0239,LOC_065,LOC_058,65.0,369,Medium,Medium,Good,Open
ROAD_0240,LOC_032,LOC_043,287.8,214,High,High,Damaged,Open
ROAD_0241,LOC_083,LOC_025,103.84,297,Low,Medium,Damaged,Open
ROAD_0242,LOC_002,LOC_031,283.68,42,Low,Medium,Good,Open
ROAD_0243,LOC_068,LOC_053,306.44,96,Low,Medium,Poor,Restricted
ROAD_0244,LOC_069,LOC_072,295.72,70,Medium,High,Poor,Restricted
ROAD_0245,LOC_045,LOC_032,345.73,246,Medium,High,Good,Closed
ROAD_0246,LOC_026,LOC_040,66.01,419,Critical,Medium,Damaged,Closed
ROAD_0247,LOC_085,LOC_035,267.17,520,Low,High,Damaged,Closed
ROAD_0248,LOC_009,LOC_061,380.93,360,Critical,Severe,Poor,Restricted
ROAD_0249,LOC_016,LOC_087,476.55,274,High,Low,Good,Closed
ROAD_0250,LOC_086,LOC_022,164.37,126,High,High,Damaged,Restricted
ROAD_0251,LOC_022,LOC_076,56.54,558,High,Medium,Fair,Restricted
ROAD_0252,LOC_035,LOC_025,187.02,196,High,Low,Damaged,Open
ROAD_0253,LOC_099,LOC_049,200.29,439,Medium,Low,Good,Closed
ROAD_0254,LOC_034,LOC_097,348.67,479,Low,Medium,Good,Restricted
ROAD_0255,LOC_038,LOC_089,138.58,374,High,Low,Damaged,Closed
ROAD_0256,LOC_065,LOC_001,62.19,517,High,Low,Damaged,Open
ROAD_0257,LOC_034,LOC_067,82.76,571,Medium,Severe,Poor,Restricted
ROAD_0258,LOC_024,LOC_010,385.41,593,Critical,High,Damaged,Closed
ROAD_0259,LOC_012,LOC_060,315.98,272,High,Medium,Fair,Closed
ROAD_0260,LOC_001,LOC_084,238.69,593,Critical,Medium,Fair,Closed
ROAD_0261,LOC_043,LOC_040,467.89,231,Critical,Severe,Fair,Closed
ROAD_0262,LOC_058,LOC_045,430.13,65,Low,Severe,Poor,Open
ROAD_0263,LOC_062,LOC_015,188.67,102,Medium,High,Fair,Open
ROAD_0264,LOC_048,LOC_023,262.09,294,Medium,Severe,Damaged,Open
ROAD_0265,LOC_013,LOC_014,89.82,438,Critical,Medium,Poor,Open
ROAD_0266,LOC_082,LOC_002,108.47,537,High,Severe,Good,Closed
ROAD_0267,LOC_043,LOC_082,258.97,555,Medium,Severe,Fair,Open
ROAD_0268,LOC_051,LOC_030,232.51,439,Medium,Low,Fair,Restricted
ROAD_0269,LOC_043,LOC_055,309.86,497,High,Low,Fair,Closed
ROAD_0270,LOC_087,LOC_057,248.86,412,Medium,Low,Poor,Restricted
ROAD_0271,LOC_076,LOC_068,166.29,255,High,Low,Poor,Restricted
ROAD_0272,LOC_100,LOC_009,357.11,355,Low,Severe,Fair,Restricted
ROAD_0273,LOC_082,LOC_037,407.48,363,Low,Severe,Poor,Closed
ROAD_0274,LOC_054,LOC_097,377.96,135,Critical,Medium,Damaged,Restricted
ROAD_0275,LOC_036,LOC_066,423.74,369,Low,Low,Fair,Open
ROAD_0276,LOC_008,LOC_017,416.75,400,Critical,Severe,Fair,Restricted
ROAD_0277,LOC_033,LOC_002,62.98,443,Critical,Low,Poor,Restricted
ROAD_0278,LOC_041,LOC_009,9.71,238,Medium,Severe,Poor,Restricted
ROAD_0279,LOC_022,LOC_075,374.32,350,Low,Low,Good,Closed
ROAD_0280,LOC_015,LOC_073,256.67,55,Low,Low,Damaged,Open
ROAD_0281,LOC_058,LOC_089,31.75,424,High,Medium,Fair,Restricted
ROAD_0282,LOC_075,LOC_070,303.98,30,Medium,Severe,Fair,Restricted
ROAD_0283,LOC_097,LOC_031,237.06,525,Low,Low,Poor,Closed
ROAD_0284,LOC_084,LOC_056,338.4,31,Critical,Severe,Poor,Restricted
ROAD_0285,LOC_021,LOC_001,323.25,69,Medium,Low,Poor,Open
ROAD_0286,LOC_033,LOC_020,2.11,237,High,High,Good,Open
ROAD_0287,LOC_033,LOC_048,117.45,155,High,High,Good,Restricted
ROAD_0288,LOC_080,LOC_012,106.09,76,Critical,Severe,Good,Open
ROAD_0289,LOC_074,LOC_009,190.81,136,Low,Low,Good,Closed
ROAD_0290,LOC_020,LOC_097,474.71,598,Low,Low,Damaged,Closed
ROAD_0291,LOC_082,LOC_016,220.83,572,High,Severe,Damaged,Open
ROAD_0292,LOC_084,LOC_013,168.86,212,Medium,Severe,Good,Open
ROAD_0293,LOC_095,LOC_025,30.61,102,Low,Low,Good,Restricted
ROAD_0294,LOC_029,LOC_025,78.4,17,Low,Severe,Good,Closed
ROAD_0295,LOC_048,LOC_013,330.48,81,Critical,High,Poor,Open
ROAD_0296,LOC_095,LOC_048,334.01,145,Critical,High,Damaged,Restricted
ROAD_0297,LOC_014,LOC_097,232.5,412,Critical,Severe,Damaged,Open
ROAD_0298,LOC_048,LOC_086,165.95,400,Low,Low,Poor,Closed
ROAD_0299,LOC_081,LOC_045,202.34,31,Low,Low,Good,Restricted
ROAD_0300,LOC_024,LOC_013,7.06,242,Low,Low,Damaged,Restricted
ROAD_0301,LOC_075,LOC_087,83.65,139,Medium,Medium,Good,Open
ROAD_0302,LOC_076,LOC_007,115.66,210,High,Low,Fair,Open
ROAD_0303,LOC_072,LOC_020,359.33,347,Medium,High,Fair,Restricted
ROAD_0304,LOC_064,LOC_035,359.69,501,High,Medium,Good,Closed
ROAD_0305,LOC_001,LOC_066,384.27,420,Medium,Medium,Fair,Closed
ROAD_0306,LOC_099,LOC_034,314.96,535,Critical,High,Fair,Restricted
ROAD_0307,LOC_039,LOC_054,325.17,362,Critical,Low,Fair,Closed
ROAD_0308,LOC_054,LOC_047,105.3,379,Medium,Medium,Good,Open
ROAD_0309,LOC_086,LOC_067,23.33,480,Medium,Medium,Fair,Closed
ROAD_0310,LOC_041,LOC_018,211.92,424,Low,Low,Fair,Restricted
ROAD_0311,LOC_081,LOC_022,393.51,289,Medium,Medium,Good,Open
ROAD_0312,LOC_001,LOC_008,449.79,218,Low,Severe,Fair,Restricted
ROAD_0313,LOC_045,LOC_093,399.03,121,Low,High,Good,Restricted
ROAD_0314,LOC_054,LOC_056,480.7,131,High,High,Poor,Closed
ROAD_0315,LOC_019,LOC_087,479.26,48,Medium,Low,Poor,Closed
ROAD_0316,LOC_049,LOC_028,254.72,247,Medium,Severe,Fair,Restricted
ROAD_0317,LOC_098,LOC_057,180.24,85,Medium,Medium,Fair,Open
ROAD_0318,LOC_030,LOC_042,166.91,564,Medium,High,Good,Restricted
ROAD_0319,LOC_094,LOC_093,454.06,453,Low,Medium,Good,Closed
ROAD_0320,LOC_023,LOC_078,239.35,133,Critical,Medium,Poor,Restricted
ROAD_0321,LOC_070,LOC_082,16.81,338,Critical,Severe,Good,Restricted
ROAD_0322,LOC_087,LOC_043,463.74,372,Medium,Low,Good,Open
ROAD_0323,LOC_069,LOC_075,290.82,258,Medium,Severe,Poor,Restricted
ROAD_0324,LOC_099,LOC_055,491.79,118,Medium,Low,Poor,Open
ROAD_0325,LOC_021,LOC_014,34.03,380,Low,Severe,Fair,Open
ROAD_0326,LOC_074,LOC_077,358.18,137,Medium,Severe,Poor,Closed
ROAD_0327,LOC_086,LOC_068,245.02,527,Medium,Severe,Good,Restricted
ROAD_0328,LOC_050,LOC_043,90.13,189,Medium,High,Poor,Closed
ROAD_0329,LOC_030,LOC_094,462.68,552,Low,Low,Good,Open
ROAD_0330,LOC_054,LOC_098,46.48,434,High,High,Fair,Open
ROAD_0331,LOC_024,LOC_061,352.22,464,Medium,Severe,Fair,Closed
ROAD_0332,LOC_010,LOC_056,482.54,480,Critical,Medium,Poor,Open
ROAD_0333,LOC_039,LOC_046,455.49,249,Low,Severe,Good,Restricted
ROAD_0334,LOC_077,LOC_039,216.16,520,Medium,Medium,Damaged,Open
ROAD_0335,LOC_066,LOC_022,197.36,214,Critical,High,Fair,Restricted
ROAD_0336,LOC_017,LOC_044,280.25,564,High,Severe,Fair,Closed
ROAD_0337,LOC_067,LOC_022,367.15,233,Medium,Medium,Damaged,Open
ROAD_0338,LOC_099,LOC_067,401.62,222,Critical,Severe,Poor,Closed
ROAD_0339,LOC_055,LOC_069,200.39,562,Medium,Medium,Good,Open
ROAD_0340,LOC_027,LOC_100,421.61,144,Critical,Medium,Fair,Closed
ROAD_0341,LOC_059,LOC_083,128.55,424,Low,Severe,Poor,Restricted
ROAD_0342,LOC_010,LOC_074,326.1,532,Critical,Low,Damaged,Open
ROAD_0343,LOC_059,LOC_074,71.88,171,Critical,Medium,Damaged,Closed
ROAD_0344,LOC_047,LOC_098,446.66,414,Low,Severe,Poor,Closed
ROAD_0345,LOC_055,LOC_009,81.95,336,Medium,Severe,Fair,Restricted
ROAD_0346,LOC_005,LOC_087,165.31,189,Low,Severe,Good,Open
ROAD_0347,LOC_011,LOC_064,469.65,7,High,Low,Fair,Open
ROAD_0348,LOC_044,LOC_057,239.23,152,High,Low,Fair,Closed
ROAD_0349,LOC_004,LOC_001,421.91,480,Low,Severe,Good,Open
ROAD_0350,LOC_075,LOC_089,142.3,44,Medium,Low,Fair,Open
ROAD_0351,LOC_018,LOC_027,306.7,141,High,High,Fair,Open
ROAD_0352,LOC_053,LOC_083,56.32,508,High,Medium,Fair,Closed
ROAD_0353,LOC_087,LOC_091,255.89,109,Medium,Medium,Poor,Open
ROAD_0354,LOC_076,LOC_060,454.57,6,Low,Medium,Damaged,Open
ROAD_0355,LOC_004,LOC_082,400.7,559,Medium,Medium,Fair,Open
ROAD_0356,LOC_032,LOC_079,232.7,362,Medium,Low,Poor,Closed
ROAD_0357,LOC_083,LOC_003,84.94,473,High,High,Poor,Closed
ROAD_0358,LOC_020,LOC_013,182.02,329,Low,Low,Damaged,Restricted
ROAD_0359,LOC_092,LOC_028,351.22,11,Low,High,Poor,Open
ROAD_0360,LOC_040,LOC_010,369.81,481,High,Medium,Damaged,Closed
ROAD_0361,LOC_080,LOC_053,401.73,461,Medium,Medium,Poor,Closed
ROAD_0362,LOC_096,LOC_033,445.51,133,Critical,Low,Poor,Closed
ROAD_0363,LOC_039,LOC_010,266.96,201,High,Low,Damaged,Closed
ROAD_0364,LOC_003,LOC_075,46.3,575,High,Severe,Poor,Closed
ROAD_0365,LOC_026,LOC_087,208.91,308,Medium,Severe,Good,Closed
ROAD_0366,LOC_065,LOC_001,436.9,490,Low,High,Poor,Open
ROAD_0367,LOC_023,LOC_004,66.81,326,High,Severe,Damaged,Closed
ROAD_0368,LOC_026,LOC_063,246.96,277,Low,Medium,Poor,Open
ROAD_0369,LOC_034,LOC_004,484.22,49,Medium,High,Poor,Open
ROAD_0370,LOC_016,LOC_099,82.52,260,High,Low,Damaged,Open
ROAD_0371,LOC_049,LOC_062,8.75,395,Medium,Medium,Good,Open
ROAD_0372,LOC_024,LOC_070,73.19,210,High,Severe,Damaged,Restricted
ROAD_0373,LOC_091,LOC_063,487.77,400,Critical,Severe,Fair,Open
ROAD_0374,LOC_097,LOC_075,479.89,373,High,Medium,Fair,Closed
ROAD_0375,LOC_046,LOC_043,36.26,29,Low,Medium,Poor,Restricted
ROAD_0376,LOC_033,LOC_060,425.3,458,High,High,Good,Closed
ROAD_0377,LOC_057,LOC_004,192.07,377,Medium,Medium,Damaged,Closed
ROAD_0378,LOC_037,LOC_010,439.68,241,High,Severe,Good,Restricted
ROAD_0379,LOC_026,LOC_069,209.48,86,Low,Medium,Good,Closed
ROAD_0380,LOC_092,LOC_019,33.71,517,Critical,Severe,Poor,Restricted
ROAD_0381,LOC_070,LOC_072,240.74,62,Critical,Severe,Poor,Restricted
ROAD_0382,LOC_003,LOC_021,494.36,463,Medium,Medium,Damaged,Open
ROAD_0383,LOC_087,LOC_008,284.05,396,High,High,Good,Open
ROAD_0384,LOC_065,LOC_007,487.88,392,Low,Low,Poor,Open
ROAD_0385,LOC_016,LOC_025,197.92,408,Low,Medium,Poor,Open
ROAD_0386,LOC_064,LOC_014,105.82,18,Low,Low,Good,Restricted
ROAD_0387,LOC_047,LOC_046,326.07,585,Medium,Medium,Fair,Restricted
ROAD_0388,LOC_082,LOC_089,414.87,123,Critical,Medium,Fair,Restricted
ROAD_0389,LOC_050,LOC_021,151.7,110,Critical,High,Poor,Closed
ROAD_0390,LOC_089,LOC_053,163.24,427,Low,Medium,Good,Restricted
ROAD_0391,LOC_063,LOC_011,428.74,116,High,Medium,Good,Closed
ROAD_0392,LOC_011,LOC_029,305.78,183,Critical,Low,Fair,Closed
ROAD_0393,LOC_053,LOC_046,316.96,23,High,Low,Fair,Open
ROAD_0394,LOC_024,LOC_074,354.27,422,Critical,High,Good,Open
ROAD_0395,LOC_030,LOC_041,192.8,410,Medium,Low,Damaged,Restricted
ROAD_0396,LOC_063,LOC_058,358.58,457,Low,Low,Fair,Restricted
ROAD_0397,LOC_017,LOC_014,250.31,183,Low,Medium,Poor,Restricted
ROAD_0398,LOC_070,LOC_054,360.28,216,Low,Severe,Damaged,Closed
ROAD_0399,LOC_061,LOC_060,352.79,205,Low,Low,Good,Open
ROAD_0400,LOC_063,LOC_089,374.92,238,High,Low,Damaged,Open
ROAD_0401,LOC_071,LOC_043,279.36,93,Low,Medium,Fair,Closed
ROAD_0402,LOC_072,LOC_026,87.45,82,High,Medium,Fair,Open
ROAD_0403,LOC_089,LOC_025,12.8,235,Low,Medium,Good,Restricted
ROAD_0404,LOC_067,LOC_035,223.04,263,Critical,Medium,Poor,Open
ROAD_0405,LOC_080,LOC_010,99.31,96,Critical,Low,Fair,Closed
ROAD_0406,LOC_039,LOC_007,393.88,444,Medium,Severe,Fair,Open
ROAD_0407,LOC_044,LOC_016,329.58,470,Medium,Medium,Fair,Open
ROAD_0408,LOC_045,LOC_028,400.75,70,Low,Medium,Good,Closed
ROAD_0409,LOC_039,LOC_023,133.61,468,Critical,Low,Fair,Open
ROAD_0410,LOC_010,LOC_063,193.71,530,Medium,Severe,Good,Restricted
ROAD_0411,LOC_002,LOC_086,49.11,54,High,High,Poor,Restricted
ROAD_0412,LOC_087,LOC_094,382.08,100,Low,Medium,Fair,Closed
ROAD_0413,LOC_068,LOC_090,286.64,260,High,Low,Good,Open
ROAD_0414,LOC_027,LOC_041,301.32,386,High,Medium,Poor,Open
ROAD_0415,LOC_075,LOC_022,194.73,137,Medium,Low,Damaged,Closed
ROAD_0416,LOC_073,LOC_043,85.44,425,Low,High,Good,Restricted
ROAD_0417,LOC_097,LOC_046,126.42,600,Critical,High,Poor,Open
ROAD_0418,LOC_094,LOC_026,74.69,467,Low,Low,Poor,Closed
ROAD_0419,LOC_036,LOC_070,307.14,238,Low,Low,Fair,Open
ROAD_0420,LOC_095,LOC_033,238.12,62,High,Severe,Fair,Closed
ROAD_0421,LOC_076,LOC_008,365.77,410,Low,High,Fair,Open
ROAD_0422,LOC_041,LOC_037,471.01,278,High,Severe,Good,Restricted
ROAD_0423,LOC_037,LOC_058,113.41,264,Medium,Medium,Fair,Open
ROAD_0424,LOC_066,LOC_030,323.89,359,High,Medium,Damaged,Restricted
ROAD_0425,LOC_064,LOC_072,449.73,404,High,Low,Fair,Closed
ROAD_0426,LOC_036,LOC_069,150.15,415,Low,Low,Damaged,Closed
ROAD_0427,LOC_032,LOC_003,162.54,480,Low,Severe,Good,Closed
ROAD_0428,LOC_061,LOC_013,430.3,405,Medium,Low,Damaged,Closed
ROAD_0429,LOC_058,LOC_015,481.97,478,High,Low,Poor,Open
ROAD_0430,LOC_053,LOC_049,71.6,113,Low,Low,Poor,Restricted
ROAD_0431,LOC_063,LOC_071,274.99,190,Low,High,Good,Open
ROAD_0432,LOC_038,LOC_047,61.38,296,Critical,Severe,Good,Restricted
ROAD_0433,LOC_099,LOC_072,79.97,320,Critical,Severe,Fair,Open
ROAD_0434,LOC_093,LOC_002,391.52,510,Low,Medium,Damaged,Restricted
ROAD_0435,LOC_039,LOC_052,186.63,303,Low,High,Damaged,Open
ROAD_0436,LOC_021,LOC_011,143.5,167,High,Medium,Good,Restricted
ROAD_0437,LOC_014,LOC_082,467.23,55,Medium,Severe,Fair,Closed
ROAD_0438,LOC_034,LOC_069,350.24,57,High,High,Good,Restricted
ROAD_0439,LOC_091,LOC_033,30.11,56,High,High,Fair,Closed
ROAD_0440,LOC_099,LOC_008,8.78,105,Medium,High,Fair,Open
ROAD_0441,LOC_007,LOC_089,439.55,414,Critical,Medium,Damaged,Open
ROAD_0442,LOC_081,LOC_074,334.26,556,Low,Severe,Damaged,Closed
ROAD_0443,LOC_051,LOC_041,52.37,53,Critical,High,Fair,Closed
ROAD_0444,LOC_091,LOC_084,403.69,311,Critical,Medium,Fair,Open
ROAD_0445,LOC_031,LOC_017,125.74,423,Medium,Low,Fair,Closed
ROAD_0446,LOC_081,LOC_002,81.89,337,Medium,Severe,Damaged,Open
ROAD_0447,LOC_079,LOC_082,208.78,389,Medium,Low,Fair,Open
ROAD_0448,LOC_091,LOC_039,454.64,331,Medium,Low,Fair,Open
ROAD_0449,LOC_053,LOC_028,433.88,138,High,Low,Good,Open
ROAD_0450,LOC_041,LOC_047,497.72,386,Low,High,Damaged,Open
ROAD_0451,LOC_070,LOC_021,278.56,78,Critical,Medium,Damaged,Closed
ROAD_0452,LOC_052,LOC_088,93.36,64,Low,Low,Fair,Open
ROAD_0453,LOC_011,LOC_077,402.93,143,Low,High,Good,Restricted
ROAD_0454,LOC_023,LOC_066,152.72,461,High,High,Poor,Restricted
ROAD_0455,LOC_061,LOC_024,230.16,95,High,High,Fair,Restricted
ROAD_0456,LOC_021,LOC_041,75.85,188,Low,Medium,Good,Open
ROAD_0457,LOC_011,LOC_100,240.0,104,Critical,Low,Poor,Open
ROAD_0458,LOC_053,LOC_060,212.0,477,Medium,Medium,Good,Restricted
ROAD_0459,LOC_091,LOC_052,425.69,42,High,Low,Fair,Closed
ROAD_0460,LOC_052,LOC_037,495.43,225,Medium,Severe,Fair,Closed
ROAD_0461,LOC_035,LOC_009,309.68,69,Medium,Severe,Fair,Open
ROAD_0462,LOC_019,LOC_092,172.23,289,Low,High,Damaged,Restricted
ROAD_0463,LOC_064,LOC_079,56.47,114,Low,Low,Good,Restricted
ROAD_0464,LOC_009,LOC_038,377.33,317,Critical,Medium,Poor,Restricted
ROAD_0465,LOC_100,LOC_089,77.84,434,Critical,Severe,Poor,Closed
ROAD_0466,LOC_092,LOC_011,370.19,319,Low,Medium,Poor,Restricted
ROAD_0467,LOC_035,LOC_089,3.39,557,Medium,Severe,Good,Restricted
ROAD_0468,LOC_002,LOC_003,44.01,296,Critical,Low,Fair,Closed
ROAD_0469,LOC_010,LOC_069,263.32,47,Medium,Low,Good,Closed
ROAD_0470,LOC_077,LOC_051,453.99,459,Low,Low,Fair,Restricted
ROAD_0471,LOC_053,LOC_039,381.94,234,Low,Medium,Fair,Restricted
ROAD_0472,LOC_077,LOC_075,179.8,98,Low,Medium,Fair,Open
ROAD_0473,LOC_017,LOC_064,434.26,590,Low,High,Fair,Open
ROAD_0474,LOC_010,LOC_042,173.65,99,Critical,Low,Damaged,Closed
ROAD_0475,LOC_091,LOC_030,295.09,216,Critical,Medium,Fair,Open
ROAD_0476,LOC_034,LOC_042,299.47,573,Critical,Low,Damaged,Closed
ROAD_0477,LOC_056,LOC_045,245.02,30,Low,High,Damaged,Closed
ROAD_0478,LOC_007,LOC_066,244.48,379,Critical,Severe,Poor,Open
ROAD_0479,LOC_045,LOC_042,434.06,128,High,High,Good,Closed
ROAD_0480,LOC_025,LOC_077,106.69,566,Medium,Low,Poor,Open
ROAD_0481,LOC_034,LOC_050,147.71,101,Medium,High,Damaged,Closed
ROAD_0482,LOC_023,LOC_065,331.26,324,Critical,Medium,Poor,Restricted
ROAD_0483,LOC_062,LOC_094,233.62,451,Medium,High,Good,Closed
ROAD_0484,LOC_092,LOC_011,399.18,5,High,Medium,Poor,Closed
ROAD_0485,LOC_097,LOC_001,40.66,285,Medium,Medium,Damaged,Restricted
ROAD_0486,LOC_014,LOC_087,194.83,96,High,Low,Good,Closed
ROAD_0487,LOC_037,LOC_031,59.14,309,Critical,High,Fair,Closed
ROAD_0488,LOC_065,LOC_022,251.42,412,High,Medium,Fair,Closed
ROAD_0489,LOC_057,LOC_049,464.55,9,Critical,High,Good,Closed
ROAD_0490,LOC_015,LOC_026,271.52,571,High,Severe,Good,Restricted
ROAD_0491,LOC_033,LOC_014,241.72,552,Low,Severe,Damaged,Open
ROAD_0492,LOC_084,LOC_048,318.51,49,Critical,Medium,Fair,Open
ROAD_0493,LOC_069,LOC_037,72.46,306,Medium,High,Damaged,Open
ROAD_0494,LOC_002,LOC_037,270.5,112,Low,Medium,Fair,Closed
ROAD_0495,LOC_036,LOC_018,349.51,248,Medium,Medium,Poor,Closed
ROAD_0496,LOC_084,LOC_056,402.99,448,High,Low,Poor,Open
ROAD_0497,LOC_016,LOC_038,267.73,391,Medium,Low,Damaged,Open
ROAD_0498,LOC_075,LOC_092,255.19,104,Critical,Severe,Poor,Closed
ROAD_0499,LOC_095,LOC_023,442.82,585,Medium,Medium,Poor,Open
ROAD_0500,LOC_056,LOC_041,289.37,495,Low,High,Fair,Restricted
ROAD_0501,LOC_018,LOC_089,386.69,133,Critical,Medium,Poor,Closed
ROAD_0502,LOC_022,LOC_087,353.55,106,Critical,Medium,Fair,Closed
ROAD_0503,LOC_054,LOC_009,327.7,470,Medium,Low,Poor,Open
ROAD_0504,LOC_066,LOC_048,52.67,211,Low,High,Damaged,Closed
ROAD_0505,LOC_085,LOC_060,168.59,291,Critical,Low,Good,Open
ROAD_0506,LOC_080,LOC_051,200.26,485,High,High,Fair,Open
ROAD_0507,LOC_001,LOC_003,281.28,481,High,High,Poor,Closed
ROAD_0508,LOC_052,LOC_056,437.25,299,Low,Severe,Damaged,Closed
ROAD_0509,LOC_084,LOC_085,116.91,130,High,Medium,Poor,Restricted
ROAD_0510,LOC_064,LOC_046,49.49,396,High,Low,Damaged,Open
ROAD_0511,LOC_044,LOC_099,219.07,247,High,Severe,Good,Open
ROAD_0512,LOC_051,LOC_005,363.29,346,Medium,Low,Poor,Open
ROAD_0513,LOC_074,LOC_080,485.97,324,Low,Medium,Damaged,Restricted
ROAD_0514,LOC_020,LOC_097,100.02,579,High,Severe,Poor,Open
ROAD_0515,LOC_083,LOC_035,354.48,361,High,High,Good,Restricted
ROAD_0516,LOC_079,LOC_053,241.45,400,Medium,Severe,Poor,Restricted
ROAD_0517,LOC_037,LOC_055,482.97,478,High,Severe,Poor,Open
ROAD_0518,LOC_010,LOC_085,75.04,64,Critical,High,Fair,Closed
ROAD_0519,LOC_100,LOC_071,295.38,390,Medium,High,Damaged,Open
ROAD_0520,LOC_028,LOC_100,88.58,98,Medium,High,Damaged,Restricted
ROAD_0521,LOC_011,LOC_036,447.87,272,Medium,Severe,Damaged,Closed
ROAD_0522,LOC_001,LOC_031,76.11,334,High,High,Fair,Restricted
ROAD_0523,LOC_004,LOC_031,79.74,49,Medium,Medium,Fair,Closed
ROAD_0524,LOC_054,LOC_037,427.24,300,Low,Low,Fair,Closed
ROAD_0525,LOC_073,LOC_027,324.83,150,High,Medium,Poor,Open
ROAD_0526,LOC_100,LOC_044,489.91,588,Medium,Low,Damaged,Restricted
ROAD_0527,LOC_067,LOC_094,482.95,278,Low,Low,Fair,Restricted
ROAD_0528,LOC_093,LOC_011,446.96,443,High,High,Poor,Open
ROAD_0529,LOC_084,LOC_070,450.91,297,Medium,High,Good,Closed
ROAD_0530,LOC_002,LOC_016,329.9,515,Low,High,Poor,Restricted
ROAD_0531,LOC_006,LOC_079,339.18,529,Critical,Severe,Good,Closed
ROAD_0532,LOC_042,LOC_026,164.3,386,High,Low,Fair,Restricted
ROAD_0533,LOC_083,LOC_023,374.72,320,High,Medium,Good,Restricted
ROAD_0534,LOC_071,LOC_089,14.54,554,Medium,High,Poor,Closed
ROAD_0535,LOC_096,LOC_069,216.68,347,Medium,Low,Fair,Open
ROAD_0536,LOC_020,LOC_060,301.76,36,High,High,Damaged,Closed
ROAD_0537,LOC_040,LOC_052,408.02,156,High,Medium,Damaged,Closed
ROAD_0538,LOC_058,LOC_093,389.1,104,Critical,Low,Damaged,Open
ROAD_0539,LOC_022,LOC_012,373.71,521,Critical,High,Poor,Closed
ROAD_0540,LOC_097,LOC_100,454.57,48,Low,High,Good,Restricted
ROAD_0541,LOC_092,LOC_032,499.14,553,High,Medium,Damaged,Restricted
ROAD_0542,LOC_059,LOC_090,345.67,427,High,Medium,Damaged,Closed
ROAD_0543,LOC_048,LOC_015,42.55,522,Critical,Severe,Poor,Closed
ROAD_0544,LOC_015,LOC_048,111.29,481,High,Medium,Damaged,Restricted
ROAD_0545,LOC_013,LOC_004,489.34,517,Critical,Low,Poor,Restricted
ROAD_0546,LOC_018,LOC_020,132.0,282,High,High,Damaged,Closed
ROAD_0547,LOC_023,LOC_026,201.39,501,Low,High,Fair,Closed
ROAD_0548,LOC_053,LOC_002,177.12,279,Medium,High,Poor,Restricted
ROAD_0549,LOC_029,LOC_087,39.06,536,Critical,Medium,Damaged,Open
ROAD_0550,LOC_061,LOC_098,352.29,335,Medium,Severe,Damaged,Restricted
ROAD_0551,LOC_030,LOC_062,269.95,276,Medium,Severe,Fair,Restricted
ROAD_0552,LOC_035,LOC_095,400.59,180,Low,Severe,Fair,Closed
ROAD_0553,LOC_068,LOC_010,110.48,240,Medium,Severe,Good,Restricted
ROAD_0554,LOC_057,LOC_001,284.37,251,Low,Low,Good,Closed
ROAD_0555,LOC_053,LOC_050,143.4,180,Medium,High,Fair,Restricted
ROAD_0556,LOC_078,LOC_092,366.92,115,Critical,Low,Damaged,Open
ROAD_0557,LOC_071,LOC_016,201.49,514,Critical,Severe,Damaged,Closed
ROAD_0558,LOC_067,LOC_005,423.08,158,Critical,Low,Fair,Closed
ROAD_0559,LOC_001,LOC_014,355.2,261,Low,Medium,Poor,Restricted
ROAD_0560,LOC_038,LOC_047,274.64,251,High,Severe,Fair,Open
ROAD_0561,LOC_098,LOC_060,164.76,558,High,Low,Poor,Open
ROAD_0562,LOC_013,LOC_048,413.43,64,Critical,Severe,Good,Closed
ROAD_0563,LOC_057,LOC_051,220.04,153,Medium,High,Poor,Closed
ROAD_0564,LOC_087,LOC_040,472.86,228,High,High,Good,Restricted
ROAD_0565,LOC_076,LOC_010,18.05,224,Medium,High,Damaged,Closed
ROAD_0566,LOC_092,LOC_055,321.32,100,High,High,Damaged,Restricted
ROAD_0567,LOC_007,LOC_062,284.09,419,High,Severe,Poor,Open
ROAD_0568,LOC_067,LOC_010,447.92,331,Low,High,Damaged,Restricted
ROAD_0569,LOC_089,LOC_046,37.19,251,Critical,Severe,Damaged,Open
ROAD_0570,LOC_045,LOC_093,269.4,44,Low,High,Good,Closed
ROAD_0571,LOC_053,LOC_011,41.14,160,Critical,Medium,Poor,Closed
ROAD_0572,LOC_009,LOC_079,282.44,83,Medium,High,Poor,Closed
ROAD_0573,LOC_067,LOC_023,138.82,484,Critical,High,Poor,Closed
ROAD_0574,LOC_067,LOC_014,96.33,581,Medium,High,Poor,Open
ROAD_0575,LOC_033,LOC_048,80.81,525,High,High,Fair,Open
ROAD_0576,LOC_045,LOC_023,372.17,217,Medium,Low,Poor,Open
ROAD_0577,LOC_100,LOC_002,97.99,325,Critical,High,Fair,Restricted
ROAD_0578,LOC_034,LOC_025,317.06,426,Critical,Medium,Fair,Restricted
ROAD_0579,LOC_002,LOC_005,88.14,69,High,High,Damaged,Restricted
ROAD_0580,LOC_004,LOC_029,298.34,65,High,Medium,Poor,Restricted
ROAD_0581,LOC_017,LOC_040,107.52,262,Critical,High,Damaged,Closed
ROAD_0582,LOC_026,LOC_098,114.11,572,Medium,Severe,Damaged,Closed
ROAD_0583,LOC_018,LOC_062,367.13,547,Critical,Low,Poor,Open
ROAD_0584,LOC_020,LOC_017,61.45,393,High,Severe,Damaged,Closed
ROAD_0585,LOC_099,LOC_060,45.84,34,Medium,Severe,Damaged,Restricted
ROAD_0586,LOC_052,LOC_077,85.34,275,High,Severe,Damaged,Open
ROAD_0587,LOC_086,LOC_055,113.28,408,Low,High,Fair,Closed
ROAD_0588,LOC_040,LOC_004,266.6,571,Critical,Medium,Fair,Closed
ROAD_0589,LOC_019,LOC_008,230.35,524,High,Severe,Damaged,Restricted
ROAD_0590,LOC_093,LOC_051,152.6,293,High,Severe,Damaged,Open
ROAD_0591,LOC_047,LOC_100,302.82,82,Medium,Severe,Fair,Open
ROAD_0592,LOC_095,LOC_051,199.33,491,Critical,High,Poor,Open
ROAD_0593,LOC_065,LOC_072,264.24,404,High,Severe,Fair,Closed
ROAD_0594,LOC_018,LOC_024,305.13,586,Low,Low,Poor,Closed
ROAD_0595,LOC_080,LOC_033,139.61,99,Medium,High,Poor,Restricted
ROAD_0596,LOC_038,LOC_043,143.46,168,Medium,High,Poor,Open
ROAD_0597,LOC_077,LOC_089,91.3,315,Low,Severe,Good,Closed
ROAD_0598,LOC_044,LOC_018,358.05,320,Medium,Low,Good,Closed
ROAD_0599,LOC_041,LOC_082,98.35,532,Critical,Severe,Poor,Closed
ROAD_0600,LOC_054,LOC_010,324.46,62,Low,Low,Poor,Open
ROAD_0601,LOC_061,LOC_029,332.52,413,Low,Medium,Good,Restricted
ROAD_0602,LOC_067,LOC_086,370.33,553,Medium,Medium,Poor,Open
ROAD_0603,LOC_061,LOC_056,306.09,191,Critical,Severe,Damaged,Open
ROAD_0604,LOC_027,LOC_072,127.85,476,Low,Low,Fair,Closed
ROAD_0605,LOC_069,LOC_085,224.76,359,Low,High,Good,Restricted
ROAD_0606,LOC_084,LOC_036,385.23,456,High,Low,Poor,Closed
ROAD_0607,LOC_014,LOC_075,235.61,489,Critical,High,Good,Closed
ROAD_0608,LOC_037,LOC_065,187.85,98,High,High,Fair,Open
ROAD_0609,LOC_013,LOC_052,321.42,213,High,Low,Damaged,Open
ROAD_0610,LOC_065,LOC_013,298.94,239,Medium,Medium,Poor,Restricted
ROAD_0611,LOC_081,LOC_045,37.67,277,Critical,Low,Fair,Open
ROAD_0612,LOC_097,LOC_098,225.32,55,Critical,Severe,Fair,Closed
ROAD_0613,LOC_060,LOC_037,293.24,186,Critical,Medium,Damaged,Open
ROAD_0614,LOC_039,LOC_037,287.0,314,High,High,Poor,Closed
ROAD_0615,LOC_098,LOC_059,430.34,76,Medium,Low,Damaged,Open
ROAD_0616,LOC_098,LOC_064,98.71,56,High,Severe,Good,Restricted
ROAD_0617,LOC_023,LOC_090,91.06,163,Low,High,Good,Closed
ROAD_0618,LOC_098,LOC_076,2.88,164,High,Low,Fair,Open
ROAD_0619,LOC_043,LOC_014,318.46,407,Low,Severe,Poor,Closed
ROAD_0620,LOC_004,LOC_022,423.96,371,High,Severe,Poor,Restricted
ROAD_0621,LOC_059,LOC_086,417.73,306,Medium,High,Good,Open
ROAD_0622,LOC_009,LOC_061,158.75,117,Low,Low,Fair,Open
ROAD_0623,LOC_079,LOC_083,198.53,41,Critical,High,Fair,Restricted
ROAD_0624,LOC_045,LOC_023,339.76,477,Medium,Medium,Poor,Open
ROAD_0625,LOC_082,LOC_050,209.23,35,Low,Low,Damaged,Open
ROAD_0626,LOC_027,LOC_081,444.07,125,Medium,Medium,Damaged,Open
ROAD_0627,LOC_059,LOC_008,448.01,445,Critical,Low,Fair,Closed
ROAD_0628,LOC_010,LOC_056,473.41,196,Critical,Severe,Fair,Closed
ROAD_0629,LOC_002,LOC_070,256.8,270,High,Low,Fair,Closed
ROAD_0630,LOC_037,LOC_068,456.53,344,Critical,Medium,Fair,Closed
ROAD_0631,LOC_011,LOC_076,368.82,208,Medium,Severe,Poor,Restricted
ROAD_0632,LOC_068,LOC_052,212.97,238,Low,Medium,Good,Open
ROAD_0633,LOC_026,LOC_060,314.04,333,High,Severe,Damaged,Closed
ROAD_0634,LOC_079,LOC_011,311.38,224,High,High,Good,Closed
ROAD_0635,LOC_030,LOC_050,238.13,224,High,Low,Good,Closed
ROAD_0636,LOC_026,LOC_059,234.82,117,Medium,Low,Good,Open
ROAD_0637,LOC_008,LOC_078,248.71,155,Low,Medium,Poor,Closed
ROAD_0638,LOC_070,LOC_046,397.39,103,High,Low,Damaged,Closed
ROAD_0639,LOC_060,LOC_001,378.23,175,Critical,High,Damaged,Closed
ROAD_0640,LOC_066,LOC_039,304.83,559,Low,Severe,Poor,Closed
ROAD_0641,LOC_014,LOC_090,405.32,544,Critical,Severe,Poor,Closed
ROAD_0642,LOC_096,LOC_046,199.94,287,High,Low,Poor,Closed
ROAD_0643,LOC_070,LOC_052,296.4,66,Critical,High,Damaged,Open
ROAD_0644,LOC_018,LOC_030,142.97,92,High,Low,Good,Restricted
ROAD_0645,LOC_052,LOC_055,183.16,23,High,High,Good,Restricted
ROAD_0646,LOC_089,LOC_082,209.24,423,High,High,Fair,Closed
ROAD_0647,LOC_005,LOC_081,109.61,453,Low,Low,Good,Restricted
ROAD_0648,LOC_060,LOC_099,269.01,320,Medium,Severe,Good,Open
ROAD_0649,LOC_051,LOC_005,256.87,423,High,Severe,Good,Open
ROAD_0650,LOC_076,LOC_087,284.4,65,Medium,Severe,Poor,Open
ROAD_0651,LOC_074,LOC_038,353.93,357,Low,High,Fair,Closed
ROAD_0652,LOC_049,LOC_090,240.51,545,Low,Low,Poor,Restricted
ROAD_0653,LOC_032,LOC_021,469.29,262,Critical,High,Poor,Restricted
ROAD_0654,LOC_100,LOC_079,116.52,83,Critical,High,Fair,Closed
ROAD_0655,LOC_054,LOC_038,257.03,556,Critical,High,Fair,Closed
ROAD_0656,LOC_012,LOC_018,496.27,267,High,High,Good,Restricted
ROAD_0657,LOC_079,LOC_024,456.23,566,Medium,Medium,Poor,Restricted
ROAD_0658,LOC_050,LOC_081,352.05,471,Critical,Medium,Poor,Closed
ROAD_0659,LOC_079,LOC_024,320.73,347,Medium,Medium,Good,Restricted
ROAD_0660,LOC_073,LOC_030,430.19,454,Medium,Low,Good,Open
ROAD_0661,LOC_099,LOC_054,259.73,527,High,Medium,Poor,Closed
ROAD_0662,LOC_012,LOC_003,19.51,57,High,Medium,Poor,Closed
ROAD_0663,LOC_092,LOC_090,73.24,374,Critical,Severe,Fair,Open
ROAD_0664,LOC_047,LOC_075,41.27,535,Low,Medium,Damaged,Open
ROAD_0665,LOC_053,LOC_075,421.13,294,Critical,Severe,Poor,Open
ROAD_0666,LOC_035,LOC_079,65.19,279,Critical,High,Fair,Closed
ROAD_0667,LOC_081,LOC_062,203.68,56,Critical,Medium,Poor,Restricted
ROAD_0668,LOC_039,LOC_001,41.24,500,Medium,High,Fair,Open
ROAD_0669,LOC_006,LOC_018,374.28,295,High,High,Poor,Open
ROAD_0670,LOC_091,LOC_082,285.83,393,Medium,High,Good,Open
ROAD_0671,LOC_090,LOC_060,395.4,54,Medium,Low,Damaged,Closed
ROAD_0672,LOC_094,LOC_007,188.56,121,Medium,Low,Poor,Restricted
ROAD_0673,LOC_074,LOC_061,238.61,194,Medium,Medium,Fair,Restricted
ROAD_0674,LOC_050,LOC_014,454.52,210,High,Medium,Fair,Open
ROAD_0675,LOC_020,LOC_025,415.96,11,High,Severe,Poor,Closed
ROAD_0676,LOC_097,LOC_014,240.37,335,Critical,High,Poor,Restricted
ROAD_0677,LOC_014,LOC_050,324.46,298,Medium,Severe,Good,Open
ROAD_0678,LOC_040,LOC_031,206.15,451,Medium,Low,Poor,Open
ROAD_0679,LOC_099,LOC_066,162.94,199,Low,Medium,Poor,Restricted
ROAD_0680,LOC_066,LOC_026,231.95,322,Critical,Low,Poor,Open
ROAD_0681,LOC_002,LOC_052,205.04,297,Critical,High,Poor,Closed
ROAD_0682,LOC_057,LOC_002,292.86,84,Low,Low,Damaged,Closed
ROAD_0683,LOC_003,LOC_036,366.95,560,Medium,Medium,Good,Open
ROAD_0684,LOC_093,LOC_032,239.65,87,Medium,Low,Damaged,Closed
ROAD_0685,LOC_090,LOC_075,291.9,440,Low,Low,Damaged,Restricted
ROAD_0686,LOC_013,LOC_001,12.14,567,Critical,Severe,Fair,Open
ROAD_0687,LOC_054,LOC_073,80.6,315,Critical,Severe,Damaged,Restricted
ROAD_0688,LOC_065,LOC_084,199.5,160,Medium,Low,Fair,Restricted
ROAD_0689,LOC_070,LOC_060,78.21,253,High,Low,Fair,Restricted
ROAD_0690,LOC_003,LOC_066,61.5,260,Critical,Low,Good,Open
ROAD_0691,LOC_038,LOC_073,44.53,519,Critical,Medium,Damaged,Open
ROAD_0692,LOC_091,LOC_041,390.8,485,High,Low,Damaged,Closed
ROAD_0693,LOC_032,LOC_041,12.64,477,Critical,Medium,Poor,Restricted
ROAD_0694,LOC_079,LOC_023,83.64,175,Medium,Medium,Fair,Open
ROAD_0695,LOC_071,LOC_078,29.29,139,Medium,Low,Fair,Restricted
ROAD_0696,LOC_088,LOC_085,186.08,459,Low,Severe,Poor,Closed
ROAD_0697,LOC_028,LOC_035,12.2,134,Medium,High,Fair,Open
ROAD_0698,LOC_001,LOC_050,287.78,12,High,Severe,Poor,Open
ROAD_0699,LOC_077,LOC_035,28.08,128,Critical,Medium,Fair,Restricted
ROAD_0700,LOC_032,LOC_061,489.91,67,Medium,Severe,Damaged,Closed
ROAD_0701,LOC_066,LOC_010,213.24,338,High,Severe,Fair,Closed
ROAD_0702,LOC_061,LOC_039,379.96,402,Medium,Medium,Fair,Closed
ROAD_0703,LOC_056,LOC_049,294.93,190,High,Low,Damaged,Closed
ROAD_0704,LOC_001,LOC_077,452.96,111,Medium,Low,Good,Restricted
ROAD_0705,LOC_032,LOC_044,269.82,360,Medium,High,Good,Open
ROAD_0706,LOC_067,LOC_069,285.58,51,Critical,High,Damaged,Closed
ROAD_0707,LOC_080,LOC_032,121.88,240,Critical,Severe,Damaged,Closed
ROAD_0708,LOC_040,LOC_007,33.86,221,High,Medium,Damaged,Restricted
ROAD_0709,LOC_075,LOC_094,170.27,97,High,High,Good,Open
ROAD_0710,LOC_097,LOC_092,288.0,92,Low,Medium,Damaged,Open
ROAD_0711,LOC_002,LOC_068,119.38,257,Medium,Low,Good,Open
ROAD_0712,LOC_054,LOC_075,31.3,372,Medium,Medium,Poor,Restricted
ROAD_0713,LOC_081,LOC_034,92.82,178,High,Low,Damaged,Restricted
ROAD_0714,LOC_007,LOC_092,167.81,60,Low,Medium,Poor,Restricted
ROAD_0715,LOC_090,LOC_022,443.59,172,High,Medium,Good,Open
ROAD_0716,LOC_032,LOC_012,338.24,178,Critical,High,Poor,Closed
ROAD_0717,LOC_050,LOC_009,223.99,214,Low,High,Good,Open
ROAD_0718,LOC_041,LOC_094,32.81,468,High,Severe,Poor,Open
ROAD_0719,LOC_025,LOC_055,461.14,551,High,Medium,Good,Open
ROAD_0720,LOC_009,LOC_059,115.81,481,High,Medium,Damaged,Open
ROAD_0721,LOC_061,LOC_057,48.92,195,Critical,Severe,Fair,Restricted
ROAD_0722,LOC_099,LOC_056,293.83,143,Critical,High,Damaged,Restricted
ROAD_0723,LOC_044,LOC_006,275.79,401,Low,Medium,Fair,Closed
ROAD_0724,LOC_058,LOC_097,298.34,153,Low,Severe,Poor,Open
ROAD_0725,LOC_037,LOC_015,282.32,459,Medium,Low,Poor,Open
ROAD_0726,LOC_011,LOC_098,396.67,350,High,High,Poor,Open
ROAD_0727,LOC_023,LOC_044,222.16,101,Critical,High,Fair,Restricted
ROAD_0728,LOC_097,LOC_005,402.83,275,Medium,High,Poor,Open
ROAD_0729,LOC_079,LOC_018,1.63,370,Critical,Severe,Fair,Open
ROAD_0730,LOC_043,LOC_002,360.31,574,Low,High,Good,Open
ROAD_0731,LOC_026,LOC_031,206.31,478,Low,Severe,Fair,Closed
ROAD_0732,LOC_030,LOC_082,126.16,520,High,Medium,Damaged,Closed
ROAD_0733,LOC_041,LOC_016,139.85,418,Critical,Severe,Damaged,Closed
ROAD_0734,LOC_066,LOC_070,378.1,136,Medium,Low,Poor,Restricted
ROAD_0735,LOC_066,LOC_050,367.8,113,Critical,Low,Damaged,Open
ROAD_0736,LOC_085,LOC_057,179.99,36,Low,Medium,Poor,Closed
ROAD_0737,LOC_097,LOC_034,103.4,140,Critical,High,Poor,Open
ROAD_0738,LOC_024,LOC_053,284.44,333,Critical,High,Fair,Open
ROAD_0739,LOC_055,LOC_061,420.18,60,Low,Low,Poor,Closed
ROAD_0740,LOC_095,LOC_034,31.68,37,High,Severe,Fair,Open
ROAD_0741,LOC_062,LOC_010,192.17,530,Critical,Severe,Fair,Closed
ROAD_0742,LOC_014,LOC_057,217.59,482,Medium,Low,Good,Open
ROAD_0743,LOC_018,LOC_023,240.1,239,Critical,Severe,Fair,Closed
ROAD_0744,LOC_066,LOC_079,291.32,358,Low,Severe,Damaged,Open
ROAD_0745,LOC_093,LOC_072,395.13,326,Medium,Low,Damaged,Restricted
ROAD_0746,LOC_025,LOC_066,422.68,193,High,Low,Poor,Open
ROAD_0747,LOC_093,LOC_004,89.29,10,High,Severe,Poor,Open
ROAD_0748,LOC_045,LOC_037,497.5,529,Medium,High,Good,Restricted
ROAD_0749,LOC_033,LOC_084,458.08,414,High,Low,Damaged,Open
ROAD_0750,LOC_041,LOC_019,271.07,392,Low,Medium,Poor,Restricted
ROAD_0751,LOC_010,LOC_059,389.12,92,Low,Low,Poor,Open
ROAD_0752,LOC_067,LOC_004,457.72,316,Medium,Severe,Poor,Restricted
ROAD_0753,LOC_024,LOC_076,284.21,487,Medium,Severe,Damaged,Restricted
ROAD_0754,LOC_057,LOC_047,123.81,123,Medium,Severe,Poor,Open
ROAD_0755,LOC_077,LOC_076,408.36,287,High,Medium,Damaged,Open
ROAD_0756,LOC_040,LOC_078,397.24,285,High,Severe,Poor,Open
ROAD_0757,LOC_030,LOC_049,183.32,348,Medium,High,Good,Closed
ROAD_0758,LOC_037,LOC_046,469.88,298,Medium,Low,Fair,Open
ROAD_0759,LOC_033,LOC_079,130.74,83,High,High,Fair,Open
ROAD_0760,LOC_058,LOC_088,389.44,333,Low,High,Poor,Restricted
ROAD_0761,LOC_001,LOC_089,198.51,319,Low,Low,Damaged,Open
ROAD_0762,LOC_063,LOC_040,157.52,593,High,Severe,Fair,Open
ROAD_0763,LOC_036,LOC_025,333.59,512,Medium,Low,Poor,Restricted
ROAD_0764,LOC_069,LOC_083,232.35,119,Medium,Medium,Poor,Restricted
ROAD_0765,LOC_049,LOC_024,219.04,152,Critical,Low,Good,Closed
ROAD_0766,LOC_064,LOC_074,468.38,137,Low,Medium,Damaged,Closed
ROAD_0767,LOC_035,LOC_088,136.81,537,High,Medium,Poor,Restricted
ROAD_0768,LOC_046,LOC_092,487.45,321,High,Low,Damaged,Open
ROAD_0769,LOC_041,LOC_098,483.52,353,High,Medium,Damaged,Restricted
ROAD_0770,LOC_093,LOC_049,320.42,245,Low,Low,Poor,Open
ROAD_0771,LOC_037,LOC_031,44.39,309,Medium,Medium,Fair,Restricted
ROAD_0772,LOC_088,LOC_033,122.72,327,Critical,Medium,Poor,Closed
ROAD_0773,LOC_062,LOC_076,76.45,375,Medium,High,Fair,Open
ROAD_0774,LOC_005,LOC_100,345.3,15,Medium,Low,Poor,Open
ROAD_0775,LOC_097,LOC_086,100.1,71,High,Low,Fair,Open
ROAD_0776,LOC_008,LOC_031,255.45,248,High,High,Damaged,Restricted
ROAD_0777,LOC_052,LOC_031,299.77,282,High,Severe,Good,Closed
ROAD_0778,LOC_008,LOC_048,360.22,147,Medium,Low,Fair,Closed
ROAD_0779,LOC_041,LOC_061,33.66,308,High,High,Fair,Closed
ROAD_0780,LOC_017,LOC_098,397.26,22,Low,Low,Good,Closed
ROAD_0781,LOC_093,LOC_058,65.33,35,Critical,Severe,Fair,Restricted
ROAD_0782,LOC_033,LOC_041,463.36,529,Low,High,Good,Closed
ROAD_0783,LOC_078,LOC_086,8.03,290,Medium,Medium,Fair,Closed
ROAD_0784,LOC_066,LOC_046,139.1,117,Low,Low,Good,Restricted
ROAD_0785,LOC_040,LOC_093,278.91,96,Low,Low,Damaged,Restricted
ROAD_0786,LOC_016,LOC_051,160.42,91,High,Medium,Good,Restricted
ROAD_0787,LOC_095,LOC_064,400.72,554,Medium,Severe,Good,Restricted
ROAD_0788,LOC_018,LOC_056,228.14,60,Critical,Medium,Good,Closed
ROAD_0789,LOC_006,LOC_012,125.52,432,Critical,Low,Fair,Open
ROAD_0790,LOC_012,LOC_026,255.75,350,High,Low,Good,Closed
ROAD_0791,LOC_099,LOC_086,451.74,596,Critical,Medium,Damaged,Open
ROAD_0792,LOC_007,LOC_022,293.71,263,High,Low,Damaged,Restricted
ROAD_0793,LOC_099,LOC_063,369.45,428,Critical,Severe,Good,Closed
ROAD_0794,LOC_041,LOC_089,335.83,451,Critical,Medium,Fair,Open
ROAD_0795,LOC_058,LOC_032,88.2,577,Critical,Severe,Fair,Restricted
ROAD_0796,LOC_050,LOC_034,339.55,479,Low,Severe,Fair,Open
ROAD_0797,LOC_060,LOC_098,95.18,181,Low,Low,Good,Closed
ROAD_0798,LOC_023,LOC_095,197.34,125,Low,High,Good,Open
ROAD_0799,LOC_016,LOC_009,28.49,448,High,Medium,Damaged,Restricted
ROAD_0800,LOC_012,LOC_032,375.09,119,Medium,High,Fair,Restricted
ROAD_0801,LOC_095,LOC_031,15.62,237,Critical,Medium,Good,Open
ROAD_0802,LOC_039,LOC_094,58.9,188,Critical,High,Good,Open
ROAD_0803,LOC_040,LOC_070,439.65,104,High,High,Damaged,Open
ROAD_0804,LOC_029,LOC_074,63.92,378,Medium,High,Good,Restricted
ROAD_0805,LOC_037,LOC_022,305.22,551,Critical,High,Fair,Closed
ROAD_0806,LOC_041,LOC_036,232.39,559,Medium,Medium,Poor,Open
ROAD_0807,LOC_032,LOC_042,39.47,399,High,High,Fair,Closed
ROAD_0808,LOC_085,LOC_051,401.53,497,Low,High,Damaged,Open
ROAD_0809,LOC_090,LOC_083,366.6,223,Medium,Low,Good,Closed
ROAD_0810,LOC_040,LOC_003,335.65,444,Low,Severe,Damaged,Restricted
ROAD_0811,LOC_024,LOC_100,487.98,443,Medium,Low,Fair,Restricted
ROAD_0812,LOC_008,LOC_093,377.84,257,Medium,Low,Good,Restricted
ROAD_0813,LOC_051,LOC_054,472.52,220,Medium,High,Fair,Closed
ROAD_0814,LOC_019,LOC_015,404.66,27,Medium,Medium,Fair,Open
ROAD_0815,LOC_012,LOC_039,460.11,465,Low,Medium,Fair,Restricted
ROAD_0816,LOC_055,LOC_049,121.86,570,Low,High,Damaged,Restricted
ROAD_0817,LOC_014,LOC_007,429.99,599,Low,High,Damaged,Restricted
ROAD_0818,LOC_097,LOC_015,466.56,219,Medium,High,Good,Closed
ROAD_0819,LOC_020,LOC_034,152.07,526,Critical,Severe,Damaged,Open
ROAD_0820,LOC_049,LOC_048,429.89,16,High,Medium,Damaged,Closed
ROAD_0821,LOC_003,LOC_054,246.25,53,High,High,Damaged,Open
ROAD_0822,LOC_052,LOC_088,66.31,123,Low,Low,Fair,Closed
ROAD_0823,LOC_011,LOC_049,399.85,14,Medium,Low,Good,Open
ROAD_0824,LOC_033,LOC_048,338.31,364,High,Severe,Poor,Open
ROAD_0825,LOC_078,LOC_020,488.11,569,Low,High,Poor,Closed
ROAD_0826,LOC_028,LOC_035,386.06,481,Low,High,Damaged,Open
ROAD_0827,LOC_065,LOC_087,489.33,557,Low,Low,Damaged,Open
ROAD_0828,LOC_037,LOC_008,379.65,372,Medium,Low,Fair,Restricted
ROAD_0829,LOC_023,LOC_098,47.58,238,High,Medium,Good,Restricted
ROAD_0830,LOC_040,LOC_090,225.77,56,Low,Severe,Good,Open
ROAD_0831,LOC_086,LOC_095,450.4,546,High,High,Good,Restricted
ROAD_0832,LOC_040,LOC_021,211.3,499,Medium,High,Good,Closed
ROAD_0833,LOC_037,LOC_078,12.45,313,Low,Low,Fair,Restricted
ROAD_0834,LOC_021,LOC_097,190.64,387,Medium,High,Fair,Restricted
ROAD_0835,LOC_093,LOC_092,190.86,213,Medium,Medium,Damaged,Closed
ROAD_0836,LOC_043,LOC_010,258.88,556,Low,Medium,Fair,Restricted
ROAD_0837,LOC_067,LOC_043,419.63,363,Low,High,Fair,Closed
ROAD_0838,LOC_036,LOC_034,341.53,444,Low,Medium,Good,Closed
ROAD_0839,LOC_086,LOC_041,336.89,291,Critical,Severe,Poor,Open
ROAD_0840,LOC_047,LOC_023,494.15,24,Critical,Severe,Good,Restricted
ROAD_0841,LOC_024,LOC_044,439.1,291,Low,Low,Poor,Closed
ROAD_0842,LOC_072,LOC_010,447.63,416,Medium,Severe,Poor,Closed
ROAD_0843,LOC_070,LOC_076,99.57,433,Critical,Low,Damaged,Open
ROAD_0844,LOC_025,LOC_062,349.66,168,Medium,Medium,Good,Restricted
ROAD_0845,LOC_027,LOC_031,165.07,420,Medium,Medium,Damaged,Open
ROAD_0846,LOC_021,LOC_070,167.46,150,Critical,High,Poor,Open
ROAD_0847,LOC_011,LOC_004,74.29,206,Critical,Medium,Poor,Restricted
ROAD_0848,LOC_042,LOC_018,401.56,466,Critical,High,Fair,Closed
ROAD_0849,LOC_006,LOC_016,33.22,5,Critical,Low,Good,Open
ROAD_0850,LOC_024,LOC_046,140.07,188,Low,Medium,Good,Open
ROAD_0851,LOC_066,LOC_001,182.69,273,Low,Severe,Fair,Closed
ROAD_0852,LOC_045,LOC_089,457.21,179,Medium,High,Poor,Restricted
ROAD_0853,LOC_040,LOC_033,74.39,486,Medium,Severe,Good,Restricted
ROAD_0854,LOC_087,LOC_068,361.25,168,Low,High,Damaged,Closed
ROAD_0855,LOC_083,LOC_087,492.86,551,Low,High,Good,Closed
ROAD_0856,LOC_034,LOC_091,459.39,21,Medium,High,Poor,Open
ROAD_0857,LOC_058,LOC_033,411.31,551,High,Severe,Poor,Open
ROAD_0858,LOC_013,LOC_019,96.37,55,Low,Severe,Poor,Restricted
ROAD_0859,LOC_032,LOC_039,51.3,590,High,Severe,Damaged,Closed
ROAD_0860,LOC_083,LOC_016,437.28,6,Medium,Medium,Poor,Closed
ROAD_0861,LOC_035,LOC_012,153.48,174,High,Severe,Fair,Open
ROAD_0862,LOC_050,LOC_091,423.66,165,High,Severe,Good,Restricted
ROAD_0863,LOC_035,LOC_032,299.3,484,Medium,Low,Good,Restricted
ROAD_0864,LOC_098,LOC_020,84.89,7,Medium,Severe,Good,Open
ROAD_0865,LOC_077,LOC_041,305.5,131,Medium,High,Damaged,Closed
ROAD_0866,LOC_044,LOC_001,425.19,561,High,Severe,Good,Restricted
ROAD_0867,LOC_087,LOC_076,108.29,340,High,Low,Poor,Closed
ROAD_0868,LOC_082,LOC_073,299.46,305,Medium,Low,Fair,Open
ROAD_0869,LOC_050,LOC_077,123.42,418,Critical,Low,Good,Closed
ROAD_0870,LOC_079,LOC_010,378.44,444,Low,Medium,Damaged,Closed
ROAD_0871,LOC_034,LOC_004,433.95,492,Low,Severe,Fair,Restricted
ROAD_0872,LOC_067,LOC_087,355.9,218,Medium,High,Good,Restricted
ROAD_0873,LOC_029,LOC_049,313.17,591,Medium,Medium,Fair,Closed
ROAD_0874,LOC_001,LOC_023,301.96,515,Medium,Medium,Poor,Closed
ROAD_0875,LOC_058,LOC_082,204.43,266,High,Low,Poor,Restricted
ROAD_0876,LOC_052,LOC_019,234.11,417,Critical,Low,Fair,Restricted
ROAD_0877,LOC_072,LOC_017,371.66,106,Low,Severe,Poor,Restricted
ROAD_0878,LOC_034,LOC_008,183.47,450,Low,Low,Damaged,Open
ROAD_0879,LOC_052,LOC_058,250.0,300,Critical,Severe,Good,Restricted
ROAD_0880,LOC_091,LOC_033,391.29,584,Low,High,Fair,Restricted
ROAD_0881,LOC_039,LOC_060,137.15,577,Low,Medium,Fair,Open
ROAD_0882,LOC_044,LOC_075,295.92,378,Medium,Medium,Fair,Open
ROAD_0883,LOC_078,LOC_032,103.05,428,High,Low,Poor,Closed
ROAD_0884,LOC_061,LOC_080,36.43,577,Low,High,Poor,Restricted
ROAD_0885,LOC_039,LOC_049,17.89,292,High,High,Fair,Restricted
ROAD_0886,LOC_033,LOC_099,337.29,167,High,Medium,Good,Open
ROAD_0887,LOC_015,LOC_061,16.93,600,Critical,Medium,Fair,Restricted
ROAD_0888,LOC_092,LOC_090,420.91,177,Medium,Medium,Damaged,Closed
ROAD_0889,LOC_097,LOC_088,132.97,365,Low,Medium,Poor,Restricted
ROAD_0890,LOC_092,LOC_015,66.85,257,Critical,Severe,Poor,Restricted
ROAD_0891,LOC_023,LOC_036,256.08,127,Medium,Severe,Poor,Closed
ROAD_0892,LOC_066,LOC_016,110.87,127,Low,Medium,Poor,Open
ROAD_0893,LOC_066,LOC_006,93.64,24,Critical,Severe,Damaged,Restricted
ROAD_0894,LOC_039,LOC_087,426.49,265,Low,Severe,Poor,Closed
ROAD_0895,LOC_098,LOC_065,366.84,457,Low,Low,Damaged,Closed
ROAD_0896,LOC_034,LOC_099,449.28,205,Medium,Low,Fair,Restricted
ROAD_0897,LOC_022,LOC_093,283.01,497,Low,Severe,Fair,Restricted
ROAD_0898,LOC_049,LOC_053,400.73,208,Low,Severe,Fair,Closed
ROAD_0899,LOC_046,LOC_028,344.27,157,Medium,High,Damaged,Open
ROAD_0900,LOC_079,LOC_038,241.76,145,Low,High,Poor,Closed
ROAD_0901,LOC_081,LOC_050,303.92,236,Low,High,Poor,Closed
ROAD_0902,LOC_003,LOC_019,181.67,579,High,Severe,Damaged,Open
ROAD_0903,LOC_045,LOC_041,10.18,76,High,Low,Fair,Open
ROAD_0904,LOC_093,LOC_060,371.61,574,High,High,Poor,Restricted
ROAD_0905,LOC_081,LOC_022,484.8,432,Low,High,Fair,Restricted
ROAD_0906,LOC_022,LOC_020,9.57,220,Low,Medium,Good,Restricted
ROAD_0907,LOC_020,LOC_092,287.11,429,Low,Low,Good,Closed
ROAD_0908,LOC_028,LOC_055,65.59,262,Medium,Low,Good,Closed
ROAD_0909,LOC_002,LOC_043,12.44,241,Critical,High,Good,Open
ROAD_0910,LOC_017,LOC_074,55.39,387,Low,High,Damaged,Closed
ROAD_0911,LOC_079,LOC_037,406.14,341,Low,Severe,Poor,Restricted
ROAD_0912,LOC_037,LOC_094,390.21,44,Critical,Low,Fair,Restricted
ROAD_0913,LOC_019,LOC_049,349.19,374,High,Severe,Damaged,Open
ROAD_0914,LOC_030,LOC_010,453.5,247,Critical,Low,Damaged,Open
ROAD_0915,LOC_024,LOC_095,72.78,505,Low,Medium,Damaged,Open
ROAD_0916,LOC_064,LOC_006,252.86,260,Low,Low,Damaged,Closed
ROAD_0917,LOC_044,LOC_088,318.76,502,Critical,Low,Poor,Closed
ROAD_0918,LOC_017,LOC_100,212.68,380,Medium,Low,Good,Restricted
ROAD_0919,LOC_048,LOC_047,221.06,75,Critical,Medium,Good,Restricted
ROAD_0920,LOC_050,LOC_051,115.27,237,Low,Low,Damaged,Closed
ROAD_0921,LOC_007,LOC_040,479.91,541,Medium,Low,Poor,Open
ROAD_0922,LOC_090,LOC_071,55.74,442,Critical,Severe,Fair,Closed
ROAD_0923,LOC_072,LOC_034,460.9,127,High,High,Damaged,Closed
ROAD_0924,LOC_077,LOC_068,206.81,139,Low,High,Good,Closed
ROAD_0925,LOC_004,LOC_095,401.04,134,Low,Severe,Damaged,Open
ROAD_0926,LOC_016,LOC_060,13.25,525,High,Severe,Damaged,Restricted
ROAD_0927,LOC_080,LOC_051,44.34,346,Low,High,Good,Closed
ROAD_0928,LOC_064,LOC_036,15.79,266,Low,Severe,Damaged,Open
ROAD_0929,LOC_084,LOC_044,285.0,180,Critical,High,Good,Restricted
ROAD_0930,LOC_011,LOC_069,65.78,328,High,Severe,Damaged,Closed
ROAD_0931,LOC_012,LOC_036,155.88,528,High,Severe,Good,Restricted
ROAD_0932,LOC_050,LOC_060,80.2,256,Medium,High,Good,Restricted
ROAD_0933,LOC_079,LOC_018,413.79,112,High,Low,Poor,Closed
ROAD_0934,LOC_061,LOC_095,127.59,228,Medium,Medium,Damaged,Open
ROAD_0935,LOC_090,LOC_018,76.12,190,High,Medium,Damaged,Open
ROAD_0936,LOC_065,LOC_020,301.54,446,Critical,Medium,Poor,Closed
ROAD_0937,LOC_073,LOC_056,360.55,90,Low,Low,Damaged,Closed
ROAD_0938,LOC_014,LOC_030,131.05,130,Medium,Medium,Good,Restricted
ROAD_0939,LOC_005,LOC_054,75.77,549,Low,Medium,Good,Closed
ROAD_0940,LOC_047,LOC_083,142.97,440,Critical,High,Damaged,Closed
ROAD_0941,LOC_091,LOC_015,425.56,516,High,Low,Good,Restricted
ROAD_0942,LOC_088,LOC_013,23.27,36,Critical,High,Poor,Closed
ROAD_0943,LOC_033,LOC_002,165.72,597,Low,High,Good,Closed
ROAD_0944,LOC_052,LOC_041,117.4,459,Critical,Low,Poor,Open
ROAD_0945,LOC_051,LOC_048,303.06,374,Critical,Severe,Good,Closed
ROAD_0946,LOC_071,LOC_037,152.09,374,High,High,Damaged,Closed
ROAD_0947,LOC_085,LOC_072,301.63,86,Critical,Medium,Fair,Open
ROAD_0948,LOC_001,LOC_046,121.01,518,Low,Medium,Poor,Closed
ROAD_0949,LOC_078,LOC_005,439.83,266,Low,Severe,Damaged,Open
ROAD_0950,LOC_067,LOC_007,426.43,99,Low,Low,Poor,Restricted
ROAD_0951,LOC_089,LOC_072,479.82,309,Critical,High,Good,Open
ROAD_0952,LOC_073,LOC_085,422.17,468,Low,Severe,Damaged,Closed
ROAD_0953,LOC_058,LOC_025,442.11,418,High,Severe,Damaged,Open
ROAD_0954,LOC_033,LOC_075,404.67,295,Low,Severe,Poor,Closed
ROAD_0955,LOC_097,LOC_098,99.06,230,High,Low,Fair,Open
ROAD_0956,LOC_018,LOC_045,274.07,274,High,Low,Good,Open
ROAD_0957,LOC_057,LOC_065,174.3,93,Medium,Severe,Poor,Restricted
ROAD_0958,LOC_036,LOC_065,47.26,61,Low,Low,Fair,Restricted
ROAD_0959,LOC_017,LOC_063,384.94,536,Medium,Low,Damaged,Restricted
ROAD_0960,LOC_043,LOC_077,116.88,478,High,Low,Good,Closed
ROAD_0961,LOC_088,LOC_031,399.39,178,High,Medium,Poor,Closed
ROAD_0962,LOC_009,LOC_089,487.48,543,Critical,High,Good,Open
ROAD_0963,LOC_035,LOC_025,149.12,514,High,Low,Good,Closed
ROAD_0964,LOC_092,LOC_056,169.86,260,High,High,Good,Open
ROAD_0965,LOC_084,LOC_077,199.95,198,Medium,Low,Fair,Restricted
ROAD_0966,LOC_055,LOC_043,314.99,78,Low,Medium,Fair,Open
ROAD_0967,LOC_017,LOC_100,234.13,50,Critical,High,Poor,Closed
ROAD_0968,LOC_037,LOC_016,280.22,554,High,Severe,Fair,Open
ROAD_0969,LOC_050,LOC_089,188.71,503,Low,Medium,Poor,Closed
ROAD_0970,LOC_089,LOC_052,47.92,578,High,Medium,Good,Open
ROAD_0971,LOC_098,LOC_087,328.03,218,High,High,Fair,Restricted
ROAD_0972,LOC_001,LOC_022,178.79,129,Low,Medium,Poor,Open
ROAD_0973,LOC_054,LOC_031,488.92,576,High,Low,Poor,Restricted
ROAD_0974,LOC_007,LOC_070,389.85,538,Critical,Low,Fair,Open
ROAD_0975,LOC_047,LOC_064,284.16,340,High,Medium,Poor,Closed
ROAD_0976,LOC_078,LOC_084,347.0,130,Critical,Low,Poor,Closed
ROAD_0977,LOC_085,LOC_018,441.61,546,Critical,Low,Good,Closed
ROAD_0978,LOC_023,LOC_021,397.73,41,Low,Low,Fair,Open
ROAD_0979,LOC_038,LOC_069,340.07,159,High,High,Fair,Closed
ROAD_0980,LOC_042,LOC_041,463.01,342,Critical,Severe,Fair,Closed
ROAD_0981,LOC_032,LOC_083,462.29,301,Medium,Medium,Poor,Open
ROAD_0982,LOC_080,LOC_084,418.44,551,Critical,Low,Damaged,Restricted
ROAD_0983,LOC_010,LOC_082,179.77,242,Medium,Low,Good,Closed
ROAD_0984,LOC_047,LOC_002,360.15,580,High,Low,Damaged,Restricted
ROAD_0985,LOC_022,LOC_030,443.43,197,Low,Medium,Good,Restricted
ROAD_0986,LOC_062,LOC_073,56.28,408,Medium,Low,Good,Open
ROAD_0987,LOC_031,LOC_013,468.89,293,Low,High,Damaged,Restricted
ROAD_0988,LOC_036,LOC_032,251.1,97,Critical,Low,Poor,Closed
ROAD_0989,LOC_010,LOC_009,201.6,391,Low,High,Fair,Open
ROAD_0990,LOC_009,LOC_082,340.64,115,Medium,Medium,Poor,Restricted
ROAD_0991,LOC_030,LOC_093,263.7,176,High,High,Poor,Restricted
ROAD_0992,LOC_072,LOC_074,476.01,423,Medium,High,Fair,Open
ROAD_0993,LOC_001,LOC_074,143.18,141,High,Low,Good,Open
ROAD_0994,LOC_097,LOC_001,428.79,508,Low,Medium,Poor,Open
ROAD_0995,LOC_076,LOC_018,88.64,597,Medium,Medium,Poor,Restricted
ROAD_0996,LOC_012,LOC_001,185.96,396,Critical,High,Good,Open
ROAD_0997,LOC_083,LOC_016,150.07,407,Low,Medium,Damaged,Restricted
ROAD_0998,LOC_022,LOC_086,441.1,547,Critical,Low,Damaged,Restricted
ROAD_0999,LOC_045,LOC_051,423.4,427,Low,Low,Good,Closed
ROAD_1000,LOC_096,LOC_007,338.68,116,Low,High,Good,Restricted
ROAD_1001,LOC_100,LOC_091,138.35,421,High,Low,Fair,Closed
ROAD_1002,LOC_015,LOC_075,176.65,151,Low,Medium,Poor,Open
ROAD_1003,LOC_006,LOC_099,149.58,522,Medium,Low,Good,Closed
ROAD_1004,LOC_020,LOC_055,43.99,41,Critical,Medium,Good,Open
ROAD_1005,LOC_053,LOC_089,345.14,545,Medium,Severe,Good,Restricted
ROAD_1006,LOC_045,LOC_019,374.9,25,Medium,High,Good,Open
ROAD_1007,LOC_072,LOC_082,292.24,457,Critical,Medium,Fair,Restricted
ROAD_1008,LOC_066,LOC_009,297.37,197,Critical,High,Good,Open
ROAD_1009,LOC_016,LOC_079,290.85,45,Low,Medium,Fair,Restricted
ROAD_1010,LOC_100,LOC_097,65.16,53,High,Medium,Good,Restricted
ROAD_1011,LOC_079,LOC_069,110.69,540,High,Medium,Poor,Closed
ROAD_1012,LOC_010,LOC_007,56.47,313,Medium,Severe,Damaged,Open
ROAD_1013,LOC_038,LOC_029,392.68,205,Medium,Severe,Good,Open
ROAD_1014,LOC_018,LOC_079,2.74,233,Critical,Low,Damaged,Closed
ROAD_1015,LOC_072,LOC_011,241.95,422,High,Low,Good,Closed
ROAD_1016,LOC_005,LOC_078,328.35,171,Critical,High,Good,Closed
ROAD_1017,LOC_044,LOC_032,92.82,153,High,High,Poor,Open
ROAD_1018,LOC_041,LOC_028,223.27,415,Medium,High,Poor,Restricted
ROAD_1019,LOC_003,LOC_023,297.77,318,Low,Low,Good,Open
ROAD_1020,LOC_040,LOC_039,86.17,129,Low,Low,Good,Open
ROAD_1021,LOC_053,LOC_015,190.61,46,Critical,Medium,Fair,Closed
ROAD_1022,LOC_072,LOC_031,138.87,23,Medium,High,Good,Open
ROAD_1023,LOC_069,LOC_082,193.98,255,Low,Medium,Damaged,Closed
ROAD_1024,LOC_050,LOC_007,462.77,61,Medium,Severe,Fair,Restricted
ROAD_1025,LOC_038,LOC_022,99.79,438,Critical,High,Damaged,Open
ROAD_1026,LOC_096,LOC_003,204.36,433,Medium,High,Fair,Closed
ROAD_1027,LOC_034,LOC_046,302.55,541,Critical,High,Good,Restricted
ROAD_1028,LOC_010,LOC_033,392.15,515,High,Severe,Good,Open
ROAD_1029,LOC_062,LOC_021,346.57,293,Low,Medium,Fair,Open
ROAD_1030,LOC_004,LOC_011,93.37,512,Medium,High,Poor,Closed
ROAD_1031,LOC_001,LOC_013,110.36,71,Low,Severe,Fair,Open
ROAD_1032,LOC_009,LOC_014,194.0,222,High,High,Poor,Closed
ROAD_1033,LOC_098,LOC_052,460.71,158,High,Severe,Damaged,Restricted
ROAD_1034,LOC_044,LOC_070,316.99,381,High,Severe,Damaged,Open
ROAD_1035,LOC_047,LOC_040,334.56,484,Critical,Low,Good,Closed
ROAD_1036,LOC_084,LOC_016,478.04,78,High,High,Good,Open
ROAD_1037,LOC_094,LOC_100,358.91,243,Critical,Low,Good,Restricted
ROAD_1038,LOC_027,LOC_092,491.78,180,Medium,Medium,Damaged,Open
ROAD_1039,LOC_069,LOC_034,132.14,356,Low,Low,Good,Restricted
ROAD_1040,LOC_090,LOC_055,361.49,259,Critical,Low,Poor,Open
ROAD_1041,LOC_005,LOC_084,348.93,565,High,Low,Good,Closed
ROAD_1042,LOC_063,LOC_021,68.41,302,Low,Severe,Poor,Open
ROAD_1043,LOC_098,LOC_078,238.29,376,Medium,Medium,Poor,Closed
ROAD_1044,LOC_063,LOC_064,178.67,6,Medium,Low,Poor,Closed
ROAD_1045,LOC_026,LOC_048,137.14,199,Low,Low,Fair,Closed
ROAD_1046,LOC_080,LOC_024,129.18,270,High,Medium,Fair,Open
ROAD_1047,LOC_077,LOC_022,249.45,187,Critical,Severe,Fair,Closed
ROAD_1048,LOC_084,LOC_020,380.49,544,Critical,High,Poor,Restricted
ROAD_1049,LOC_041,LOC_036,388.25,36,High,High,Fair,Closed
ROAD_1050,LOC_093,LOC_053,92.32,150,Low,Low,Fair,Restricted
ROAD_1051,LOC_044,LOC_009,139.35,225,High,Severe,Fair,Open
ROAD_1052,LOC_061,LOC_060,172.14,484,Critical,Severe,Fair,Closed
ROAD_1053,LOC_031,LOC_069,330.24,281,High,High,Good,Restricted
ROAD_1054,LOC_051,LOC_048,330.42,371,Critical,High,Poor,Restricted
ROAD_1055,LOC_024,LOC_026,16.11,524,Low,High,Damaged,Closed
ROAD_1056,LOC_067,LOC_061,221.25,433,High,Low,Damaged,Restricted
ROAD_1057,LOC_098,LOC_021,146.31,231,Critical,Medium,Damaged,Open
ROAD_1058,LOC_002,LOC_093,325.55,510,Low,Severe,Damaged,Closed
ROAD_1059,LOC_092,LOC_080,328.36,489,High,Medium,Good,Restricted
ROAD_1060,LOC_036,LOC_027,288.86,445,Critical,Low,Poor,Restricted
ROAD_1061,LOC_075,LOC_039,474.89,499,Low,High,Damaged,Open
ROAD_1062,LOC_078,LOC_032,235.15,456,Low,High,Fair,Open
ROAD_1063,LOC_020,LOC_053,73.45,60,High,High,Good,Closed
ROAD_1064,LOC_015,LOC_075,432.38,521,High,Low,Damaged,Open
ROAD_1065,LOC_058,LOC_064,170.72,352,Medium,High,Poor,Open
ROAD_1066,LOC_045,LOC_090,294.4,66,Low,High,Fair,Open
ROAD_1067,LOC_026,LOC_039,391.96,139,Medium,High,Good,Open
ROAD_1068,LOC_070,LOC_083,289.41,5,Medium,High,Fair,Restricted
ROAD_1069,LOC_022,LOC_040,454.2,256,High,Low,Fair,Closed
ROAD_1070,LOC_043,LOC_065,248.75,159,Medium,Severe,Damaged,Open
ROAD_1071,LOC_091,LOC_010,415.71,125,Critical,Low,Good,Restricted
ROAD_1072,LOC_045,LOC_033,309.45,406,Low,Medium,Damaged,Closed
ROAD_1073,LOC_074,LOC_007,182.08,447,Medium,Medium,Good,Closed
ROAD_1074,LOC_024,LOC_090,329.52,259,High,Severe,Fair,Open
ROAD_1075,LOC_053,LOC_049,416.42,379,Low,Low,Poor,Restricted
ROAD_1076,LOC_079,LOC_007,122.53,178,High,Low,Damaged,Open
ROAD_1077,LOC_054,LOC_027,428.96,491,High,Low,Fair,Closed
ROAD_1078,LOC_064,LOC_017,35.35,95,Medium,High,Fair,Closed
ROAD_1079,LOC_098,LOC_035,87.91,58,Medium,Low,Fair,Restricted
ROAD_1080,LOC_084,LOC_072,218.34,46,Low,Severe,Fair,Open
ROAD_1081,LOC_088,LOC_025,489.83,232,Low,Severe,Good,Restricted
ROAD_1082,LOC_005,LOC_070,31.18,554,Critical,Medium,Good,Closed
ROAD_1083,LOC_066,LOC_023,139.68,367,High,High,Damaged,Open
ROAD_1084,LOC_065,LOC_086,123.72,375,Critical,Medium,Fair,Open
ROAD_1085,LOC_073,LOC_016,352.88,596,Medium,Medium,Good,Closed
ROAD_1086,LOC_009,LOC_041,276.91,308,High,Medium,Good,Restricted
ROAD_1087,LOC_056,LOC_068,200.89,12,Medium,Severe,Fair,Open
ROAD_1088,LOC_040,LOC_061,286.55,385,Low,Severe,Poor,Closed
ROAD_1089,LOC_048,LOC_083,53.89,56,Critical,High,Fair,Open
ROAD_1090,LOC_079,LOC_042,403.55,281,Medium,Medium,Good,Restricted
ROAD_1091,LOC_070,LOC_014,102.08,506,Medium,Low,Good,Open
ROAD_1092,LOC_064,LOC_002,171.81,166,Medium,Low,Fair,Restricted
ROAD_1093,LOC_068,LOC_057,351.54,236,Low,Severe,Fair,Open
ROAD_1094,LOC_085,LOC_002,406.75,515,High,Severe,Damaged,Open
ROAD_1095,LOC_027,LOC_026,189.9,467,Low,Severe,Poor,Open
ROAD_1096,LOC_017,LOC_036,341.64,289,High,Low,Damaged,Restricted
ROAD_1097,LOC_072,LOC_080,23.36,335,Low,Medium,Poor,Restricted
ROAD_1098,LOC_041,LOC_063,77.56,529,High,Low,Fair,Closed
ROAD_1099,LOC_084,LOC_040,332.0,317,Medium,Severe,Poor,Open
ROAD_1100,LOC_053,LOC_045,308.61,145,Critical,Severe,Poor,Open
ROAD_1101,LOC_081,LOC_072,202.35,393,Low,Low,Damaged,Restricted
ROAD_1102,LOC_079,LOC_036,158.21,572,Medium,Low,Fair,Open
ROAD_1103,LOC_009,LOC_024,112.83,535,Critical,High,Poor,Restricted
ROAD_1104,LOC_015,LOC_075,295.01,467,High,Severe,Good,Closed
ROAD_1105,LOC_043,LOC_059,8.76,475,Medium,Low,Fair,Restricted
ROAD_1106,LOC_007,LOC_024,6.02,551,Critical,Severe,Good,Restricted
ROAD_1107,LOC_015,LOC_062,137.8,451,Medium,Low,Good,Restricted
ROAD_1108,LOC_059,LOC_018,6.33,488,Critical,High,Good,Closed
ROAD_1109,LOC_026,LOC_015,473.12,87,Critical,High,Damaged,Closed
ROAD_1110,LOC_095,LOC_078,454.77,180,Critical,Low,Good,Open
ROAD_1111,LOC_071,LOC_087,232.97,570,Medium,Severe,Good,Closed
ROAD_1112,LOC_011,LOC_027,98.29,375,Medium,High,Poor,Open
ROAD_1113,LOC_037,LOC_026,11.61,455,Medium,Medium,Fair,Restricted
ROAD_1114,LOC_091,LOC_082,374.0,323,Low,Medium,Damaged,Open
ROAD_1115,LOC_073,LOC_095,14.07,76,Medium,Low,Fair,Closed
ROAD_1116,LOC_069,LOC_003,349.19,359,Medium,Medium,Poor,Closed
ROAD_1117,LOC_008,LOC_086,92.31,142,Medium,High,Damaged,Restricted
ROAD_1118,LOC_032,LOC_030,379.92,483,High,High,Fair,Open
ROAD_1119,LOC_035,LOC_075,80.15,25,Low,High,Damaged,Restricted
ROAD_1120,LOC_032,LOC_089,97.93,547,High,Low,Good,Restricted
ROAD_1121,LOC_082,LOC_016,162.05,502,Low,Low,Good,Open
ROAD_1122,LOC_045,LOC_092,322.18,473,Critical,High,Fair,Closed
ROAD_1123,LOC_010,LOC_063,363.89,333,High,Medium,Damaged,Closed
ROAD_1124,LOC_063,LOC_041,458.73,575,Low,Low,Poor,Restricted
ROAD_1125,LOC_070,LOC_061,30.56,84,Low,Low,Good,Restricted
ROAD_1126,LOC_008,LOC_077,201.14,121,Medium,Severe,Fair,Open
ROAD_1127,LOC_088,LOC_001,316.28,488,Medium,High,Poor,Open
ROAD_1128,LOC_011,LOC_094,493.45,585,Low,Severe,Damaged,Closed
ROAD_1129,LOC_093,LOC_010,386.72,174,Medium,Severe,Damaged,Closed
ROAD_1130,LOC_042,LOC_048,110.05,93,Medium,Medium,Good,Closed
ROAD_1131,LOC_086,LOC_008,1.45,443,High,Low,Fair,Restricted
ROAD_1132,LOC_072,LOC_091,404.04,231,Medium,Low,Good,Restricted
ROAD_1133,LOC_032,LOC_011,261.32,331,High,Medium,Poor,Restricted
ROAD_1134,LOC_015,LOC_027,76.49,297,Medium,Low,Good,Closed
ROAD_1135,LOC_011,LOC_002,309.55,213,Low,Medium,Poor,Closed
ROAD_1136,LOC_072,LOC_052,320.74,563,Low,Severe,Good,Restricted
ROAD_1137,LOC_017,LOC_027,274.86,247,Low,Low,Poor,Restricted
ROAD_1138,LOC_089,LOC_033,317.21,256,Medium,Medium,Fair,Closed
ROAD_1139,LOC_073,LOC_063,56.18,591,Critical,High,Fair,Closed
ROAD_1140,LOC_098,LOC_047,222.66,328,High,High,Good,Closed
ROAD_1141,LOC_018,LOC_076,112.79,83,Medium,Low,Fair,Closed
ROAD_1142,LOC_008,LOC_073,163.71,86,High,High,Poor,Closed
ROAD_1143,LOC_031,LOC_087,375.34,53,Medium,High,Poor,Closed
ROAD_1144,LOC_014,LOC_010,332.22,134,Critical,High,Poor,Restricted
ROAD_1145,LOC_014,LOC_050,231.98,174,Critical,Low,Fair,Open
ROAD_1146,LOC_013,LOC_080,369.69,512,Medium,Low,Damaged,Closed
ROAD_1147,LOC_055,LOC_016,460.42,528,Medium,Low,Poor,Open
ROAD_1148,LOC_014,LOC_076,174.69,415,High,Severe,Damaged,Open
ROAD_1149,LOC_069,LOC_024,189.54,405,Medium,High,Fair,Open
ROAD_1150,LOC_039,LOC_093,288.71,358,Medium,Low,Damaged,Closed
ROAD_1151,LOC_030,LOC_002,357.15,238,Critical,Low,Good,Closed
ROAD_1152,LOC_018,LOC_024,476.29,482,Low,Low,Damaged,Restricted
ROAD_1153,LOC_039,LOC_020,29.05,447,Critical,Severe,Damaged,Closed
ROAD_1154,LOC_034,LOC_036,335.76,507,Critical,Severe,Fair,Closed
ROAD_1155,LOC_002,LOC_086,139.12,387,Critical,High,Damaged,Closed
ROAD_1156,LOC_096,LOC_029,23.6,55,High,High,Poor,Restricted
ROAD_1157,LOC_047,LOC_048,102.58,162,Critical,High,Poor,Restricted
ROAD_1158,LOC_001,LOC_051,21.08,406,Critical,Low,Good,Restricted
ROAD_1159,LOC_015,LOC_047,460.59,506,Critical,Medium,Good,Restricted
ROAD_1160,LOC_028,LOC_041,172.06,527,Low,Severe,Good,Restricted
ROAD_1161,LOC_048,LOC_060,26.59,202,High,Severe,Damaged,Open
ROAD_1162,LOC_030,LOC_090,375.86,19,Low,Low,Good,Closed
ROAD_1163,LOC_066,LOC_006,206.81,442,Critical,High,Poor,Open
ROAD_1164,LOC_065,LOC_002,307.56,373,Low,High,Good,Restricted
ROAD_1165,LOC_070,LOC_049,260.54,579,High,Severe,Good,Open
ROAD_1166,LOC_012,LOC_014,425.77,190,Low,High,Damaged,Closed
ROAD_1167,LOC_090,LOC_030,352.99,521,High,Low,Damaged,Closed
ROAD_1168,LOC_017,LOC_085,433.86,531,Critical,Low,Poor,Closed
ROAD_1169,LOC_013,LOC_011,458.38,332,High,Medium,Poor,Closed
ROAD_1170,LOC_002,LOC_013,494.44,197,High,Low,Fair,Open
ROAD_1171,LOC_097,LOC_100,228.88,103,Medium,Low,Fair,Restricted
ROAD_1172,LOC_093,LOC_087,106.83,53,Critical,High,Fair,Restricted
ROAD_1173,LOC_053,LOC_090,121.52,462,High,Low,Damaged,Closed
ROAD_1174,LOC_099,LOC_060,308.95,439,Critical,Severe,Poor,Open
ROAD_1175,LOC_052,LOC_096,135.04,381,Low,Severe,Poor,Restricted
ROAD_1176,LOC_073,LOC_040,47.87,589,Low,Low,Fair,Closed
ROAD_1177,LOC_065,LOC_039,183.09,458,Critical,High,Fair,Closed
ROAD_1178,LOC_033,LOC_100,384.31,42,Medium,Severe,Good,Restricted
ROAD_1179,LOC_098,LOC_080,36.22,463,High,Medium,Damaged,Open
ROAD_1180,LOC_062,LOC_075,75.5,534,Low,Severe,Damaged,Open
ROAD_1181,LOC_067,LOC_066,68.32,268,Critical,High,Good,Closed
ROAD_1182,LOC_100,LOC_063,20.57,439,Low,High,Good,Open
ROAD_1183,LOC_018,LOC_027,329.86,298,Medium,Medium,Fair,Open
ROAD_1184,LOC_014,LOC_091,363.85,320,Critical,Medium,Fair,Open
ROAD_1185,LOC_090,LOC_003,317.69,81,Low,Low,Good,Open
ROAD_1186,LOC_067,LOC_084,445.74,149,High,Severe,Damaged,Restricted
ROAD_1187,LOC_070,LOC_039,381.31,425,High,High,Fair,Open
ROAD_1188,LOC_084,LOC_080,270.97,470,Low,Medium,Fair,Closed
ROAD_1189,LOC_015,LOC_036,327.68,51,High,Low,Poor,Open
ROAD_1190,LOC_075,LOC_003,375.53,406,Critical,High,Poor,Closed
ROAD_1191,LOC_062,LOC_066,308.36,224,Medium,Severe,Damaged,Open
ROAD_1192,LOC_017,LOC_050,397.01,141,Critical,Low,Good,Restricted
ROAD_1193,LOC_063,LOC_072,166.18,565,High,Medium,Fair,Restricted
ROAD_1194,LOC_098,LOC_013,174.56,500,Critical,Low,Poor,Open
ROAD_1195,LOC_017,LOC_041,448.61,126,Low,Low,Damaged,Open
ROAD_1196,LOC_058,LOC_025,382.15,526,Low,High,Fair,Closed
ROAD_1197,LOC_056,LOC_069,400.63,481,Low,Medium,Good,Open
ROAD_1198,LOC_029,LOC_071,104.24,186,Low,Severe,Damaged,Closed
ROAD_1199,LOC_083,LOC_036,497.65,297,Medium,Severe,Good,Open
ROAD_1200,LOC_071,LOC_078,70.65,94,Critical,Low,Fair,Restricted
ROAD_1201,LOC_091,LOC_024,244.39,591,Low,Medium,Fair,Restricted
ROAD_1202,LOC_053,LOC_090,120.93,38,Medium,Low,Fair,Closed
ROAD_1203,LOC_048,LOC_099,452.61,454,High,Severe,Good,Closed
ROAD_1204,LOC_098,LOC_051,362.83,53,High,Severe,Poor,Restricted
ROAD_1205,LOC_061,LOC_040,414.07,382,High,Low,Damaged,Restricted
ROAD_1206,LOC_038,LOC_098,94.73,396,High,Severe,Fair,Restricted
ROAD_1207,LOC_062,LOC_082,58.31,80,Critical,Severe,Poor,Closed
ROAD_1208,LOC_042,LOC_037,74.06,78,Critical,Medium,Good,Closed
ROAD_1209,LOC_003,LOC_069,213.47,75,Low,Severe,Good,Closed
ROAD_1210,LOC_007,LOC_041,487.94,459,Medium,High,Good,Closed
ROAD_1211,LOC_018,LOC_008,214.5,341,Low,Medium,Damaged,Restricted
ROAD_1212,LOC_057,LOC_080,456.03,199,High,High,Damaged,Restricted
ROAD_1213,LOC_057,LOC_090,131.2,127,Low,Medium,Poor,Open
ROAD_1214,LOC_028,LOC_094,152.69,296,Medium,Severe,Poor,Closed
ROAD_1215,LOC_052,LOC_099,231.89,20,Medium,Medium,Poor,Open
ROAD_1216,LOC_088,LOC_097,349.24,483,Low,High,Poor,Restricted
ROAD_1217,LOC_060,LOC_050,374.25,90,Critical,Medium,Fair,Restricted
ROAD_1218,LOC_051,LOC_087,20.44,97,Critical,Medium,Poor,Closed
ROAD_1219,LOC_034,LOC_083,333.93,151,Low,Medium,Poor,Open
ROAD_1220,LOC_017,LOC_098,21.99,493,Low,Low,Good,Closed
ROAD_1221,LOC_028,LOC_085,210.34,13,Critical,Low,Good,Open
ROAD_1222,LOC_040,LOC_016,166.17,453,Low,Severe,Good,Open
ROAD_1223,LOC_041,LOC_093,444.49,387,Critical,Low,Damaged,Open
ROAD_1224,LOC_036,LOC_066,489.61,427,Low,Low,Good,Closed
ROAD_1225,LOC_081,LOC_027,368.22,513,Critical,Medium,Poor,Closed
ROAD_1226,LOC_004,LOC_089,135.27,309,Medium,Severe,Good,Open
ROAD_1227,LOC_044,LOC_099,373.46,209,Medium,Medium,Poor,Closed
ROAD_1228,LOC_066,LOC_084,163.57,540,Critical,High,Poor,Restricted
ROAD_1229,LOC_092,LOC_093,86.5,500,Medium,High,Fair,Closed
ROAD_1230,LOC_009,LOC_063,12.42,175,Medium,Medium,Poor,Open
ROAD_1231,LOC_004,LOC_051,136.47,547,Low,Medium,Poor,Open
ROAD_1232,LOC_080,LOC_083,213.27,103,Critical,Low,Fair,Closed
ROAD_1233,LOC_050,LOC_066,206.1,464,High,Severe,Poor,Restricted
ROAD_1234,LOC_021,LOC_089,10.85,119,High,Medium,Poor,Open
ROAD_1235,LOC_018,LOC_056,319.27,143,High,Severe,Good,Restricted
ROAD_1236,LOC_051,LOC_095,160.05,352,High,High,Fair,Closed
ROAD_1237,LOC_091,LOC_058,157.03,585,High,High,Good,Open
ROAD_1238,LOC_024,LOC_038,202.48,62,Critical,Medium,Fair,Restricted
ROAD_1239,LOC_085,LOC_041,107.71,252,Low,Low,Fair,Restricted
ROAD_1240,LOC_067,LOC_084,33.38,297,High,Severe,Fair,Open
ROAD_1241,LOC_029,LOC_022,305.54,284,Low,Medium,Fair,Closed
ROAD_1242,LOC_095,LOC_072,359.68,585,Medium,Medium,Fair,Restricted
ROAD_1243,LOC_056,LOC_076,287.65,113,Medium,Medium,Good,Closed
ROAD_1244,LOC_031,LOC_018,355.12,281,High,Medium,Good,Closed
ROAD_1245,LOC_050,LOC_016,245.77,388,High,Low,Good,Restricted
ROAD_1246,LOC_013,LOC_026,179.55,201,High,High,Good,Restricted
ROAD_1247,LOC_071,LOC_065,262.37,53,Low,Medium,Damaged,Restricted
ROAD_1248,LOC_083,LOC_055,460.33,415,Critical,High,Fair,Open
ROAD_1249,LOC_056,LOC_040,405.85,47,Medium,Low,Damaged,Open
ROAD_1250,LOC_063,LOC_057,165.64,447,Critical,Severe,Damaged,Open
ROAD_1251,LOC_080,LOC_075,382.44,5,Critical,High,Poor,Restricted
ROAD_1252,LOC_054,LOC_028,50.93,439,High,High,Damaged,Restricted
ROAD_1253,LOC_029,LOC_095,314.96,220,Critical,Low,Damaged,Open
ROAD_1254,LOC_085,LOC_009,27.17,515,High,Medium,Poor,Closed
ROAD_1255,LOC_073,LOC_095,218.58,363,High,Severe,Damaged,Restricted
ROAD_1256,LOC_032,LOC_049,477.72,307,Critical,Medium,Fair,Open
ROAD_1257,LOC_079,LOC_098,423.33,547,Critical,High,Poor,Open
ROAD_1258,LOC_034,LOC_045,458.65,159,Medium,Medium,Fair,Open
ROAD_1259,LOC_017,LOC_021,235.47,575,Low,Medium,Fair,Closed
ROAD_1260,LOC_066,LOC_010,41.64,182,High,Medium,Fair,Open
ROAD_1261,LOC_068,LOC_083,62.99,481,Medium,High,Fair,Restricted
ROAD_1262,LOC_085,LOC_057,75.63,582,High,Medium,Damaged,Closed
ROAD_1263,LOC_071,LOC_048,233.17,340,High,High,Fair,Closed
ROAD_1264,LOC_099,LOC_061,91.66,87,Medium,Low,Damaged,Open
ROAD_1265,LOC_022,LOC_004,274.28,163,Low,High,Damaged,Open
ROAD_1266,LOC_048,LOC_060,376.02,96,High,Severe,Fair,Closed
ROAD_1267,LOC_042,LOC_039,457.06,489,Critical,Medium,Damaged,Restricted
ROAD_1268,LOC_015,LOC_017,70.14,229,High,Low,Poor,Open
ROAD_1269,LOC_049,LOC_076,70.05,523,Critical,Severe,Fair,Restricted
ROAD_1270,LOC_049,LOC_038,39.98,390,High,Severe,Poor,Open
ROAD_1271,LOC_059,LOC_057,70.83,390,High,Severe,Good,Closed
ROAD_1272,LOC_029,LOC_024,232.61,165,High,Low,Good,Restricted
ROAD_1273,LOC_073,LOC_040,290.05,356,Medium,Medium,Fair,Restricted
ROAD_1274,LOC_025,LOC_011,245.02,174,Low,Severe,Poor,Restricted
ROAD_1275,LOC_086,LOC_091,114.02,378,Low,Severe,Poor,Closed
ROAD_1276,LOC_061,LOC_082,185.26,44,Low,Medium,Good,Closed
ROAD_1277,LOC_092,LOC_090,150.12,84,High,Low,Good,Open
ROAD_1278,LOC_044,LOC_096,428.68,270,Low,High,Damaged,Closed
ROAD_1279,LOC_086,LOC_094,112.11,86,Critical,Medium,Damaged,Closed
ROAD_1280,LOC_020,LOC_098,409.67,532,Critical,Severe,Damaged,Restricted
ROAD_1281,LOC_042,LOC_096,96.31,415,Critical,Low,Damaged,Closed
ROAD_1282,LOC_076,LOC_027,2.36,46,Medium,Medium,Poor,Closed
ROAD_1283,LOC_027,LOC_030,413.16,534,Critical,Low,Good,Open
ROAD_1284,LOC_060,LOC_017,133.94,571,High,Medium,Fair,Open
ROAD_1285,LOC_033,LOC_025,290.77,23,Medium,Severe,Good,Open
ROAD_1286,LOC_079,LOC_042,211.19,160,Medium,Medium,Good,Open
ROAD_1287,LOC_050,LOC_009,116.96,301,Medium,Medium,Fair,Closed
ROAD_1288,LOC_048,LOC_024,77.67,137,High,Medium,Damaged,Open
ROAD_1289,LOC_029,LOC_098,479.72,572,Low,Medium,Damaged,Restricted
ROAD_1290,LOC_097,LOC_019,94.93,393,Medium,High,Good,Closed
ROAD_1291,LOC_086,LOC_056,126.37,31,Low,Severe,Good,Open
ROAD_1292,LOC_054,LOC_096,492.4,533,Low,Severe,Good,Restricted
ROAD_1293,LOC_016,LOC_096,365.99,119,Low,High,Damaged,Open
ROAD_1294,LOC_042,LOC_034,80.41,548,Medium,Low,Fair,Restricted
ROAD_1295,LOC_050,LOC_009,193.28,291,Medium,Severe,Good,Open
ROAD_1296,LOC_027,LOC_022,454.66,106,Medium,Low,Poor,Open
ROAD_1297,LOC_048,LOC_042,286.95,296,Low,High,Poor,Closed
ROAD_1298,LOC_057,LOC_039,437.89,86,Critical,Medium,Good,Restricted
ROAD_1299,LOC_061,LOC_022,323.28,154,High,Medium,Fair,Open
ROAD_1300,LOC_039,LOC_074,492.11,440,Critical,Medium,Fair,Restricted
ROAD_1301,LOC_040,LOC_091,257.14,318,Medium,Low,Damaged,Open
ROAD_1302,LOC_094,LOC_081,427.18,397,Critical,Medium,Fair,Closed
ROAD_1303,LOC_057,LOC_066,432.07,191,Medium,Low,Fair,Closed
ROAD_1304,LOC_086,LOC_089,387.49,492,High,Medium,Poor,Open
ROAD_1305,LOC_026,LOC_061,181.66,498,High,Medium,Poor,Closed
ROAD_1306,LOC_077,LOC_096,438.78,211,High,High,Good,Restricted
ROAD_1307,LOC_004,LOC_089,317.51,64,Low,Low,Good,Closed
ROAD_1308,LOC_064,LOC_043,324.99,559,Medium,Severe,Good,Open
ROAD_1309,LOC_021,LOC_052,380.0,445,High,Severe,Fair,Closed
ROAD_1310,LOC_024,LOC_042,363.88,76,Medium,High,Damaged,Restricted
ROAD_1311,LOC_036,LOC_010,203.79,334,Low,High,Damaged,Closed
ROAD_1312,LOC_025,LOC_082,70.08,107,Low,Low,Damaged,Open
ROAD_1313,LOC_035,LOC_064,46.51,401,High,Low,Good,Restricted
ROAD_1314,LOC_038,LOC_058,264.91,220,High,Severe,Fair,Restricted
ROAD_1315,LOC_034,LOC_094,157.42,149,Medium,Low,Fair,Closed
ROAD_1316,LOC_090,LOC_089,263.65,472,Low,Medium,Good,Restricted
ROAD_1317,LOC_010,LOC_056,281.98,316,Critical,Medium,Poor,Closed
ROAD_1318,LOC_016,LOC_092,85.32,567,Low,Low,Poor,Restricted
ROAD_1319,LOC_082,LOC_001,363.46,521,Critical,Medium,Damaged,Open
ROAD_1320,LOC_035,LOC_037,338.71,312,Medium,Medium,Poor,Restricted
ROAD_1321,LOC_015,LOC_022,20.23,358,Low,Low,Good,Closed
ROAD_1322,LOC_056,LOC_007,171.56,398,Critical,Severe,Good,Open
ROAD_1323,LOC_029,LOC_074,140.38,548,Low,Medium,Fair,Closed
ROAD_1324,LOC_033,LOC_091,235.89,13,Low,High,Fair,Closed
ROAD_1325,LOC_016,LOC_027,430.96,380,Medium,Medium,Fair,Restricted
ROAD_1326,LOC_029,LOC_001,332.2,429,High,Severe,Damaged,Open
ROAD_1327,LOC_013,LOC_025,92.29,150,Medium,Severe,Damaged,Closed
ROAD_1328,LOC_053,LOC_059,442.81,358,Low,Severe,Fair,Closed
ROAD_1329,LOC_062,LOC_092,129.2,372,High,High,Fair,Open
ROAD_1330,LOC_020,LOC_024,304.66,186,Medium,High,Fair,Open
ROAD_1331,LOC_091,LOC_063,63.8,62,Low,Medium,Poor,Closed
ROAD_1332,LOC_006,LOC_035,155.56,557,High,High,Poor,Open
ROAD_1333,LOC_053,LOC_007,44.36,188,Critical,High,Good,Open
ROAD_1334,LOC_026,LOC_034,180.4,178,Critical,Low,Good,Closed
ROAD_1335,LOC_067,LOC_017,327.13,533,Low,Low,Damaged,Closed
ROAD_1336,LOC_041,LOC_051,345.35,247,Critical,Low,Good,Closed
ROAD_1337,LOC_082,LOC_041,33.61,277,Medium,Low,Damaged,Restricted
ROAD_1338,LOC_093,LOC_054,144.52,209,High,Low,Poor,Restricted
ROAD_1339,LOC_046,LOC_044,212.56,72,Critical,Severe,Damaged,Open
ROAD_1340,LOC_052,LOC_092,135.01,436,Medium,Medium,Good,Open
ROAD_1341,LOC_046,LOC_080,381.71,574,Critical,Severe,Fair,Restricted
ROAD_1342,LOC_009,LOC_067,309.16,428,Medium,High,Poor,Closed
ROAD_1343,LOC_048,LOC_054,382.51,77,Low,High,Poor,Open
ROAD_1344,LOC_057,LOC_089,316.33,589,Low,Severe,Good,Restricted
ROAD_1345,LOC_053,LOC_010,462.92,233,Low,Medium,Good,Restricted
ROAD_1346,LOC_044,LOC_037,491.6,33,Low,Medium,Fair,Open
ROAD_1347,LOC_024,LOC_046,129.3,112,Critical,High,Damaged,Closed
ROAD_1348,LOC_016,LOC_044,237.91,294,Critical,Medium,Fair,Open
ROAD_1349,LOC_025,LOC_053,391.72,217,Critical,High,Good,Closed
ROAD_1350,LOC_044,LOC_021,489.51,422,Critical,High,Damaged,Open
ROAD_1351,LOC_005,LOC_043,140.68,140,Critical,Medium,Fair,Closed
ROAD_1352,LOC_077,LOC_093,125.36,489,Critical,Low,Damaged,Restricted
ROAD_1353,LOC_094,LOC_015,359.96,30,Medium,High,Damaged,Restricted
ROAD_1354,LOC_032,LOC_026,221.81,185,High,High,Fair,Closed
ROAD_1355,LOC_015,LOC_003,146.72,242,Critical,Medium,Good,Closed
ROAD_1356,LOC_053,LOC_013,256.35,495,Low,High,Good,Open
ROAD_1357,LOC_095,LOC_033,111.23,230,High,Severe,Good,Closed
ROAD_1358,LOC_037,LOC_016,270.14,145,High,Low,Good,Open
ROAD_1359,LOC_072,LOC_076,206.71,5,Medium,Medium,Good,Restricted
ROAD_1360,LOC_014,LOC_066,378.88,54,High,Medium,Good,Restricted
ROAD_1361,LOC_073,LOC_015,90.29,483,High,Medium,Fair,Open
ROAD_1362,LOC_061,LOC_078,97.88,452,Low,Low,Poor,Closed
ROAD_1363,LOC_057,LOC_010,416.48,475,Medium,Low,Fair,Closed
ROAD_1364,LOC_066,LOC_014,235.16,275,Medium,Low,Poor,Restricted
ROAD_1365,LOC_049,LOC_073,28.21,484,High,Medium,Fair,Open
ROAD_1366,LOC_068,LOC_061,491.38,174,Critical,Severe,Fair,Open
ROAD_1367,LOC_016,LOC_031,490.81,531,Medium,High,Damaged,Open
ROAD_1368,LOC_003,LOC_100,350.9,525,Low,Low,Good,Closed
ROAD_1369,LOC_095,LOC_037,103.05,143,Medium,High,Poor,Restricted
ROAD_1370,LOC_044,LOC_053,458.89,61,Low,Medium,Damaged,Restricted
ROAD_1371,LOC_048,LOC_045,140.48,204,High,Medium,Poor,Restricted
ROAD_1372,LOC_036,LOC_046,187.03,463,Low,Severe,Poor,Open
ROAD_1373,LOC_036,LOC_079,221.99,34,Critical,Severe,Good,Closed
ROAD_1374,LOC_035,LOC_051,53.14,474,High,High,Poor,Closed
ROAD_1375,LOC_027,LOC_095,19.32,410,Medium,Severe,Fair,Open
ROAD_1376,LOC_014,LOC_065,257.27,478,Critical,High,Damaged,Open
ROAD_1377,LOC_065,LOC_073,177.11,533,Low,Severe,Poor,Closed
ROAD_1378,LOC_095,LOC_069,163.44,173,Medium,Severe,Fair,Open
ROAD_1379,LOC_022,LOC_026,176.53,248,High,Severe,Good,Closed
ROAD_1380,LOC_021,LOC_064,484.12,590,Medium,Low,Poor,Restricted
ROAD_1381,LOC_071,LOC_010,177.99,210,High,High,Damaged,Open
ROAD_1382,LOC_092,LOC_057,384.24,112,Medium,High,Fair,Closed
ROAD_1383,LOC_041,LOC_076,82.1,443,Critical,Medium,Fair,Open
ROAD_1384,LOC_086,LOC_090,355.79,317,High,Medium,Damaged,Closed
ROAD_1385,LOC_053,LOC_032,221.68,236,Medium,Severe,Poor,Open
ROAD_1386,LOC_031,LOC_026,228.1,154,Low,High,Poor,Restricted
ROAD_1387,LOC_090,LOC_045,220.26,386,Medium,Severe,Poor,Open
ROAD_1388,LOC_079,LOC_035,329.88,332,Medium,Low,Fair,Open
ROAD_1389,LOC_070,LOC_003,461.46,277,Critical,Low,Poor,Open
ROAD_1390,LOC_014,LOC_004,189.91,301,Medium,Medium,Fair,Restricted
ROAD_1391,LOC_063,LOC_031,250.86,462,Low,Medium,Good,Closed
ROAD_1392,LOC_090,LOC_080,481.72,277,Critical,Medium,Damaged,Open
ROAD_1393,LOC_063,LOC_100,123.76,435,Medium,Medium,Good,Open
ROAD_1394,LOC_019,LOC_071,364.1,257,Low,Medium,Fair,Restricted
ROAD_1395,LOC_063,LOC_092,278.39,473,Low,Severe,Poor,Closed
ROAD_1396,LOC_075,LOC_050,441.77,423,Medium,Low,Fair,Restricted
ROAD_1397,LOC_099,LOC_076,17.28,15,High,Medium,Poor,Restricted
ROAD_1398,LOC_049,LOC_053,1.17,16,Low,Severe,Poor,Closed
ROAD_1399,LOC_080,LOC_099,186.84,430,Low,Medium,Poor,Closed
ROAD_1400,LOC_038,LOC_091,3.73,538,Medium,Low,Damaged,Restricted
ROAD_1401,LOC_077,LOC_042,244.68,550,Medium,High,Poor,Restricted
ROAD_1402,LOC_053,LOC_031,293.5,77,Medium,High,Good,Open
ROAD_1403,LOC_081,LOC_051,201.67,52,High,Low,Damaged,Restricted
ROAD_1404,LOC_015,LOC_061,54.09,580,Low,High,Good,Open
ROAD_1405,LOC_025,LOC_021,497.4,325,Critical,Severe,Damaged,Restricted
ROAD_1406,LOC_001,LOC_058,1.21,431,Critical,High,Poor,Open
ROAD_1407,LOC_032,LOC_016,394.51,382,Medium,Low,Damaged,Restricted
ROAD_1408,LOC_035,LOC_020,469.12,399,High,Low,Good,Restricted
ROAD_1409,LOC_004,LOC_084,209.12,119,High,Medium,Fair,Open
ROAD_1410,LOC_016,LOC_035,163.12,533,Critical,Severe,Good,Restricted
ROAD_1411,LOC_070,LOC_009,131.37,550,Critical,Low,Poor,Closed
ROAD_1412,LOC_031,LOC_062,414.79,333,Critical,Medium,Damaged,Closed
ROAD_1413,LOC_072,LOC_100,197.02,306,Medium,Low,Damaged,Closed
ROAD_1414,LOC_076,LOC_011,239.22,600,Critical,Low,Fair,Restricted
ROAD_1415,LOC_030,LOC_007,396.31,408,Medium,High,Damaged,Closed
ROAD_1416,LOC_032,LOC_015,284.66,554,Medium,Low,Fair,Restricted
ROAD_1417,LOC_067,LOC_021,477.74,26,Low,Severe,Damaged,Open
ROAD_1418,LOC_033,LOC_065,345.07,497,Low,Medium,Good,Closed
ROAD_1419,LOC_078,LOC_071,361.04,432,Low,High,Good,Restricted
ROAD_1420,LOC_040,LOC_035,53.06,303,Low,Medium,Damaged,Open
ROAD_1421,LOC_049,LOC_061,260.08,305,Critical,High,Poor,Closed
ROAD_1422,LOC_026,LOC_009,412.78,410,Low,Severe,Good,Open
ROAD_1423,LOC_022,LOC_054,140.34,258,Critical,High,Fair,Open
ROAD_1424,LOC_043,LOC_073,326.15,286,High,Medium,Fair,Open
ROAD_1425,LOC_006,LOC_002,172.0,226,High,Low,Fair,Restricted
ROAD_1426,LOC_043,LOC_065,165.04,240,Medium,Severe,Fair,Restricted
ROAD_1427,LOC_076,LOC_067,292.7,171,High,Medium,Good,Closed
ROAD_1428,LOC_001,LOC_042,350.19,224,Low,Medium,Good,Closed
ROAD_1429,LOC_038,LOC_085,114.53,57,Critical,Medium,Good,Closed
ROAD_1430,LOC_012,LOC_086,43.98,375,High,Low,Fair,Restricted
ROAD_1431,LOC_088,LOC_098,125.11,201,Critical,Low,Good,Closed
ROAD_1432,LOC_099,LOC_065,414.43,479,High,Severe,Poor,Closed
ROAD_1433,LOC_027,LOC_066,37.35,455,High,Low,Poor,Open
ROAD_1434,LOC_089,LOC_099,353.68,97,High,Severe,Poor,Restricted
ROAD_1435,LOC_051,LOC_070,311.43,572,Critical,High,Fair,Closed
ROAD_1436,LOC_068,LOC_023,277.05,395,High,Low,Fair,Closed
ROAD_1437,LOC_039,LOC_014,80.78,25,Critical,High,Damaged,Open
ROAD_1438,LOC_054,LOC_038,336.66,312,High,Medium,Damaged,Closed
ROAD_1439,LOC_009,LOC_035,54.87,579,Critical,Medium,Fair,Closed
ROAD_1440,LOC_078,LOC_008,136.81,537,Medium,Medium,Fair,Restricted
ROAD_1441,LOC_026,LOC_070,45.31,572,High,Medium,Poor,Open
ROAD_1442,LOC_034,LOC_055,219.7,348,Medium,Medium,Poor,Open
ROAD_1443,LOC_018,LOC_010,71.46,243,High,Medium,Fair,Open
ROAD_1444,LOC_053,LOC_068,60.21,34,Low,Severe,Fair,Restricted
ROAD_1445,LOC_044,LOC_086,327.87,56,Critical,Medium,Poor,Closed
ROAD_1446,LOC_029,LOC_013,61.28,98,High,High,Poor,Open
ROAD_1447,LOC_075,LOC_078,144.72,178,High,High,Poor,Open
ROAD_1448,LOC_032,LOC_029,6.94,180,Low,Low,Damaged,Closed
ROAD_1449,LOC_017,LOC_018,491.56,398,Critical,Medium,Damaged,Closed
ROAD_1450,LOC_078,LOC_011,120.0,357,Medium,Low,Poor,Open
ROAD_1451,LOC_015,LOC_086,45.25,425,High,Severe,Fair,Restricted
ROAD_1452,LOC_076,LOC_005,252.9,383,Critical,Severe,Fair,Open
ROAD_1453,LOC_033,LOC_026,248.82,589,Low,High,Fair,Restricted
ROAD_1454,LOC_047,LOC_074,480.96,476,High,Medium,Damaged,Closed
ROAD_1455,LOC_083,LOC_060,59.57,167,Critical,Severe,Damaged,Restricted
ROAD_1456,LOC_061,LOC_065,59.6,520,Critical,Severe,Damaged,Restricted
ROAD_1457,LOC_005,LOC_047,302.31,406,Low,Medium,Poor,Open
ROAD_1458,LOC_065,LOC_042,64.96,393,High,High,Poor,Restricted
ROAD_1459,LOC_062,LOC_008,456.64,224,Medium,Low,Poor,Closed
ROAD_1460,LOC_031,LOC_079,145.18,355,Critical,High,Fair,Restricted
ROAD_1461,LOC_052,LOC_011,468.43,556,Low,Severe,Damaged,Restricted
ROAD_1462,LOC_100,LOC_030,181.17,47,Low,Medium,Good,Closed
ROAD_1463,LOC_071,LOC_043,116.15,441,High,High,Good,Restricted
ROAD_1464,LOC_088,LOC_096,170.96,298,High,High,Poor,Open
ROAD_1465,LOC_037,LOC_094,295.45,582,Critical,High,Damaged,Open
ROAD_1466,LOC_068,LOC_049,197.49,449,High,Severe,Fair,Closed
ROAD_1467,LOC_085,LOC_055,98.57,343,Low,Low,Good,Open
ROAD_1468,LOC_009,LOC_087,466.03,587,Low,Low,Good,Open
ROAD_1469,LOC_080,LOC_087,67.26,557,Low,High,Poor,Open
ROAD_1470,LOC_072,LOC_042,202.18,371,Low,Severe,Good,Closed
ROAD_1471,LOC_050,LOC_085,417.21,32,Critical,Low,Damaged,Open
ROAD_1472,LOC_035,LOC_032,416.2,252,Medium,Low,Good,Closed
ROAD_1473,LOC_087,LOC_044,49.22,215,Critical,Severe,Fair,Restricted
ROAD_1474,LOC_088,LOC_079,286.5,548,Low,High,Damaged,Open
ROAD_1475,LOC_013,LOC_080,226.64,111,Medium,High,Poor,Closed
ROAD_1476,LOC_066,LOC_019,215.44,520,High,Medium,Damaged,Closed
ROAD_1477,LOC_045,LOC_044,6.63,428,Low,Low,Damaged,Closed
ROAD_1478,LOC_060,LOC_028,401.39,301,High,Low,Fair,Closed
ROAD_1479,LOC_054,LOC_023,34.31,273,Low,Severe,Poor,Open
ROAD_1480,LOC_018,LOC_010,203.83,15,Critical,Medium,Poor,Open
ROAD_1481,LOC_034,LOC_075,249.75,323,High,Severe,Damaged,Closed
ROAD_1482,LOC_018,LOC_034,489.76,270,High,Low,Poor,Restricted
ROAD_1483,LOC_096,LOC_087,325.78,500,Critical,Medium,Fair,Closed
ROAD_1484,LOC_074,LOC_040,256.06,266,Low,Severe,Good,Open
ROAD_1485,LOC_050,LOC_036,230.25,579,Critical,High,Damaged,Closed
ROAD_1486,LOC_073,LOC_066,163.26,280,Low,High,Fair,Restricted
ROAD_1487,LOC_020,LOC_097,228.85,54,Low,Low,Damaged,Open
ROAD_1488,LOC_039,LOC_097,278.54,261,Critical,High,Good,Closed
ROAD_1489,LOC_079,LOC_040,475.65,588,Low,Severe,Good,Closed
ROAD_1490,LOC_088,LOC_091,345.06,481,Low,High,Poor,Restricted
ROAD_1491,LOC_100,LOC_032,24.95,456,High,High,Fair,Restricted
ROAD_1492,LOC_019,LOC_018,179.87,422,Low,High,Fair,Open
ROAD_1493,LOC_040,LOC_037,49.89,51,Low,Low,Fair,Closed
ROAD_1494,LOC_018,LOC_029,212.24,80,High,Low,Poor,Restricted
ROAD_1495,LOC_093,LOC_072,174.69,242,Medium,Severe,Fair,Open
ROAD_1496,LOC_001,LOC_100,74.49,328,Low,Medium,Fair,Closed
ROAD_1497,LOC_039,LOC_073,473.16,357,Medium,High,Good,Restricted
ROAD_1498,LOC_040,LOC_031,272.56,99,High,Low,Good,Closed
ROAD_1499,LOC_069,LOC_091,488.49,51,Low,High,Damaged,Open
ROAD_1500,LOC_086,LOC_071,347.12,189,Critical,Severe,Fair,Closed
ROAD_1501,LOC_094,LOC_084,281.87,340,Critical,High,Fair,Open
ROAD_1502,LOC_085,LOC_003,73.8,201,Medium,Severe,Good,Open
ROAD_1503,LOC_073,LOC_018,74.5,169,Medium,Medium,Good,Restricted
ROAD_1504,LOC_022,LOC_018,192.9,445,Low,High,Fair,Closed
ROAD_1505,LOC_012,LOC_098,402.13,171,Low,Severe,Fair,Closed
ROAD_1506,LOC_089,LOC_026,321.72,579,High,Low,Fair,Restricted
ROAD_1507,LOC_008,LOC_088,470.09,376,Medium,Severe,Damaged,Restricted
ROAD_1508,LOC_088,LOC_011,65.83,296,Critical,Low,Damaged,Closed
ROAD_1509,LOC_026,LOC_015,402.98,236,Low,Medium,Damaged,Closed
ROAD_1510,LOC_084,LOC_024,286.01,570,Medium,Medium,Good,Open
ROAD_1511,LOC_097,LOC_072,304.67,301,Low,Medium,Poor,Closed
ROAD_1512,LOC_092,LOC_033,74.15,125,Critical,Severe,Fair,Closed
ROAD_1513,LOC_072,LOC_080,197.76,335,Low,Medium,Good,Closed
ROAD_1514,LOC_041,LOC_059,125.24,500,High,Low,Good,Restricted
ROAD_1515,LOC_042,LOC_054,272.59,127,High,Low,Good,Open
ROAD_1516,LOC_089,LOC_063,202.84,109,High,High,Poor,Restricted
ROAD_1517,LOC_033,LOC_066,216.49,126,High,Medium,Fair,Open
ROAD_1518,LOC_049,LOC_092,104.62,203,High,Severe,Fair,Open
ROAD_1519,LOC_079,LOC_057,174.54,269,Low,Low,Damaged,Restricted
ROAD_1520,LOC_050,LOC_005,324.62,122,Low,High,Good,Restricted
ROAD_1521,LOC_023,LOC_071,65.33,29,Critical,High,Good,Restricted
ROAD_1522,LOC_050,LOC_055,200.71,482,Medium,Severe,Good,Restricted
ROAD_1523,LOC_053,LOC_034,57.83,489,Critical,High,Good,Open
ROAD_1524,LOC_081,LOC_083,283.36,551,Low,Severe,Poor,Open
ROAD_1525,LOC_071,LOC_081,304.82,216,Critical,High,Damaged,Restricted
ROAD_1526,LOC_016,LOC_008,284.51,416,High,Low,Good,Restricted
ROAD_1527,LOC_002,LOC_006,257.07,387,Low,Medium,Good,Restricted
ROAD_1528,LOC_023,LOC_086,28.8,367,Medium,Severe,Good,Closed
ROAD_1529,LOC_011,LOC_023,228.25,226,Low,Low,Fair,Restricted
ROAD_1530,LOC_098,LOC_079,453.14,105,Low,Medium,Poor,Restricted
ROAD_1531,LOC_089,LOC_049,413.9,220,High,High,Damaged,Restricted
ROAD_1532,LOC_070,LOC_020,36.28,446,High,High,Fair,Restricted
ROAD_1533,LOC_083,LOC_087,67.68,56,Critical,Severe,Fair,Restricted
ROAD_1534,LOC_080,LOC_017,342.49,240,Low,Low,Fair,Closed
ROAD_1535,LOC_034,LOC_091,301.48,432,High,High,Good,Closed
ROAD_1536,LOC_095,LOC_062,207.23,319,Low,Severe,Poor,Restricted
ROAD_1537,LOC_066,LOC_032,160.19,488,Low,Severe,Good,Closed
ROAD_1538,LOC_032,LOC_039,318.76,100,Critical,Medium,Fair,Open
ROAD_1539,LOC_036,LOC_010,204.28,257,High,Medium,Good,Open
ROAD_1540,LOC_026,LOC_069,13.23,546,Medium,Low,Damaged,Closed
ROAD_1541,LOC_075,LOC_043,490.81,60,High,Low,Damaged,Restricted
ROAD_1542,LOC_018,LOC_039,233.69,290,High,High,Poor,Open
ROAD_1543,LOC_072,LOC_053,60.67,32,Medium,Severe,Fair,Open
ROAD_1544,LOC_081,LOC_016,239.3,6,Medium,Severe,Fair,Restricted
ROAD_1545,LOC_018,LOC_063,127.58,505,High,Medium,Fair,Restricted
ROAD_1546,LOC_077,LOC_022,312.75,516,High,Severe,Good,Open
ROAD_1547,LOC_085,LOC_019,122.74,463,Low,Low,Fair,Open
ROAD_1548,LOC_080,LOC_099,61.88,311,Medium,Severe,Good,Restricted
ROAD_1549,LOC_046,LOC_056,72.44,134,High,High,Damaged,Closed
ROAD_1550,LOC_093,LOC_015,346.85,189,Critical,Severe,Fair,Closed
ROAD_1551,LOC_057,LOC_060,309.53,304,Low,Severe,Good,Restricted
ROAD_1552,LOC_049,LOC_093,102.93,288,Low,High,Damaged,Open
ROAD_1553,LOC_035,LOC_045,289.31,587,Low,Severe,Good,Restricted
ROAD_1554,LOC_077,LOC_018,236.11,580,Medium,High,Fair,Open
ROAD_1555,LOC_038,LOC_035,418.36,564,Low,Low,Good,Open
ROAD_1556,LOC_017,LOC_039,210.0,538,Medium,High,Good,Restricted
ROAD_1557,LOC_060,LOC_007,274.21,335,Critical,High,Poor,Restricted
ROAD_1558,LOC_041,LOC_089,305.94,200,Critical,Severe,Damaged,Open
ROAD_1559,LOC_004,LOC_053,275.45,478,Medium,Medium,Poor,Restricted
ROAD_1560,LOC_027,LOC_075,403.18,439,Medium,Medium,Fair,Restricted
ROAD_1561,LOC_072,LOC_006,285.0,253,Low,High,Fair,Closed
ROAD_1562,LOC_053,LOC_035,339.82,181,Critical,Severe,Damaged,Closed
ROAD_1563,LOC_037,LOC_061,147.12,200,Critical,High,Good,Open
ROAD_1564,LOC_063,LOC_032,302.44,403,Medium,Low,Good,Open
ROAD_1565,LOC_001,LOC_085,292.12,563,Low,High,Damaged,Open
ROAD_1566,LOC_028,LOC_079,141.71,142,High,Medium,Good,Closed
ROAD_1567,LOC_053,LOC_031,94.32,151,Medium,High,Good,Closed
ROAD_1568,LOC_055,LOC_056,288.38,90,Medium,Medium,Fair,Restricted
ROAD_1569,LOC_061,LOC_029,120.07,206,High,Low,Poor,Closed
ROAD_1570,LOC_047,LOC_084,57.36,393,Critical,High,Damaged,Open
ROAD_1571,LOC_100,LOC_048,219.52,571,Low,Low,Damaged,Open
ROAD_1572,LOC_055,LOC_068,209.87,373,Critical,Low,Fair,Open
ROAD_1573,LOC_085,LOC_025,348.96,435,Low,Low,Damaged,Open
ROAD_1574,LOC_031,LOC_046,66.87,400,Medium,Medium,Fair,Restricted
ROAD_1575,LOC_072,LOC_015,52.96,53,High,Low,Damaged,Open
ROAD_1576,LOC_041,LOC_036,482.61,388,Low,Medium,Good,Open
ROAD_1577,LOC_037,LOC_023,25.33,493,Critical,Medium,Damaged,Closed
ROAD_1578,LOC_097,LOC_008,358.62,151,Medium,Medium,Damaged,Open
ROAD_1579,LOC_053,LOC_058,181.35,409,Medium,High,Poor,Closed
ROAD_1580,LOC_058,LOC_045,375.94,323,Medium,High,Fair,Closed
ROAD_1581,LOC_046,LOC_006,46.09,502,Medium,Low,Fair,Closed
ROAD_1582,LOC_092,LOC_047,137.39,508,Critical,Severe,Fair,Restricted
ROAD_1583,LOC_067,LOC_081,434.5,292,High,Low,Damaged,Open
ROAD_1584,LOC_065,LOC_005,355.66,331,Low,High,Good,Open
ROAD_1585,LOC_072,LOC_097,102.04,466,High,Low,Poor,Open
ROAD_1586,LOC_043,LOC_069,335.38,301,High,Medium,Fair,Open
ROAD_1587,LOC_099,LOC_095,427.9,527,Medium,High,Damaged,Restricted
ROAD_1588,LOC_052,LOC_065,95.35,244,Medium,Severe,Damaged,Restricted
ROAD_1589,LOC_084,LOC_100,140.62,404,High,Severe,Good,Restricted
ROAD_1590,LOC_025,LOC_058,302.71,81,Critical,High,Good,Closed
ROAD_1591,LOC_025,LOC_074,176.05,530,High,High,Fair,Closed
ROAD_1592,LOC_044,LOC_046,34.57,196,Medium,Medium,Poor,Open
ROAD_1593,LOC_037,LOC_051,79.35,30,Medium,Severe,Poor,Closed
ROAD_1594,LOC_092,LOC_077,337.44,300,Medium,Medium,Fair,Restricted
ROAD_1595,LOC_034,LOC_079,393.2,265,Low,Medium,Damaged,Restricted
ROAD_1596,LOC_073,LOC_001,248.67,468,Critical,Medium,Good,Closed
ROAD_1597,LOC_004,LOC_012,394.58,202,Medium,High,Good,Closed
ROAD_1598,LOC_081,LOC_012,263.27,371,High,Medium,Good,Closed
ROAD_1599,LOC_047,LOC_017,260.92,189,Low,High,Poor,Restricted
ROAD_1600,LOC_019,LOC_006,42.01,366,Critical,High,Good,Open
ROAD_1601,LOC_072,LOC_056,327.26,398,Medium,Low,Good,Closed
ROAD_1602,LOC_087,LOC_078,202.28,465,Medium,Low,Fair,Restricted
ROAD_1603,LOC_017,LOC_067,4.9,108,Medium,Severe,Damaged,Restricted
ROAD_1604,LOC_097,LOC_092,9.74,296,Medium,High,Fair,Open
ROAD_1605,LOC_021,LOC_008,230.94,284,High,High,Damaged,Open
ROAD_1606,LOC_015,LOC_070,424.56,67,Medium,Severe,Damaged,Open
ROAD_1607,LOC_073,LOC_045,173.88,336,High,High,Damaged,Restricted
ROAD_1608,LOC_099,LOC_086,276.98,70,High,Medium,Damaged,Restricted
ROAD_1609,LOC_055,LOC_011,145.04,573,Critical,Low,Good,Restricted
ROAD_1610,LOC_069,LOC_061,482.93,343,Low,High,Good,Open
ROAD_1611,LOC_073,LOC_007,54.3,8,High,Medium,Damaged,Closed
ROAD_1612,LOC_006,LOC_008,396.64,80,Low,High,Damaged,Restricted
ROAD_1613,LOC_005,LOC_046,486.44,89,Medium,Severe,Fair,Closed
ROAD_1614,LOC_027,LOC_020,296.68,97,Critical,Low,Fair,Closed
ROAD_1615,LOC_028,LOC_080,484.76,178,Critical,Medium,Damaged,Restricted
ROAD_1616,LOC_031,LOC_067,382.6,285,High,Medium,Poor,Open
ROAD_1617,LOC_019,LOC_018,70.46,295,Low,Medium,Poor,Restricted
ROAD_1618,LOC_011,LOC_081,341.49,23,Low,Medium,Poor,Restricted
ROAD_1619,LOC_029,LOC_058,112.43,231,Medium,Low,Poor,Open
ROAD_1620,LOC_050,LOC_056,23.35,355,High,Severe,Poor,Closed
ROAD_1621,LOC_021,LOC_060,280.14,446,Low,Medium,Poor,Closed
ROAD_1622,LOC_072,LOC_076,19.54,293,High,High,Poor,Open
ROAD_1623,LOC_003,LOC_022,291.39,150,Low,High,Fair,Open
ROAD_1624,LOC_100,LOC_098,232.79,155,Low,Severe,Fair,Open
ROAD_1625,LOC_080,LOC_031,21.04,51,High,Low,Damaged,Closed
ROAD_1626,LOC_010,LOC_008,330.81,71,Low,Low,Good,Restricted
ROAD_1627,LOC_048,LOC_018,61.56,255,Critical,Medium,Damaged,Open
ROAD_1628,LOC_037,LOC_038,375.8,533,High,Medium,Good,Open
ROAD_1629,LOC_056,LOC_080,207.44,11,High,High,Fair,Open
ROAD_1630,LOC_028,LOC_016,305.43,457,Critical,Medium,Good,Restricted
ROAD_1631,LOC_031,LOC_074,347.48,464,Low,Low,Good,Restricted
ROAD_1632,LOC_045,LOC_050,80.26,317,Medium,High,Poor,Closed
ROAD_1633,LOC_049,LOC_011,297.65,346,Medium,Medium,Fair,Closed
ROAD_1634,LOC_085,LOC_048,57.21,15,Medium,Medium,Fair,Open
ROAD_1635,LOC_089,LOC_019,227.12,581,Critical,Severe,Good,Closed
ROAD_1636,LOC_095,LOC_072,1.7,421,Critical,Severe,Good,Open
ROAD_1637,LOC_052,LOC_088,65.34,599,High,Low,Damaged,Open
ROAD_1638,LOC_067,LOC_089,454.25,357,Low,Severe,Fair,Restricted
ROAD_1639,LOC_025,LOC_067,118.31,171,Low,High,Damaged,Closed
ROAD_1640,LOC_062,LOC_048,86.38,532,Low,High,Fair,Restricted
ROAD_1641,LOC_054,LOC_013,330.03,168,High,Low,Damaged,Restricted
ROAD_1642,LOC_054,LOC_030,156.03,431,Medium,Low,Good,Restricted
ROAD_1643,LOC_052,LOC_080,191.29,460,Low,Low,Poor,Closed
ROAD_1644,LOC_036,LOC_040,239.72,423,High,Medium,Poor,Open
ROAD_1645,LOC_097,LOC_053,294.89,105,Low,Low,Good,Restricted
ROAD_1646,LOC_015,LOC_004,411.51,219,Low,High,Fair,Closed
ROAD_1647,LOC_010,LOC_047,99.57,598,Low,High,Poor,Closed
ROAD_1648,LOC_061,LOC_039,216.51,352,Low,Medium,Damaged,Open
ROAD_1649,LOC_072,LOC_081,363.09,389,Critical,Medium,Damaged,Open
ROAD_1650,LOC_088,LOC_008,244.91,304,High,Low,Fair,Open
ROAD_1651,LOC_015,LOC_067,452.24,338,Critical,Severe,Fair,Open
ROAD_1652,LOC_036,LOC_066,416.94,424,Medium,Low,Damaged,Restricted
ROAD_1653,LOC_005,LOC_026,181.79,60,Medium,Low,Poor,Open
ROAD_1654,LOC_027,LOC_062,379.52,477,High,Medium,Poor,Open
ROAD_1655,LOC_096,LOC_040,58.09,493,Medium,Low,Poor,Open
ROAD_1656,LOC_034,LOC_072,30.09,487,Low,Severe,Good,Restricted
ROAD_1657,LOC_064,LOC_015,31.27,445,High,Low,Poor,Closed
ROAD_1658,LOC_022,LOC_009,466.51,312,Medium,Medium,Damaged,Closed
ROAD_1659,LOC_083,LOC_026,28.93,385,Medium,Severe,Fair,Closed
ROAD_1660,LOC_045,LOC_003,101.34,490,Critical,Low,Good,Open
ROAD_1661,LOC_100,LOC_081,470.66,199,High,Medium,Damaged,Open
ROAD_1662,LOC_067,LOC_002,146.99,369,Low,Low,Poor,Closed
ROAD_1663,LOC_073,LOC_050,349.39,457,High,Severe,Damaged,Closed
ROAD_1664,LOC_065,LOC_012,405.41,466,High,Medium,Poor,Restricted
ROAD_1665,LOC_065,LOC_016,489.62,134,High,Low,Poor,Closed
ROAD_1666,LOC_042,LOC_022,190.89,86,Low,Medium,Damaged,Restricted
ROAD_1667,LOC_042,LOC_058,472.29,596,Medium,Severe,Damaged,Open
ROAD_1668,LOC_060,LOC_005,68.71,379,Low,Low,Fair,Open
ROAD_1669,LOC_077,LOC_076,421.74,530,Medium,Severe,Fair,Open
ROAD_1670,LOC_051,LOC_077,177.69,27,Critical,Medium,Poor,Restricted
ROAD_1671,LOC_100,LOC_046,45.77,257,Critical,Low,Fair,Restricted
ROAD_1672,LOC_014,LOC_093,268.1,507,Medium,Severe,Good,Closed
ROAD_1673,LOC_065,LOC_051,330.07,92,Low,High,Fair,Open
ROAD_1674,LOC_012,LOC_079,124.26,134,Medium,Low,Damaged,Open
ROAD_1675,LOC_019,LOC_089,478.85,344,Low,High,Poor,Restricted
ROAD_1676,LOC_058,LOC_006,164.55,347,High,Medium,Damaged,Restricted
ROAD_1677,LOC_046,LOC_067,254.17,259,Medium,Low,Damaged,Open
ROAD_1678,LOC_042,LOC_051,376.41,426,Low,High,Fair,Closed
ROAD_1679,LOC_009,LOC_006,489.75,282,Critical,Low,Poor,Closed
ROAD_1680,LOC_012,LOC_027,378.57,566,Medium,Low,Damaged,Restricted
ROAD_1681,LOC_065,LOC_059,33.67,422,High,Severe,Damaged,Restricted
ROAD_1682,LOC_016,LOC_037,318.55,266,Low,Low,Damaged,Open
ROAD_1683,LOC_062,LOC_035,77.62,177,Low,Medium,Good,Closed
ROAD_1684,LOC_008,LOC_083,266.05,206,High,Severe,Poor,Closed
ROAD_1685,LOC_006,LOC_064,38.04,157,Critical,Low,Damaged,Open
ROAD_1686,LOC_058,LOC_072,342.98,550,Medium,Low,Poor,Closed
ROAD_1687,LOC_064,LOC_018,392.3,235,High,High,Good,Restricted
ROAD_1688,LOC_022,LOC_007,163.19,580,Medium,Medium,Fair,Closed
ROAD_1689,LOC_078,LOC_077,125.57,7,Critical,Severe,Good,Restricted
ROAD_1690,LOC_021,LOC_086,450.82,283,Medium,Severe,Fair,Open
ROAD_1691,LOC_019,LOC_047,263.55,424,Low,Severe,Fair,Closed
ROAD_1692,LOC_098,LOC_081,385.18,332,Critical,Medium,Damaged,Open
ROAD_1693,LOC_099,LOC_092,179.96,187,Critical,High,Damaged,Restricted
ROAD_1694,LOC_015,LOC_086,79.35,317,Medium,Severe,Poor,Restricted
ROAD_1695,LOC_005,LOC_099,437.51,463,Medium,Severe,Fair,Closed
ROAD_1696,LOC_095,LOC_038,199.3,207,High,Medium,Fair,Open
ROAD_1697,LOC_007,LOC_062,484.79,561,Medium,Low,Poor,Open
ROAD_1698,LOC_018,LOC_038,117.4,223,Critical,Medium,Fair,Open
ROAD_1699,LOC_054,LOC_080,450.76,45,Medium,Severe,Damaged,Closed
ROAD_1700,LOC_044,LOC_072,338.67,269,Critical,Severe,Damaged,Closed
ROAD_1701,LOC_075,LOC_006,270.54,215,Critical,Low,Poor,Open
ROAD_1702,LOC_075,LOC_035,24.74,116,Low,Low,Damaged,Open
ROAD_1703,LOC_043,LOC_002,24.52,497,Critical,High,Good,Open
ROAD_1704,LOC_022,LOC_073,212.33,480,High,Medium,Damaged,Closed
ROAD_1705,LOC_029,LOC_045,233.59,463,High,High,Damaged,Closed
ROAD_1706,LOC_071,LOC_082,97.48,85,Medium,Severe,Damaged,Open
ROAD_1707,LOC_054,LOC_005,36.65,127,Low,Low,Fair,Restricted
ROAD_1708,LOC_050,LOC_073,461.06,276,Low,High,Damaged,Open
ROAD_1709,LOC_097,LOC_082,377.08,71,Medium,Medium,Poor,Restricted
ROAD_1710,LOC_010,LOC_013,47.14,300,Critical,Medium,Damaged,Closed
ROAD_1711,LOC_028,LOC_004,88.25,362,Critical,High,Good,Restricted
ROAD_1712,LOC_037,LOC_054,128.11,131,Low,Low,Fair,Open
ROAD_1713,LOC_007,LOC_017,190.53,414,Critical,Medium,Damaged,Open
ROAD_1714,LOC_058,LOC_068,137.35,13,Low,High,Fair,Restricted
ROAD_1715,LOC_061,LOC_004,87.59,594,Medium,Medium,Good,Restricted
ROAD_1716,LOC_021,LOC_091,56.15,563,Critical,High,Good,Open
ROAD_1717,LOC_071,LOC_045,233.31,232,Medium,Low,Fair,Closed
ROAD_1718,LOC_021,LOC_064,151.82,374,Low,Low,Good,Restricted
ROAD_1719,LOC_029,LOC_025,261.51,374,High,Medium,Fair,Open
ROAD_1720,LOC_033,LOC_006,64.38,571,Low,High,Damaged,Restricted
ROAD_1721,LOC_062,LOC_008,117.97,463,Low,Low,Damaged,Restricted
ROAD_1722,LOC_005,LOC_003,131.58,270,Low,Severe,Damaged,Restricted
ROAD_1723,LOC_065,LOC_050,74.07,216,Medium,Medium,Damaged,Open
ROAD_1724,LOC_010,LOC_033,226.72,236,Medium,Low,Damaged,Restricted
ROAD_1725,LOC_097,LOC_036,380.67,266,Critical,Low,Fair,Restricted
ROAD_1726,LOC_057,LOC_091,209.16,214,Low,Severe,Damaged,Restricted
ROAD_1727,LOC_011,LOC_014,416.89,180,Critical,Medium,Damaged,Restricted
ROAD_1728,LOC_046,LOC_033,396.94,565,Medium,High,Damaged,Closed
ROAD_1729,LOC_001,LOC_007,464.53,230,Critical,Medium,Poor,Restricted
ROAD_1730,LOC_012,LOC_049,137.18,381,High,High,Damaged,Open
ROAD_1731,LOC_008,LOC_002,149.69,156,High,High,Fair,Restricted
ROAD_1732,LOC_037,LOC_070,316.55,480,Critical,Severe,Fair,Restricted
ROAD_1733,LOC_053,LOC_062,390.83,123,Critical,Severe,Poor,Closed
ROAD_1734,LOC_049,LOC_041,352.25,308,Critical,Severe,Good,Restricted
ROAD_1735,LOC_072,LOC_095,106.68,523,Critical,High,Poor,Restricted
ROAD_1736,LOC_082,LOC_038,238.07,595,High,Medium,Poor,Closed
ROAD_1737,LOC_070,LOC_074,231.04,148,High,Low,Poor,Closed
ROAD_1738,LOC_047,LOC_031,84.4,104,Critical,High,Damaged,Open
ROAD_1739,LOC_029,LOC_071,291.87,123,Critical,Severe,Good,Closed
ROAD_1740,LOC_010,LOC_071,416.67,370,High,Low,Damaged,Restricted
ROAD_1741,LOC_032,LOC_078,9.3,303,Medium,Severe,Poor,Open
ROAD_1742,LOC_041,LOC_015,27.88,308,High,High,Damaged,Open
ROAD_1743,LOC_002,LOC_044,409.99,444,Low,Severe,Fair,Restricted
ROAD_1744,LOC_064,LOC_033,455.29,49,Low,Low,Damaged,Closed
ROAD_1745,LOC_060,LOC_072,287.25,453,High,High,Good,Closed
ROAD_1746,LOC_072,LOC_004,282.21,107,Medium,High,Fair,Open
ROAD_1747,LOC_022,LOC_055,136.44,373,Low,Low,Poor,Open
ROAD_1748,LOC_012,LOC_077,153.47,389,Low,Severe,Poor,Open
ROAD_1749,LOC_093,LOC_081,30.86,20,High,Severe,Good,Restricted
ROAD_1750,LOC_091,LOC_062,13.51,490,High,Severe,Damaged,Closed
ROAD_1751,LOC_076,LOC_022,210.52,371,Critical,Medium,Poor,Open
ROAD_1752,LOC_075,LOC_041,374.26,158,Low,Low,Fair,Closed
ROAD_1753,LOC_041,LOC_068,123.06,431,Critical,Low,Good,Open
ROAD_1754,LOC_032,LOC_036,87.8,194,Medium,Low,Poor,Restricted
ROAD_1755,LOC_018,LOC_036,287.24,59,Critical,High,Good,Closed
ROAD_1756,LOC_003,LOC_051,498.34,240,Low,Medium,Good,Open
ROAD_1757,LOC_050,LOC_055,472.81,307,High,Low,Poor,Open
ROAD_1758,LOC_084,LOC_026,183.36,345,Critical,Medium,Good,Closed
ROAD_1759,LOC_014,LOC_031,391.74,582,Low,High,Poor,Restricted
ROAD_1760,LOC_059,LOC_047,433.53,384,Low,Severe,Fair,Open
ROAD_1761,LOC_090,LOC_011,461.81,225,High,Medium,Poor,Restricted
ROAD_1762,LOC_019,LOC_058,127.62,574,Medium,Low,Fair,Restricted
ROAD_1763,LOC_065,LOC_025,140.24,310,Low,Severe,Good,Restricted
ROAD_1764,LOC_095,LOC_087,354.28,517,Low,High,Good,Closed
ROAD_1765,LOC_050,LOC_060,486.8,221,High,Low,Good,Open
ROAD_1766,LOC_029,LOC_090,78.72,119,Critical,Severe,Damaged,Open
ROAD_1767,LOC_024,LOC_038,57.88,16,High,Medium,Damaged,Closed
ROAD_1768,LOC_049,LOC_044,141.22,316,Medium,Low,Damaged,Open
ROAD_1769,LOC_091,LOC_030,395.29,156,Critical,Medium,Fair,Open
ROAD_1770,LOC_063,LOC_069,96.49,31,Critical,Severe,Good,Closed
ROAD_1771,LOC_097,LOC_016,428.12,149,Critical,High,Poor,Closed
ROAD_1772,LOC_015,LOC_030,324.89,502,Critical,High,Poor,Restricted
ROAD_1773,LOC_064,LOC_006,275.66,538,Medium,High,Fair,Restricted
ROAD_1774,LOC_070,LOC_052,241.01,215,Low,Medium,Good,Open
ROAD_1775,LOC_093,LOC_038,53.99,503,Medium,Medium,Poor,Closed
ROAD_1776,LOC_096,LOC_060,271.86,194,Low,Medium,Good,Open
ROAD_1777,LOC_100,LOC_004,382.01,250,Low,Low,Fair,Closed
ROAD_1778,LOC_095,LOC_042,137.13,348,Low,Medium,Good,Open
ROAD_1779,LOC_070,LOC_021,274.52,163,Medium,Severe,Good,Restricted
ROAD_1780,LOC_018,LOC_029,323.32,16,Medium,Medium,Poor,Open
ROAD_1781,LOC_071,LOC_037,398.52,365,Low,Severe,Fair,Closed
ROAD_1782,LOC_092,LOC_068,386.56,316,Low,Medium,Damaged,Open
ROAD_1783,LOC_006,LOC_061,495.03,367,Medium,Medium,Fair,Open
ROAD_1784,LOC_048,LOC_046,378.62,436,Critical,Severe,Fair,Restricted
ROAD_1785,LOC_031,LOC_018,181.93,484,High,Severe,Fair,Closed
ROAD_1786,LOC_089,LOC_100,242.61,571,Medium,High,Poor,Open
ROAD_1787,LOC_007,LOC_065,265.96,188,Medium,Low,Good,Restricted
ROAD_1788,LOC_080,LOC_006,166.32,398,High,High,Damaged,Open
ROAD_1789,LOC_029,LOC_034,79.67,560,Critical,Medium,Good,Closed
ROAD_1790,LOC_006,LOC_047,76.52,545,High,Medium,Fair,Open
ROAD_1791,LOC_086,LOC_033,457.2,248,Critical,High,Poor,Restricted
ROAD_1792,LOC_079,LOC_082,90.65,189,High,Medium,Poor,Open
ROAD_1793,LOC_100,LOC_079,459.72,229,Low,Low,Poor,Restricted
ROAD_1794,LOC_012,LOC_020,201.16,206,High,Medium,Good,Closed
ROAD_1795,LOC_002,LOC_019,465.23,54,Low,Severe,Poor,Closed
ROAD_1796,LOC_047,LOC_096,45.23,179,Low,Low,Poor,Open
ROAD_1797,LOC_004,LOC_083,379.28,224,Medium,Severe,Good,Restricted
ROAD_1798,LOC_067,LOC_043,183.33,47,Medium,Severe,Fair,Open
ROAD_1799,LOC_016,LOC_081,326.99,256,High,High,Good,Open
ROAD_1800,LOC_049,LOC_038,63.39,262,Low,High,Fair,Closed
ROAD_1801,LOC_017,LOC_068,320.5,460,Medium,Medium,Fair,Restricted
ROAD_1802,LOC_037,LOC_031,215.53,548,High,Low,Fair,Open
ROAD_1803,LOC_071,LOC_036,158.65,477,Low,Medium,Fair,Closed
ROAD_1804,LOC_061,LOC_098,110.17,468,Low,High,Poor,Restricted
ROAD_1805,LOC_022,LOC_006,216.01,185,Critical,Severe,Good,Open
ROAD_1806,LOC_027,LOC_043,430.45,270,Medium,High,Damaged,Closed
ROAD_1807,LOC_059,LOC_032,151.03,158,Medium,Low,Good,Open
ROAD_1808,LOC_074,LOC_034,219.1,198,High,Low,Damaged,Restricted
ROAD_1809,LOC_035,LOC_068,284.47,102,Medium,Medium,Damaged,Restricted
ROAD_1810,LOC_077,LOC_095,408.54,119,Low,Low,Poor,Restricted
ROAD_1811,LOC_070,LOC_024,354.96,161,Medium,Severe,Poor,Closed
ROAD_1812,LOC_041,LOC_079,373.18,329,Critical,Medium,Damaged,Open
ROAD_1813,LOC_027,LOC_039,196.31,69,Low,High,Fair,Restricted
ROAD_1814,LOC_099,LOC_002,363.33,562,Low,Severe,Fair,Closed
ROAD_1815,LOC_077,LOC_054,402.96,454,Low,High,Good,Closed
ROAD_1816,LOC_080,LOC_059,33.75,188,Low,Low,Damaged,Restricted
ROAD_1817,LOC_005,LOC_086,231.46,251,Low,Low,Poor,Restricted
ROAD_1818,LOC_084,LOC_097,38.63,496,Medium,Severe,Damaged,Open
ROAD_1819,LOC_074,LOC_073,277.12,32,High,Medium,Fair,Restricted
ROAD_1820,LOC_078,LOC_074,189.16,402,High,Medium,Good,Open
ROAD_1821,LOC_016,LOC_044,349.65,155,Low,High,Good,Restricted
ROAD_1822,LOC_085,LOC_050,391.15,411,Critical,Severe,Fair,Restricted
ROAD_1823,LOC_014,LOC_100,292.64,430,Medium,Low,Damaged,Closed
ROAD_1824,LOC_036,LOC_083,344.16,455,Critical,Severe,Poor,Restricted
ROAD_1825,LOC_029,LOC_060,248.6,263,Critical,Low,Poor,Closed
ROAD_1826,LOC_043,LOC_080,275.0,234,Medium,High,Fair,Closed
ROAD_1827,LOC_016,LOC_025,85.16,335,Critical,Severe,Fair,Open
ROAD_1828,LOC_085,LOC_037,450.58,441,Medium,High,Good,Closed
ROAD_1829,LOC_069,LOC_098,128.87,114,Critical,High,Fair,Closed
ROAD_1830,LOC_044,LOC_009,480.3,360,High,Low,Good,Closed
ROAD_1831,LOC_027,LOC_018,345.14,588,Critical,Medium,Poor,Closed
ROAD_1832,LOC_074,LOC_069,175.36,341,Medium,Medium,Fair,Open
ROAD_1833,LOC_089,LOC_062,34.24,372,Medium,Severe,Poor,Open
ROAD_1834,LOC_004,LOC_030,100.35,78,Low,High,Damaged,Restricted
ROAD_1835,LOC_035,LOC_048,404.79,311,Critical,High,Damaged,Restricted
ROAD_1836,LOC_081,LOC_010,177.7,504,Low,Medium,Poor,Closed
ROAD_1837,LOC_075,LOC_029,184.48,65,Medium,Medium,Damaged,Closed
ROAD_1838,LOC_011,LOC_004,216.2,578,Medium,High,Damaged,Restricted
ROAD_1839,LOC_050,LOC_023,289.23,395,Low,Low,Damaged,Restricted
ROAD_1840,LOC_074,LOC_096,442.5,99,High,Medium,Fair,Closed
ROAD_1841,LOC_086,LOC_100,193.46,105,Critical,Low,Fair,Closed
ROAD_1842,LOC_066,LOC_020,373.43,62,High,Medium,Good,Closed
ROAD_1843,LOC_003,LOC_050,462.62,301,High,Medium,Poor,Open
ROAD_1844,LOC_031,LOC_084,101.32,219,Medium,Severe,Fair,Restricted
ROAD_1845,LOC_092,LOC_032,327.42,81,Low,Severe,Poor,Open
ROAD_1846,LOC_012,LOC_042,305.23,183,Medium,Medium,Poor,Open
ROAD_1847,LOC_091,LOC_044,273.24,318,Low,High,Poor,Restricted
ROAD_1848,LOC_097,LOC_066,284.11,391,Low,High,Poor,Restricted
ROAD_1849,LOC_035,LOC_043,331.17,268,High,High,Fair,Restricted
ROAD_1850,LOC_072,LOC_100,111.74,230,Critical,Medium,Fair,Restricted
ROAD_1851,LOC_098,LOC_074,272.15,297,Medium,Severe,Poor,Open
ROAD_1852,LOC_048,LOC_063,195.31,447,Medium,Severe,Good,Closed
ROAD_1853,LOC_053,LOC_075,257.4,521,Medium,Low,Poor,Open
ROAD_1854,LOC_048,LOC_084,230.11,427,Medium,High,Damaged,Restricted
ROAD_1855,LOC_039,LOC_073,10.38,555,Low,Low,Good,Restricted
ROAD_1856,LOC_029,LOC_096,252.76,329,High,Severe,Fair,Open
ROAD_1857,LOC_002,LOC_021,123.35,20,High,Low,Poor,Open
ROAD_1858,LOC_070,LOC_066,208.84,143,Critical,Low,Fair,Closed
ROAD_1859,LOC_027,LOC_040,8.0,418,Medium,Low,Good,Closed
ROAD_1860,LOC_005,LOC_010,125.41,283,Medium,Medium,Fair,Restricted
ROAD_1861,LOC_081,LOC_083,26.14,553,Medium,High,Good,Restricted
ROAD_1862,LOC_097,LOC_068,77.17,350,High,High,Poor,Closed
ROAD_1863,LOC_075,LOC_044,353.45,310,Medium,Medium,Damaged,Open
ROAD_1864,LOC_057,LOC_097,161.36,138,Critical,Low,Damaged,Open
ROAD_1865,LOC_085,LOC_078,247.49,33,High,Severe,Poor,Closed
ROAD_1866,LOC_063,LOC_088,362.45,80,High,High,Damaged,Open
ROAD_1867,LOC_052,LOC_084,323.12,311,High,High,Damaged,Closed
ROAD_1868,LOC_035,LOC_050,132.68,576,High,Severe,Poor,Open
ROAD_1869,LOC_070,LOC_017,345.74,177,Medium,Severe,Poor,Restricted
ROAD_1870,LOC_040,LOC_087,151.91,76,Critical,Low,Fair,Open
ROAD_1871,LOC_003,LOC_046,391.86,379,Medium,Medium,Fair,Open
ROAD_1872,LOC_068,LOC_095,7.64,44,Critical,Medium,Damaged,Open
ROAD_1873,LOC_046,LOC_039,301.77,235,Medium,High,Fair,Open
ROAD_1874,LOC_012,LOC_059,106.41,551,High,Severe,Poor,Restricted
ROAD_1875,LOC_055,LOC_028,295.78,261,Low,Low,Poor,Restricted
ROAD_1876,LOC_058,LOC_059,373.27,186,Low,Low,Damaged,Closed
ROAD_1877,LOC_051,LOC_081,174.27,506,Critical,Medium,Damaged,Restricted
ROAD_1878,LOC_018,LOC_064,315.16,561,Critical,Medium,Damaged,Restricted
ROAD_1879,LOC_031,LOC_014,308.75,190,Low,Severe,Good,Restricted
ROAD_1880,LOC_069,LOC_070,381.79,38,Low,High,Poor,Closed
ROAD_1881,LOC_008,LOC_081,81.12,15,Critical,Low,Good,Closed
ROAD_1882,LOC_092,LOC_099,426.83,346,Low,Medium,Poor,Closed
ROAD_1883,LOC_019,LOC_028,488.07,334,Critical,High,Poor,Open
ROAD_1884,LOC_051,LOC_077,228.21,58,Medium,Low,Fair,Closed
ROAD_1885,LOC_058,LOC_097,268.14,203,Low,Low,Fair,Closed
ROAD_1886,LOC_091,LOC_087,16.9,161,Low,Low,Damaged,Restricted
ROAD_1887,LOC_005,LOC_088,474.28,486,Medium,Severe,Fair,Open
ROAD_1888,LOC_084,LOC_035,101.51,38,Critical,High,Good,Open
ROAD_1889,LOC_029,LOC_047,2.68,181,Critical,Severe,Good,Open
ROAD_1890,LOC_046,LOC_055,300.16,483,Critical,Medium,Fair,Restricted
ROAD_1891,LOC_069,LOC_018,367.05,415,Medium,Severe,Damaged,Open
ROAD_1892,LOC_040,LOC_078,14.24,349,Medium,Low,Good,Restricted
ROAD_1893,LOC_019,LOC_036,51.63,107,High,High,Fair,Restricted
ROAD_1894,LOC_076,LOC_003,296.49,100,Medium,Low,Damaged,Restricted
ROAD_1895,LOC_059,LOC_002,313.66,456,Low,Severe,Poor,Closed
ROAD_1896,LOC_071,LOC_025,241.6,246,Medium,Medium,Fair,Closed
ROAD_1897,LOC_092,LOC_060,172.69,523,Critical,Medium,Fair,Restricted
ROAD_1898,LOC_038,LOC_023,258.31,486,High,High,Poor,Open
ROAD_1899,LOC_059,LOC_035,95.97,466,High,Low,Fair,Closed
ROAD_1900,LOC_042,LOC_026,71.97,542,Critical,Low,Fair,Closed
ROAD_1901,LOC_092,LOC_008,333.73,147,High,Severe,Fair,Closed
ROAD_1902,LOC_056,LOC_004,441.5,438,Low,Medium,Damaged,Open
ROAD_1903,LOC_025,LOC_097,285.84,249,Critical,Low,Damaged,Closed
ROAD_1904,LOC_075,LOC_062,2.68,267,Medium,High,Damaged,Restricted
ROAD_1905,LOC_011,LOC_056,429.67,254,Low,High,Good,Closed
ROAD_1906,LOC_053,LOC_035,162.38,56,Critical,Low,Good,Open
ROAD_1907,LOC_054,LOC_077,79.76,299,Low,Medium,Poor,Restricted
ROAD_1908,LOC_097,LOC_061,238.71,415,Low,Low,Good,Restricted
ROAD_1909,LOC_092,LOC_059,355.96,442,Low,High,Damaged,Closed
ROAD_1910,LOC_056,LOC_059,80.03,489,High,High,Good,Open
ROAD_1911,LOC_023,LOC_005,29.68,423,Critical,Medium,Good,Restricted
ROAD_1912,LOC_037,LOC_047,465.25,318,Low,Severe,Good,Open
ROAD_1913,LOC_069,LOC_015,184.25,173,Low,Low,Poor,Open
ROAD_1914,LOC_036,LOC_096,9.89,64,High,Low,Poor,Closed
ROAD_1915,LOC_065,LOC_100,499.4,474,Low,Medium,Fair,Open
ROAD_1916,LOC_039,LOC_059,202.28,21,Medium,High,Damaged,Open
ROAD_1917,LOC_062,LOC_071,83.91,148,Medium,Low,Fair,Open
ROAD_1918,LOC_043,LOC_080,496.01,199,Medium,Severe,Damaged,Restricted
ROAD_1919,LOC_015,LOC_080,70.28,75,High,Severe,Poor,Closed
ROAD_1920,LOC_093,LOC_081,432.83,267,Critical,Severe,Fair,Restricted
ROAD_1921,LOC_017,LOC_029,356.13,13,Critical,Severe,Poor,Open
ROAD_1922,LOC_027,LOC_046,77.72,215,Medium,Medium,Poor,Closed
ROAD_1923,LOC_003,LOC_080,123.7,346,High,Medium,Fair,Restricted
ROAD_1924,LOC_032,LOC_034,347.75,147,High,Severe,Poor,Closed
ROAD_1925,LOC_006,LOC_014,20.38,477,Critical,Low,Damaged,Closed
ROAD_1926,LOC_091,LOC_039,181.65,389,Critical,Medium,Good,Closed
ROAD_1927,LOC_081,LOC_011,79.87,119,Low,Low,Fair,Closed
ROAD_1928,LOC_052,LOC_068,439.7,26,Low,High,Fair,Restricted
ROAD_1929,LOC_066,LOC_057,360.78,475,High,Severe,Poor,Restricted
ROAD_1930,LOC_091,LOC_017,69.95,241,Low,Medium,Fair,Open
ROAD_1931,LOC_078,LOC_043,472.03,243,Medium,Severe,Damaged,Open
ROAD_1932,LOC_066,LOC_022,48.04,22,Low,Low,Fair,Open
ROAD_1933,LOC_073,LOC_017,353.85,523,High,Low,Damaged,Closed
ROAD_1934,LOC_005,LOC_056,413.93,338,Low,Medium,Good,Open
ROAD_1935,LOC_075,LOC_074,192.82,131,High,High,Fair,Open
ROAD_1936,LOC_012,LOC_050,134.39,597,Low,Low,Damaged,Restricted
ROAD_1937,LOC_053,LOC_088,320.43,496,Critical,Low,Good,Restricted
ROAD_1938,LOC_027,LOC_050,110.22,379,Low,Medium,Damaged,Restricted
ROAD_1939,LOC_023,LOC_082,483.91,43,High,High,Fair,Closed
ROAD_1940,LOC_086,LOC_092,237.11,269,Medium,Severe,Damaged,Closed
ROAD_1941,LOC_073,LOC_023,105.89,310,Low,Low,Poor,Closed
ROAD_1942,LOC_003,LOC_023,420.14,75,Low,Low,Good,Closed
ROAD_1943,LOC_091,LOC_041,269.72,116,Low,Medium,Fair,Restricted
ROAD_1944,LOC_038,LOC_003,243.6,28,Critical,Low,Good,Closed
ROAD_1945,LOC_025,LOC_095,483.45,280,Critical,Severe,Damaged,Restricted
ROAD_1946,LOC_100,LOC_060,268.5,529,Low,Low,Fair,Closed
ROAD_1947,LOC_084,LOC_008,131.25,12,Critical,High,Poor,Restricted
ROAD_1948,LOC_018,LOC_046,160.98,113,Low,Medium,Fair,Open
ROAD_1949,LOC_024,LOC_036,266.53,110,Low,Medium,Fair,Open
ROAD_1950,LOC_093,LOC_088,372.94,589,Medium,Severe,Good,Open
ROAD_1951,LOC_061,LOC_096,119.99,10,Low,Severe,Damaged,Closed
ROAD_1952,LOC_092,LOC_048,38.15,327,High,Medium,Fair,Restricted
ROAD_1953,LOC_005,LOC_034,496.37,437,Medium,Low,Poor,Closed
ROAD_1954,LOC_007,LOC_067,162.32,513,High,Severe,Good,Restricted
ROAD_1955,LOC_085,LOC_043,393.57,400,Low,High,Fair,Closed
ROAD_1956,LOC_084,LOC_039,121.88,161,Low,Severe,Good,Open
ROAD_1957,LOC_003,LOC_012,361.2,130,Medium,Medium,Damaged,Restricted
ROAD_1958,LOC_059,LOC_075,159.89,454,Medium,High,Fair,Restricted
ROAD_1959,LOC_089,LOC_043,496.13,546,High,Severe,Poor,Closed
ROAD_1960,LOC_058,LOC_016,405.76,558,Medium,Low,Damaged,Restricted
ROAD_1961,LOC_080,LOC_078,140.6,64,Low,High,Poor,Restricted
ROAD_1962,LOC_020,LOC_065,212.92,315,High,Low,Good,Closed
ROAD_1963,LOC_026,LOC_037,351.39,333,Medium,Medium,Damaged,Closed
ROAD_1964,LOC_002,LOC_086,480.33,266,Critical,Severe,Damaged,Restricted
ROAD_1965,LOC_023,LOC_100,56.87,594,Medium,Medium,Fair,Open
ROAD_1966,LOC_088,LOC_015,441.0,438,Critical,High,Fair,Open
ROAD_1967,LOC_026,LOC_061,370.91,500,Medium,Low,Damaged,Restricted
ROAD_1968,LOC_048,LOC_005,454.27,391,Critical,Medium,Damaged,Restricted
ROAD_1969,LOC_021,LOC_030,269.16,454,Low,Medium,Good,Closed
ROAD_1970,LOC_046,LOC_073,127.61,111,Critical,Medium,Fair,Closed
ROAD_1971,LOC_076,LOC_019,108.94,21,Critical,Medium,Fair,Open
ROAD_1972,LOC_011,LOC_002,496.35,528,Medium,Medium,Poor,Restricted
ROAD_1973,LOC_086,LOC_072,95.23,600,Medium,Severe,Good,Restricted
ROAD_1974,LOC_029,LOC_007,200.26,379,Low,High,Fair,Closed
ROAD_1975,LOC_086,LOC_079,426.46,283,Low,Low,Damaged,Closed
ROAD_1976,LOC_094,LOC_046,97.2,597,High,High,Good,Open
ROAD_1977,LOC_093,LOC_089,61.79,218,Critical,Low,Good,Restricted
ROAD_1978,LOC_093,LOC_086,97.05,528,Medium,Severe,Fair,Closed
ROAD_1979,LOC_003,LOC_089,316.59,67,Medium,Severe,Poor,Open
ROAD_1980,LOC_077,LOC_065,397.0,495,Critical,Severe,Good,Restricted
ROAD_1981,LOC_035,LOC_010,65.99,536,Low,High,Poor,Restricted
ROAD_1982,LOC_095,LOC_052,102.2,309,Medium,Low,Good,Restricted
ROAD_1983,LOC_077,LOC_019,387.11,313,Low,High,Poor,Restricted
ROAD_1984,LOC_097,LOC_048,217.67,403,Medium,Severe,Fair,Open
ROAD_1985,LOC_027,LOC_075,77.06,516,Medium,Medium,Fair,Open
ROAD_1986,LOC_017,LOC_094,219.01,23,Medium,Medium,Damaged,Closed
ROAD_1987,LOC_054,LOC_061,172.39,25,Critical,High,Good,Restricted
ROAD_1988,LOC_097,LOC_056,265.28,395,Critical,High,Poor,Open
ROAD_1989,LOC_025,LOC_098,321.0,347,Low,High,Poor,Open
ROAD_1990,LOC_058,LOC_030,54.92,53,Low,High,Good,Restricted
ROAD_1991,LOC_072,LOC_090,263.72,99,High,Severe,Good,Open
ROAD_1992,LOC_033,LOC_090,421.49,294,Medium,Medium,Good,Open
ROAD_1993,LOC_087,LOC_096,164.08,312,Critical,Low,Fair,Restricted
ROAD_1994,LOC_053,LOC_077,94.69,196,High,High,Damaged,Open
ROAD_1995,LOC_094,LOC_019,238.27,447,Critical,High,Poor,Restricted
ROAD_1996,LOC_026,LOC_098,281.35,569,Critical,High,Damaged,Restricted
ROAD_1997,LOC_019,LOC_002,461.61,124,Low,Severe,Fair,Open
ROAD_1998,LOC_098,LOC_047,224.07,71,Critical,Severe,Damaged,Open
ROAD_1999,LOC_087,LOC_052,385.24,558,Medium,Severe,Poor,Closed
ROAD_2000,LOC_019,LOC_076,413.7,554,Critical,High,Poor,Closed
ROAD_2001,LOC_046,LOC_087,84.6,233,Medium,Low,Fair,Closed
ROAD_2002,LOC_100,LOC_091,48.12,195,Critical,High,Fair,Closed
ROAD_2003,LOC_020,LOC_045,75.5,365,Low,Low,Fair,Open
ROAD_2004,LOC_014,LOC_041,146.53,407,Critical,Severe,Poor,Restricted
ROAD_2005,LOC_060,LOC_074,153.78,536,Medium,Medium,Damaged,Closed
ROAD_2006,LOC_008,LOC_083,375.72,270,Low,Severe,Fair,Restricted
ROAD_2007,LOC_008,LOC_048,356.51,587,Low,Medium,Damaged,Open
ROAD_2008,LOC_061,LOC_094,438.07,577,High,Medium,Good,Restricted
ROAD_2009,LOC_099,LOC_029,77.95,598,High,Severe,Fair,Open
ROAD_2010,LOC_027,LOC_067,1.17,322,Low,Medium,Fair,Restricted
ROAD_2011,LOC_073,LOC_009,242.22,168,Medium,Severe,Good,Open
ROAD_2012,LOC_018,LOC_001,357.12,255,Critical,High,Good,Open
ROAD_2013,LOC_070,LOC_010,17.61,84,Low,Severe,Good,Closed
ROAD_2014,LOC_007,LOC_074,286.88,319,High,Severe,Good,Closed
ROAD_2015,LOC_039,LOC_033,288.54,99,Medium,Medium,Poor,Open
ROAD_2016,LOC_029,LOC_018,85.64,353,Medium,Low,Good,Closed
ROAD_2017,LOC_087,LOC_061,246.0,389,High,Severe,Good,Open
ROAD_2018,LOC_067,LOC_041,461.34,349,Critical,High,Fair,Open
ROAD_2019,LOC_039,LOC_098,95.04,229,Medium,Medium,Damaged,Closed
ROAD_2020,LOC_075,LOC_017,492.1,579,Medium,High,Damaged,Restricted
ROAD_2021,LOC_056,LOC_050,19.49,593,Critical,Severe,Good,Closed
ROAD_2022,LOC_006,LOC_083,175.57,388,Medium,Low,Fair,Closed
ROAD_2023,LOC_094,LOC_095,279.36,576,Low,Low,Poor,Closed
ROAD_2024,LOC_036,LOC_042,210.26,320,Critical,Low,Poor,Closed
ROAD_2025,LOC_035,LOC_074,286.48,425,Critical,Medium,Damaged,Open
ROAD_2026,LOC_092,LOC_003,301.12,450,High,Low,Poor,Restricted
ROAD_2027,LOC_051,LOC_090,255.18,335,Low,Low,Poor,Closed
ROAD_2028,LOC_073,LOC_055,459.85,335,Low,Medium,Damaged,Restricted
ROAD_2029,LOC_030,LOC_039,148.17,37,Medium,Medium,Poor,Open
ROAD_2030,LOC_083,LOC_059,73.88,249,High,Low,Damaged,Restricted
ROAD_2031,LOC_093,LOC_009,156.45,60,Low,Severe,Fair,Open
ROAD_2032,LOC_063,LOC_006,150.81,138,Critical,Severe,Poor,Open
ROAD_2033,LOC_009,LOC_017,31.85,62,Low,Medium,Good,Restricted
ROAD_2034,LOC_031,LOC_083,145.16,48,High,Low,Good,Closed
ROAD_2035,LOC_019,LOC_097,77.74,370,Low,Severe,Fair,Restricted
ROAD_2036,LOC_091,LOC_019,277.65,396,Critical,Medium,Poor,Restricted
ROAD_2037,LOC_073,LOC_088,444.72,255,Medium,Medium,Fair,Open
ROAD_2038,LOC_078,LOC_064,481.17,275,Critical,Low,Good,Restricted
ROAD_2039,LOC_032,LOC_015,58.69,49,High,Severe,Poor,Open
ROAD_2040,LOC_078,LOC_041,336.39,148,Medium,High,Poor,Open
ROAD_2041,LOC_021,LOC_053,42.25,94,High,Medium,Poor,Restricted
ROAD_2042,LOC_036,LOC_056,367.57,243,High,Severe,Fair,Closed
ROAD_2043,LOC_078,LOC_051,206.04,362,Low,Low,Damaged,Restricted
ROAD_2044,LOC_072,LOC_014,132.28,363,Medium,Medium,Good,Closed
ROAD_2045,LOC_037,LOC_022,251.52,452,Critical,Medium,Poor,Closed
ROAD_2046,LOC_038,LOC_098,224.12,160,High,High,Damaged,Closed
ROAD_2047,LOC_060,LOC_054,201.98,300,Low,Severe,Good,Open
ROAD_2048,LOC_080,LOC_064,437.22,419,Low,Medium,Fair,Restricted
ROAD_2049,LOC_071,LOC_039,9.26,391,Critical,High,Damaged,Restricted
ROAD_2050,LOC_086,LOC_048,459.14,107,Critical,High,Damaged,Open
ROAD_2051,LOC_041,LOC_079,179.7,116,Critical,Low,Good,Open
ROAD_2052,LOC_084,LOC_079,220.84,561,Critical,Low,Fair,Restricted
ROAD_2053,LOC_032,LOC_088,44.96,587,Medium,High,Poor,Restricted
ROAD_2054,LOC_059,LOC_025,73.22,67,High,Severe,Fair,Restricted
ROAD_2055,LOC_056,LOC_047,109.97,182,Medium,High,Poor,Open
ROAD_2056,LOC_038,LOC_076,300.74,473,Medium,Medium,Good,Closed
ROAD_2057,LOC_098,LOC_026,90.21,197,Critical,Severe,Good,Open
ROAD_2058,LOC_022,LOC_091,292.77,482,Critical,Severe,Poor,Closed
ROAD_2059,LOC_027,LOC_020,110.36,580,High,Severe,Damaged,Restricted
ROAD_2060,LOC_080,LOC_034,153.54,405,Medium,Low,Fair,Restricted
ROAD_2061,LOC_050,LOC_092,24.51,65,High,High,Damaged,Open
ROAD_2062,LOC_018,LOC_022,61.28,472,Critical,Medium,Damaged,Restricted
ROAD_2063,LOC_098,LOC_051,347.92,69,Critical,Low,Good,Closed
ROAD_2064,LOC_025,LOC_069,290.62,531,High,Medium,Poor,Open
ROAD_2065,LOC_095,LOC_021,70.24,282,Critical,Severe,Fair,Open
ROAD_2066,LOC_062,LOC_060,63.63,474,High,Medium,Good,Open
ROAD_2067,LOC_057,LOC_080,473.72,152,Medium,Medium,Damaged,Restricted
ROAD_2068,LOC_016,LOC_053,149.36,103,Medium,Severe,Poor,Restricted
ROAD_2069,LOC_011,LOC_019,286.61,444,Critical,Severe,Good,Restricted
ROAD_2070,LOC_050,LOC_042,469.56,592,Medium,Severe,Damaged,Open
ROAD_2071,LOC_093,LOC_012,302.03,416,Medium,Low,Fair,Closed
ROAD_2072,LOC_094,LOC_084,282.77,268,Critical,Severe,Damaged,Closed
ROAD_2073,LOC_035,LOC_051,321.78,318,Low,Medium,Damaged,Open
ROAD_2074,LOC_041,LOC_011,322.77,350,Low,Severe,Fair,Closed
ROAD_2075,LOC_086,LOC_100,355.72,322,High,High,Damaged,Open
ROAD_2076,LOC_001,LOC_072,419.14,202,Medium,Severe,Poor,Open
ROAD_2077,LOC_085,LOC_079,461.61,527,High,High,Poor,Closed
ROAD_2078,LOC_045,LOC_079,262.79,457,Medium,High,Good,Restricted
ROAD_2079,LOC_100,LOC_021,482.98,571,Medium,Low,Poor,Open
ROAD_2080,LOC_061,LOC_095,229.17,480,Low,Low,Damaged,Restricted
ROAD_2081,LOC_007,LOC_084,108.36,119,Low,Low,Good,Closed
ROAD_2082,LOC_005,LOC_038,169.38,283,Medium,Severe,Damaged,Restricted
ROAD_2083,LOC_013,LOC_068,162.32,305,Critical,High,Damaged,Restricted
ROAD_2084,LOC_095,LOC_050,330.81,194,Critical,High,Good,Closed
ROAD_2085,LOC_046,LOC_073,274.2,238,High,Medium,Good,Restricted
ROAD_2086,LOC_021,LOC_029,387.93,182,Medium,Severe,Fair,Restricted
ROAD_2087,LOC_097,LOC_042,27.75,470,Low,Medium,Fair,Restricted
ROAD_2088,LOC_053,LOC_028,132.33,193,Critical,Low,Fair,Closed
ROAD_2089,LOC_032,LOC_056,102.2,207,Critical,High,Fair,Closed
ROAD_2090,LOC_047,LOC_007,243.63,148,Medium,Low,Damaged,Open
ROAD_2091,LOC_088,LOC_082,200.48,198,Medium,High,Poor,Open
ROAD_2092,LOC_100,LOC_040,387.36,514,Medium,Severe,Good,Restricted
ROAD_2093,LOC_066,LOC_058,294.22,110,Low,High,Damaged,Open
ROAD_2094,LOC_053,LOC_091,156.34,256,Low,Low,Good,Closed
ROAD_2095,LOC_064,LOC_038,315.08,400,Critical,Medium,Good,Closed
ROAD_2096,LOC_039,LOC_026,426.04,88,High,Severe,Damaged,Restricted
ROAD_2097,LOC_039,LOC_083,156.71,385,Critical,Medium,Poor,Closed
ROAD_2098,LOC_035,LOC_053,225.45,349,High,High,Good,Closed
ROAD_2099,LOC_049,LOC_042,367.94,585,Medium,Low,Damaged,Closed
ROAD_2100,LOC_063,LOC_005,362.18,365,High,Low,Poor,Restricted
ROAD_2101,LOC_018,LOC_084,364.62,9,Low,High,Poor,Open
ROAD_2102,LOC_025,LOC_023,149.9,496,High,High,Poor,Open
ROAD_2103,LOC_065,LOC_016,312.44,567,Medium,High,Damaged,Closed
ROAD_2104,LOC_028,LOC_049,441.11,19,Medium,Medium,Good,Restricted
ROAD_2105,LOC_092,LOC_024,330.25,62,High,Severe,Damaged,Open
ROAD_2106,LOC_097,LOC_001,289.52,471,Low,Medium,Good,Restricted
ROAD_2107,LOC_021,LOC_040,195.61,5,Critical,Low,Poor,Restricted
ROAD_2108,LOC_081,LOC_043,66.95,32,Low,Severe,Fair,Closed
ROAD_2109,LOC_064,LOC_078,28.95,415,Critical,Medium,Good,Open
ROAD_2110,LOC_011,LOC_008,319.98,141,Low,High,Poor,Open
ROAD_2111,LOC_006,LOC_061,347.85,229,High,High,Poor,Open
ROAD_2112,LOC_036,LOC_035,224.45,81,Medium,Severe,Fair,Open
ROAD_2113,LOC_087,LOC_009,226.18,294,Critical,Severe,Poor,Restricted
ROAD_2114,LOC_002,LOC_069,84.23,290,Medium,Medium,Damaged,Restricted
ROAD_2115,LOC_081,LOC_069,240.1,48,High,Severe,Poor,Open
ROAD_2116,LOC_042,LOC_051,300.53,376,High,Severe,Fair,Closed
ROAD_2117,LOC_065,LOC_073,194.39,121,Critical,Low,Fair,Restricted
ROAD_2118,LOC_038,LOC_047,365.81,116,Critical,High,Damaged,Restricted
ROAD_2119,LOC_044,LOC_055,464.06,231,Critical,High,Damaged,Closed
ROAD_2120,LOC_069,LOC_054,280.06,411,Critical,High,Damaged,Open
ROAD_2121,LOC_064,LOC_038,198.32,415,Critical,Low,Poor,Open
ROAD_2122,LOC_006,LOC_053,276.62,575,High,Low,Damaged,Open
ROAD_2123,LOC_025,LOC_021,52.14,343,Critical,Low,Damaged,Closed
ROAD_2124,LOC_079,LOC_046,146.61,212,Medium,High,Fair,Open
ROAD_2125,LOC_097,LOC_048,396.02,42,Low,Low,Fair,Closed
ROAD_2126,LOC_095,LOC_053,203.95,65,High,Severe,Good,Open
ROAD_2127,LOC_029,LOC_048,184.28,596,Critical,Low,Damaged,Open
ROAD_2128,LOC_048,LOC_090,232.53,341,Low,High,Good,Restricted
ROAD_2129,LOC_049,LOC_081,342.51,574,Medium,High,Poor,Restricted
ROAD_2130,LOC_017,LOC_037,77.5,272,High,Medium,Damaged,Restricted
ROAD_2131,LOC_019,LOC_041,476.88,426,Critical,Severe,Good,Restricted
ROAD_2132,LOC_008,LOC_011,354.99,554,Critical,Severe,Poor,Restricted
ROAD_2133,LOC_079,LOC_067,335.95,164,Low,Medium,Damaged,Restricted
ROAD_2134,LOC_077,LOC_006,487.37,482,Medium,Severe,Damaged,Closed
ROAD_2135,LOC_034,LOC_096,112.64,258,Medium,Low,Poor,Restricted
ROAD_2136,LOC_026,LOC_015,43.5,310,High,Severe,Good,Closed
ROAD_2137,LOC_077,LOC_047,299.89,123,Low,High,Poor,Closed
ROAD_2138,LOC_005,LOC_072,427.58,595,Critical,Low,Damaged,Open
ROAD_2139,LOC_079,LOC_025,26.73,424,Critical,Severe,Good,Open
ROAD_2140,LOC_087,LOC_001,5.48,128,Critical,Low,Poor,Open
ROAD_2141,LOC_082,LOC_077,216.46,245,Low,Medium,Fair,Restricted
ROAD_2142,LOC_068,LOC_073,295.11,27,Low,Medium,Damaged,Restricted
ROAD_2143,LOC_099,LOC_013,453.5,238,Medium,Severe,Good,Closed
ROAD_2144,LOC_002,LOC_032,227.69,373,Critical,Medium,Good,Restricted
ROAD_2145,LOC_097,LOC_033,210.59,189,Low,High,Good,Open
ROAD_2146,LOC_005,LOC_099,104.63,161,High,Severe,Poor,Open
ROAD_2147,LOC_045,LOC_075,229.0,93,Critical,Medium,Damaged,Closed
ROAD_2148,LOC_011,LOC_092,306.09,362,Critical,Severe,Fair,Open
ROAD_2149,LOC_066,LOC_093,295.79,202,Low,Severe,Poor,Closed
ROAD_2150,LOC_094,LOC_048,404.21,205,Critical,Low,Poor,Restricted
ROAD_2151,LOC_031,LOC_092,426.62,346,Medium,Medium,Damaged,Restricted
ROAD_2152,LOC_015,LOC_086,196.82,170,Critical,Low,Fair,Open
ROAD_2153,LOC_028,LOC_031,25.57,552,Medium,High,Damaged,Restricted
ROAD_2154,LOC_091,LOC_092,194.74,320,Critical,Low,Poor,Restricted
ROAD_2155,LOC_019,LOC_046,396.55,58,Critical,Low,Fair,Closed
ROAD_2156,LOC_081,LOC_087,390.8,133,Critical,Severe,Poor,Open
ROAD_2157,LOC_043,LOC_026,44.17,116,Low,Low,Good,Closed
ROAD_2158,LOC_043,LOC_052,497.72,520,Medium,High,Fair,Open
ROAD_2159,LOC_023,LOC_047,150.58,595,Critical,Severe,Poor,Closed
ROAD_2160,LOC_100,LOC_028,369.1,428,Low,Severe,Poor,Restricted
ROAD_2161,LOC_043,LOC_012,145.69,176,Critical,High,Good,Restricted
ROAD_2162,LOC_024,LOC_017,42.13,208,Medium,Medium,Damaged,Open
ROAD_2163,LOC_062,LOC_081,13.72,254,Medium,High,Good,Closed
ROAD_2164,LOC_069,LOC_067,409.56,434,Medium,Medium,Fair,Open
ROAD_2165,LOC_061,LOC_079,9.87,575,High,High,Good,Open
ROAD_2166,LOC_064,LOC_070,206.49,583,High,Low,Poor,Closed
ROAD_2167,LOC_039,LOC_031,306.0,354,High,Severe,Poor,Open
ROAD_2168,LOC_001,LOC_062,415.55,173,Low,Low,Poor,Open
ROAD_2169,LOC_055,LOC_085,175.44,299,Low,Severe,Damaged,Open
ROAD_2170,LOC_049,LOC_089,476.99,496,Medium,High,Poor,Closed
ROAD_2171,LOC_082,LOC_080,295.42,547,High,High,Damaged,Closed
ROAD_2172,LOC_001,LOC_061,7.97,184,Low,Low,Fair,Open
ROAD_2173,LOC_067,LOC_012,305.14,334,Critical,High,Damaged,Restricted
ROAD_2174,LOC_007,LOC_032,104.99,583,Critical,Severe,Good,Closed
ROAD_2175,LOC_001,LOC_083,327.8,499,Low,High,Damaged,Open
ROAD_2176,LOC_029,LOC_079,428.51,85,Low,Severe,Good,Closed
ROAD_2177,LOC_071,LOC_040,463.47,220,Medium,Low,Fair,Closed
ROAD_2178,LOC_099,LOC_012,94.7,553,High,Low,Damaged,Closed
ROAD_2179,LOC_096,LOC_097,270.33,242,Critical,Low,Good,Restricted
ROAD_2180,LOC_098,LOC_063,412.28,212,Low,High,Damaged,Restricted
ROAD_2181,LOC_026,LOC_028,47.54,528,Low,High,Poor,Open
ROAD_2182,LOC_034,LOC_059,5.61,113,Low,Severe,Fair,Open
ROAD_2183,LOC_010,LOC_075,187.68,575,Medium,Severe,Damaged,Restricted
ROAD_2184,LOC_035,LOC_002,387.42,106,High,Medium,Poor,Closed
ROAD_2185,LOC_061,LOC_050,481.66,425,Medium,Low,Poor,Closed
ROAD_2186,LOC_096,LOC_022,140.6,540,Critical,Low,Damaged,Open
ROAD_2187,LOC_035,LOC_031,145.0,495,Medium,High,Good,Restricted
ROAD_2188,LOC_091,LOC_085,465.22,572,Low,Low,Damaged,Restricted
ROAD_2189,LOC_065,LOC_020,290.48,152,Critical,High,Fair,Open
ROAD_2190,LOC_009,LOC_092,385.69,5,Medium,Medium,Damaged,Open
ROAD_2191,LOC_030,LOC_089,425.87,259,High,Low,Fair,Open
ROAD_2192,LOC_001,LOC_011,125.23,170,High,Medium,Fair,Restricted
ROAD_2193,LOC_007,LOC_068,148.99,549,Low,High,Good,Restricted
ROAD_2194,LOC_068,LOC_047,175.11,587,Low,Medium,Fair,Open
ROAD_2195,LOC_066,LOC_062,118.61,376,High,Low,Poor,Open
ROAD_2196,LOC_029,LOC_020,470.23,159,Low,High,Fair,Restricted
ROAD_2197,LOC_013,LOC_064,279.71,433,High,Severe,Fair,Closed
ROAD_2198,LOC_016,LOC_089,225.75,172,Medium,High,Poor,Closed
ROAD_2199,LOC_053,LOC_036,194.81,441,Medium,Medium,Damaged,Restricted
ROAD_2200,LOC_043,LOC_053,58.11,229,High,Medium,Fair,Closed
ROAD_2201,LOC_075,LOC_046,263.91,531,Medium,Medium,Damaged,Closed
ROAD_2202,LOC_074,LOC_005,141.33,105,High,High,Fair,Closed
ROAD_2203,LOC_042,LOC_041,190.21,471,Medium,High,Good,Open
ROAD_2204,LOC_100,LOC_092,321.63,46,Medium,Low,Good,Open
ROAD_2205,LOC_061,LOC_003,418.7,592,Medium,Severe,Poor,Closed
ROAD_2206,LOC_084,LOC_026,249.94,433,Medium,High,Fair,Closed
ROAD_2207,LOC_063,LOC_027,285.19,82,Low,High,Fair,Restricted
ROAD_2208,LOC_014,LOC_069,288.36,49,Medium,Low,Damaged,Closed
ROAD_2209,LOC_001,LOC_045,275.37,485,Low,Severe,Fair,Closed
ROAD_2210,LOC_033,LOC_016,164.96,31,Critical,Medium,Good,Open
ROAD_2211,LOC_009,LOC_022,143.49,372,High,Medium,Damaged,Closed
ROAD_2212,LOC_031,LOC_077,484.56,7,Critical,Medium,Fair,Restricted
ROAD_2213,LOC_069,LOC_077,282.77,102,Low,Medium,Damaged,Open
ROAD_2214,LOC_071,LOC_034,126.53,198,Critical,Severe,Good,Closed
ROAD_2215,LOC_081,LOC_075,8.47,65,Medium,High,Good,Restricted
ROAD_2216,LOC_053,LOC_039,207.67,50,Critical,Low,Good,Open
ROAD_2217,LOC_059,LOC_052,384.13,547,High,Severe,Poor,Restricted
ROAD_2218,LOC_020,LOC_079,353.68,443,Low,Low,Fair,Restricted
ROAD_2219,LOC_018,LOC_060,206.29,122,Medium,Low,Fair,Closed
ROAD_2220,LOC_080,LOC_021,414.72,99,Low,Severe,Fair,Open
ROAD_2221,LOC_007,LOC_031,438.07,522,Low,High,Fair,Closed
ROAD_2222,LOC_062,LOC_063,378.68,29,Medium,Low,Fair,Open
ROAD_2223,LOC_100,LOC_091,144.39,125,Critical,Low,Fair,Open
ROAD_2224,LOC_031,LOC_095,205.11,227,Critical,High,Damaged,Closed
ROAD_2225,LOC_072,LOC_022,402.92,168,High,Medium,Fair,Closed
ROAD_2226,LOC_061,LOC_024,397.88,163,High,Severe,Poor,Restricted
ROAD_2227,LOC_075,LOC_020,250.96,586,Critical,High,Damaged,Restricted
ROAD_2228,LOC_002,LOC_099,307.68,497,Medium,Severe,Good,Closed
ROAD_2229,LOC_083,LOC_088,19.04,362,Medium,High,Damaged,Restricted
ROAD_2230,LOC_042,LOC_050,291.34,284,Medium,Medium,Fair,Closed
ROAD_2231,LOC_058,LOC_004,221.88,358,Low,Low,Fair,Closed
ROAD_2232,LOC_038,LOC_062,314.78,27,Medium,Severe,Damaged,Open
ROAD_2233,LOC_021,LOC_001,379.9,171,Critical,High,Fair,Restricted
ROAD_2234,LOC_096,LOC_041,337.43,393,High,High,Poor,Closed
ROAD_2235,LOC_070,LOC_008,419.72,189,High,Medium,Fair,Restricted
ROAD_2236,LOC_020,LOC_005,371.72,315,High,Severe,Poor,Closed
ROAD_2237,LOC_011,LOC_045,99.82,195,Critical,Low,Poor,Closed
ROAD_2238,LOC_065,LOC_015,485.63,146,Low,Medium,Fair,Open
ROAD_2239,LOC_039,LOC_054,18.41,245,Critical,Medium,Fair,Restricted
ROAD_2240,LOC_058,LOC_085,398.38,93,Low,Severe,Poor,Closed
ROAD_2241,LOC_087,LOC_052,26.59,351,Medium,Low,Damaged,Restricted
ROAD_2242,LOC_088,LOC_049,4.34,594,Medium,Medium,Damaged,Open
ROAD_2243,LOC_095,LOC_079,476.07,233,Medium,Medium,Fair,Restricted
ROAD_2244,LOC_028,LOC_058,314.35,365,High,High,Poor,Closed
ROAD_2245,LOC_033,LOC_062,462.51,214,High,High,Damaged,Open
ROAD_2246,LOC_062,LOC_093,201.95,262,Critical,Low,Fair,Open
ROAD_2247,LOC_066,LOC_007,453.3,12,Critical,Low,Fair,Restricted
ROAD_2248,LOC_055,LOC_077,152.78,58,Medium,Medium,Damaged,Closed
ROAD_2249,LOC_056,LOC_071,44.94,236,Critical,High,Damaged,Open
ROAD_2250,LOC_010,LOC_001,174.05,295,High,Low,Damaged,Open
ROAD_2251,LOC_083,LOC_031,330.14,12,Critical,Medium,Poor,Open
ROAD_2252,LOC_052,LOC_097,134.81,599,Medium,Severe,Poor,Open
ROAD_2253,LOC_033,LOC_051,54.82,350,Critical,High,Fair,Closed
ROAD_2254,LOC_034,LOC_068,189.06,456,Critical,Medium,Poor,Restricted
ROAD_2255,LOC_038,LOC_017,439.85,52,Critical,High,Damaged,Closed
ROAD_2256,LOC_074,LOC_034,23.01,191,Low,Low,Good,Closed
ROAD_2257,LOC_036,LOC_053,367.44,203,Critical,Low,Fair,Closed
ROAD_2258,LOC_099,LOC_090,49.51,355,Low,Severe,Damaged,Restricted
ROAD_2259,LOC_037,LOC_085,133.89,16,Medium,High,Poor,Open
ROAD_2260,LOC_004,LOC_017,19.86,270,Low,Low,Good,Closed
ROAD_2261,LOC_020,LOC_063,79.51,100,Critical,High,Good,Closed
ROAD_2262,LOC_016,LOC_038,189.69,431,High,High,Poor,Open
ROAD_2263,LOC_065,LOC_093,103.6,466,Critical,High,Good,Closed
ROAD_2264,LOC_033,LOC_095,273.19,446,Medium,Severe,Poor,Open
ROAD_2265,LOC_070,LOC_069,148.52,51,Low,Medium,Fair,Restricted
ROAD_2266,LOC_017,LOC_018,78.39,293,Low,Medium,Fair,Restricted
ROAD_2267,LOC_008,LOC_057,205.96,176,Medium,Low,Damaged,Closed
ROAD_2268,LOC_057,LOC_011,322.43,247,Low,Severe,Damaged,Closed
ROAD_2269,LOC_085,LOC_073,307.58,402,Critical,High,Poor,Closed
ROAD_2270,LOC_016,LOC_050,6.51,230,Low,Low,Fair,Restricted
ROAD_2271,LOC_100,LOC_026,232.07,375,Medium,High,Poor,Closed
ROAD_2272,LOC_096,LOC_051,11.44,120,Medium,Severe,Good,Open
ROAD_2273,LOC_098,LOC_009,362.95,140,Critical,Low,Poor,Closed
ROAD_2274,LOC_032,LOC_074,165.79,337,Low,Severe,Fair,Closed
ROAD_2275,LOC_099,LOC_016,255.06,445,High,High,Poor,Open
ROAD_2276,LOC_089,LOC_080,280.08,451,Medium,Low,Poor,Open
ROAD_2277,LOC_040,LOC_067,223.64,297,High,High,Fair,Closed
ROAD_2278,LOC_015,LOC_012,191.21,576,High,Severe,Fair,Open
ROAD_2279,LOC_056,LOC_084,437.3,520,Critical,Severe,Fair,Closed
ROAD_2280,LOC_037,LOC_050,387.52,370,Low,Severe,Fair,Open
ROAD_2281,LOC_049,LOC_044,2.63,113,High,Low,Good,Open
ROAD_2282,LOC_008,LOC_075,130.72,162,Low,Low,Good,Restricted
ROAD_2283,LOC_035,LOC_016,199.17,157,Low,High,Fair,Open
ROAD_2284,LOC_063,LOC_055,380.65,131,High,High,Poor,Closed
ROAD_2285,LOC_008,LOC_090,54.98,135,Low,High,Fair,Closed
ROAD_2286,LOC_064,LOC_046,318.12,465,Low,High,Damaged,Restricted
ROAD_2287,LOC_044,LOC_063,254.78,212,Medium,High,Fair,Open
ROAD_2288,LOC_078,LOC_055,125.09,495,Low,Low,Fair,Open
ROAD_2289,LOC_029,LOC_049,144.97,549,Critical,High,Poor,Closed
ROAD_2290,LOC_047,LOC_061,448.18,452,Medium,Severe,Damaged,Open
ROAD_2291,LOC_063,LOC_021,180.31,360,Medium,Medium,Poor,Restricted
ROAD_2292,LOC_083,LOC_023,79.21,528,Critical,Low,Fair,Closed
ROAD_2293,LOC_037,LOC_005,95.78,480,High,Low,Fair,Closed
ROAD_2294,LOC_008,LOC_035,192.32,230,Low,Medium,Fair,Restricted
ROAD_2295,LOC_035,LOC_009,180.07,21,Low,Medium,Damaged,Closed
ROAD_2296,LOC_019,LOC_100,320.87,153,High,Medium,Poor,Closed
ROAD_2297,LOC_061,LOC_016,22.24,183,Medium,High,Fair,Open
ROAD_2298,LOC_012,LOC_071,261.54,318,Low,Medium,Fair,Closed
ROAD_2299,LOC_070,LOC_003,461.18,318,Critical,Medium,Good,Closed
ROAD_2300,LOC_033,LOC_090,67.94,319,Critical,Severe,Fair,Restricted
ROAD_2301,LOC_058,LOC_025,356.88,453,Critical,Medium,Damaged,Open
ROAD_2302,LOC_008,LOC_032,488.74,588,High,High,Damaged,Open
ROAD_2303,LOC_017,LOC_033,148.65,198,High,Low,Good,Open
ROAD_2304,LOC_088,LOC_079,195.57,584,High,Low,Good,Closed
ROAD_2305,LOC_045,LOC_089,428.45,416,Critical,Severe,Fair,Open
ROAD_2306,LOC_078,LOC_032,198.34,365,Low,Severe,Good,Open
ROAD_2307,LOC_003,LOC_032,369.84,315,Low,High,Damaged,Closed
ROAD_2308,LOC_090,LOC_042,355.97,273,Critical,Low,Good,Closed
ROAD_2309,LOC_095,LOC_075,142.36,203,Low,Low,Damaged,Open
ROAD_2310,LOC_018,LOC_016,257.09,233,Critical,Severe,Damaged,Open
ROAD_2311,LOC_080,LOC_004,170.66,264,Low,Medium,Poor,Restricted
ROAD_2312,LOC_045,LOC_100,230.31,91,Medium,Severe,Damaged,Restricted
ROAD_2313,LOC_063,LOC_095,335.09,561,Low,Medium,Good,Open
ROAD_2314,LOC_009,LOC_050,396.37,545,Low,Low,Fair,Restricted
ROAD_2315,LOC_053,LOC_001,306.65,582,Medium,Severe,Damaged,Open
ROAD_2316,LOC_012,LOC_078,198.7,143,High,High,Good,Closed
ROAD_2317,LOC_041,LOC_082,292.11,7,Medium,Severe,Fair,Closed
ROAD_2318,LOC_013,LOC_049,351.86,564,High,Medium,Damaged,Restricted
ROAD_2319,LOC_063,LOC_007,186.61,276,High,Medium,Good,Restricted
ROAD_2320,LOC_088,LOC_085,296.24,153,Low,Medium,Poor,Restricted
ROAD_2321,LOC_055,LOC_011,39.47,133,Low,Medium,Fair,Closed
ROAD_2322,LOC_003,LOC_020,75.68,95,Medium,Severe,Fair,Open
ROAD_2323,LOC_008,LOC_007,350.52,600,High,Medium,Poor,Open
ROAD_2324,LOC_076,LOC_099,446.3,97,Low,High,Good,Closed
ROAD_2325,LOC_024,LOC_009,425.85,203,Critical,High,Poor,Restricted
ROAD_2326,LOC_007,LOC_081,345.7,405,Critical,High,Damaged,Restricted
ROAD_2327,LOC_029,LOC_027,204.34,14,High,Low,Good,Closed
ROAD_2328,LOC_071,LOC_097,354.07,82,High,Low,Fair,Open
ROAD_2329,LOC_007,LOC_011,50.21,521,Medium,Medium,Fair,Restricted
ROAD_2330,LOC_064,LOC_005,281.83,86,Critical,Low,Poor,Open
ROAD_2331,LOC_036,LOC_034,247.63,339,Low,High,Poor,Open
ROAD_2332,LOC_092,LOC_084,492.21,249,Critical,High,Poor,Restricted
ROAD_2333,LOC_032,LOC_084,432.22,10,Low,Medium,Poor,Open
ROAD_2334,LOC_020,LOC_062,202.99,296,High,Low,Damaged,Restricted
ROAD_2335,LOC_054,LOC_027,449.01,200,Critical,High,Poor,Open
ROAD_2336,LOC_003,LOC_018,313.77,231,Low,Low,Poor,Open
ROAD_2337,LOC_073,LOC_067,132.2,341,Critical,Low,Fair,Closed
ROAD_2338,LOC_081,LOC_091,299.7,584,Medium,Medium,Good,Open
ROAD_2339,LOC_043,LOC_056,355.32,574,High,High,Fair,Restricted
ROAD_2340,LOC_068,LOC_084,24.15,339,Critical,Medium,Good,Restricted
ROAD_2341,LOC_100,LOC_008,128.49,265,Low,High,Good,Closed
ROAD_2342,LOC_032,LOC_095,213.04,396,Critical,Low,Good,Closed
ROAD_2343,LOC_041,LOC_094,96.29,49,Medium,Severe,Poor,Open
ROAD_2344,LOC_011,LOC_026,384.3,527,Critical,Medium,Damaged,Restricted
ROAD_2345,LOC_006,LOC_062,488.09,23,Critical,Severe,Damaged,Restricted
ROAD_2346,LOC_012,LOC_100,22.15,422,Low,Low,Damaged,Restricted
ROAD_2347,LOC_059,LOC_043,106.54,341,High,Severe,Damaged,Restricted
ROAD_2348,LOC_005,LOC_072,469.48,291,High,High,Fair,Closed
ROAD_2349,LOC_100,LOC_050,175.93,473,Medium,High,Poor,Closed
ROAD_2350,LOC_036,LOC_040,98.32,190,Low,High,Poor,Closed
ROAD_2351,LOC_032,LOC_033,81.38,369,Medium,Low,Good,Restricted
ROAD_2352,LOC_031,LOC_038,344.67,556,Medium,Severe,Damaged,Closed
ROAD_2353,LOC_036,LOC_059,451.83,43,Medium,Medium,Fair,Closed
ROAD_2354,LOC_039,LOC_082,157.66,332,Low,Low,Fair,Restricted
ROAD_2355,LOC_080,LOC_009,133.97,572,High,Medium,Damaged,Closed
ROAD_2356,LOC_081,LOC_036,409.45,401,Critical,Severe,Good,Restricted
ROAD_2357,LOC_068,LOC_078,426.31,305,Medium,Severe,Poor,Closed
ROAD_2358,LOC_062,LOC_093,429.59,239,Low,Severe,Fair,Restricted
ROAD_2359,LOC_065,LOC_020,16.74,63,Medium,Medium,Poor,Closed
ROAD_2360,LOC_087,LOC_050,122.36,377,Critical,High,Good,Open
ROAD_2361,LOC_050,LOC_001,252.5,138,High,High,Poor,Closed
ROAD_2362,LOC_009,LOC_059,5.8,411,Low,Medium,Fair,Open
ROAD_2363,LOC_050,LOC_025,451.09,283,Medium,Severe,Poor,Restricted
ROAD_2364,LOC_040,LOC_062,493.87,422,Critical,Severe,Good,Closed
ROAD_2365,LOC_028,LOC_059,257.39,550,Medium,High,Fair,Closed
ROAD_2366,LOC_018,LOC_075,228.15,514,Medium,High,Fair,Closed
ROAD_2367,LOC_006,LOC_079,345.52,96,Critical,Severe,Good,Closed
ROAD_2368,LOC_079,LOC_049,377.66,176,Medium,Medium,Damaged,Open
ROAD_2369,LOC_081,LOC_066,219.25,557,Low,Low,Damaged,Closed
ROAD_2370,LOC_030,LOC_084,403.34,146,Medium,High,Damaged,Closed
ROAD_2371,LOC_014,LOC_008,305.99,466,High,Medium,Damaged,Closed
ROAD_2372,LOC_037,LOC_001,265.51,488,High,Medium,Damaged,Restricted
ROAD_2373,LOC_074,LOC_025,32.75,276,Medium,High,Good,Restricted
ROAD_2374,LOC_024,LOC_092,349.5,18,Low,Medium,Damaged,Restricted
ROAD_2375,LOC_045,LOC_011,365.98,403,Low,Severe,Good,Restricted
ROAD_2376,LOC_018,LOC_021,168.65,488,Low,Severe,Good,Restricted
ROAD_2377,LOC_011,LOC_042,49.1,428,Low,High,Damaged,Open
ROAD_2378,LOC_081,LOC_013,173.67,358,Critical,Low,Good,Open
ROAD_2379,LOC_025,LOC_100,3.44,382,Low,Medium,Good,Restricted
ROAD_2380,LOC_048,LOC_007,215.27,341,Low,Low,Damaged,Restricted
ROAD_2381,LOC_037,LOC_068,99.98,144,Low,Low,Fair,Open
ROAD_2382,LOC_085,LOC_046,462.57,258,Medium,Medium,Poor,Closed
ROAD_2383,LOC_039,LOC_053,140.05,93,Medium,High,Poor,Open
ROAD_2384,LOC_094,LOC_047,96.98,371,Low,Medium,Fair,Open
ROAD_2385,LOC_018,LOC_091,343.03,524,Critical,Low,Damaged,Restricted
ROAD_2386,LOC_081,LOC_100,167.74,414,Critical,High,Fair,Open
ROAD_2387,LOC_100,LOC_049,73.78,10,High,Severe,Good,Restricted
ROAD_2388,LOC_077,LOC_003,51.04,73,High,Severe,Good,Open
ROAD_2389,LOC_053,LOC_045,203.09,41,Low,Low,Fair,Restricted
ROAD_2390,LOC_086,LOC_044,371.83,75,Low,Severe,Fair,Open
ROAD_2391,LOC_078,LOC_053,239.09,518,Low,Medium,Good,Closed
ROAD_2392,LOC_010,LOC_017,205.34,551,Medium,Medium,Fair,Restricted
ROAD_2393,LOC_074,LOC_017,276.28,180,High,Low,Damaged,Restricted
ROAD_2394,LOC_062,LOC_022,127.01,465,Medium,Severe,Damaged,Open
ROAD_2395,LOC_010,LOC_008,80.05,114,Low,Severe,Good,Open
ROAD_2396,LOC_008,LOC_026,426.6,338,Low,Low,Good,Restricted
ROAD_2397,LOC_048,LOC_029,162.83,436,High,Medium,Poor,Closed
ROAD_2398,LOC_078,LOC_095,368.08,531,Medium,Medium,Fair,Open
ROAD_2399,LOC_049,LOC_087,24.65,96,Medium,Medium,Fair,Restricted
ROAD_2400,LOC_008,LOC_083,475.78,458,Medium,Medium,Poor,Closed
ROAD_2401,LOC_027,LOC_080,491.84,255,Medium,High,Poor,Open
ROAD_2402,LOC_034,LOC_025,477.93,315,High,Medium,Good,Closed
ROAD_2403,LOC_057,LOC_047,113.61,268,Medium,Low,Poor,Closed
ROAD_2404,LOC_081,LOC_004,92.72,375,Medium,Severe,Fair,Open
ROAD_2405,LOC_016,LOC_079,416.89,109,Low,Severe,Good,Closed
ROAD_2406,LOC_095,LOC_076,383.59,459,Low,Medium,Damaged,Restricted
ROAD_2407,LOC_031,LOC_064,101.55,184,High,Low,Fair,Restricted
ROAD_2408,LOC_050,LOC_062,116.66,73,Low,Low,Poor,Closed
ROAD_2409,LOC_065,LOC_055,424.91,306,Low,Severe,Fair,Restricted
ROAD_2410,LOC_004,LOC_086,232.64,34,Low,Medium,Good,Open
ROAD_2411,LOC_046,LOC_031,493.54,302,Low,High,Fair,Open
ROAD_2412,LOC_040,LOC_050,457.04,582,Low,Medium,Damaged,Closed
ROAD_2413,LOC_092,LOC_022,63.91,559,High,Low,Damaged,Closed
ROAD_2414,LOC_042,LOC_090,399.33,107,Critical,Severe,Fair,Restricted
ROAD_2415,LOC_084,LOC_024,31.18,356,High,High,Fair,Restricted
ROAD_2416,LOC_008,LOC_028,235.21,379,High,Severe,Fair,Open
ROAD_2417,LOC_039,LOC_004,382.09,89,High,Low,Damaged,Open
ROAD_2418,LOC_053,LOC_026,371.37,305,Critical,Low,Damaged,Closed
ROAD_2419,LOC_002,LOC_083,440.9,571,Medium,Low,Fair,Closed
ROAD_2420,LOC_041,LOC_059,10.63,359,High,Severe,Fair,Open
ROAD_2421,LOC_052,LOC_073,310.14,433,High,Low,Fair,Restricted
ROAD_2422,LOC_043,LOC_061,39.64,14,High,Medium,Damaged,Closed
ROAD_2423,LOC_085,LOC_089,279.94,350,Medium,Severe,Fair,Restricted
ROAD_2424,LOC_068,LOC_044,472.7,207,High,High,Fair,Open
ROAD_2425,LOC_086,LOC_015,125.92,592,Low,Low,Fair,Open
ROAD_2426,LOC_024,LOC_005,205.66,202,Low,Severe,Damaged,Closed
ROAD_2427,LOC_086,LOC_052,276.27,477,Medium,Medium,Fair,Closed
ROAD_2428,LOC_006,LOC_086,354.99,84,Medium,Medium,Fair,Open
ROAD_2429,LOC_039,LOC_013,71.11,198,Critical,Medium,Poor,Closed
ROAD_2430,LOC_048,LOC_082,118.01,536,High,Severe,Fair,Restricted
ROAD_2431,LOC_020,LOC_008,52.63,346,Critical,Low,Good,Closed
ROAD_2432,LOC_056,LOC_091,383.13,467,Critical,Low,Damaged,Closed
ROAD_2433,LOC_024,LOC_074,258.85,373,Critical,Severe,Poor,Open
ROAD_2434,LOC_014,LOC_087,389.06,74,Medium,Severe,Good,Restricted
ROAD_2435,LOC_016,LOC_075,62.17,161,Medium,Low,Poor,Closed
ROAD_2436,LOC_072,LOC_069,82.55,55,Critical,Severe,Good,Open
ROAD_2437,LOC_078,LOC_009,222.29,137,Medium,High,Damaged,Restricted
ROAD_2438,LOC_035,LOC_040,375.84,427,Critical,Medium,Fair,Open
ROAD_2439,LOC_009,LOC_080,285.62,129,Medium,Severe,Poor,Open
ROAD_2440,LOC_016,LOC_090,448.75,29,Low,High,Fair,Open
ROAD_2441,LOC_060,LOC_015,91.58,321,Critical,Low,Poor,Open
ROAD_2442,LOC_023,LOC_086,226.78,363,Low,Severe,Poor,Open
ROAD_2443,LOC_040,LOC_071,339.17,167,High,Medium,Fair,Closed
ROAD_2444,LOC_067,LOC_008,210.91,518,Medium,Low,Fair,Open
ROAD_2445,LOC_076,LOC_031,232.79,538,Low,Low,Damaged,Open
ROAD_2446,LOC_040,LOC_004,46.34,390,High,Medium,Good,Open
ROAD_2447,LOC_065,LOC_077,362.61,439,Critical,Medium,Damaged,Restricted
ROAD_2448,LOC_085,LOC_051,144.9,543,Critical,Low,Good,Restricted
ROAD_2449,LOC_045,LOC_051,144.88,131,Low,High,Fair,Closed
ROAD_2450,LOC_098,LOC_087,172.89,452,Low,Low,Good,Open
ROAD_2451,LOC_097,LOC_002,109.1,214,Medium,High,Poor,Closed
ROAD_2452,LOC_045,LOC_015,459.44,329,High,Severe,Damaged,Closed
ROAD_2453,LOC_041,LOC_097,391.65,80,Medium,Medium,Poor,Open
ROAD_2454,LOC_055,LOC_057,437.93,458,High,High,Damaged,Restricted
ROAD_2455,LOC_008,LOC_043,390.62,71,Low,Severe,Good,Closed
ROAD_2456,LOC_026,LOC_064,227.76,584,Critical,High,Damaged,Open
ROAD_2457,LOC_078,LOC_013,381.42,490,Critical,Low,Poor,Closed
ROAD_2458,LOC_004,LOC_012,83.71,209,Critical,Medium,Damaged,Restricted
ROAD_2459,LOC_063,LOC_066,10.18,285,Critical,High,Good,Open
ROAD_2460,LOC_023,LOC_080,220.13,175,Critical,Severe,Good,Restricted
ROAD_2461,LOC_073,LOC_039,75.19,423,Critical,Low,Damaged,Closed
ROAD_2462,LOC_065,LOC_087,493.18,552,Critical,Medium,Poor,Closed
ROAD_2463,LOC_048,LOC_097,366.33,483,Low,High,Good,Restricted
ROAD_2464,LOC_079,LOC_086,468.73,415,Low,Low,Poor,Closed
ROAD_2465,LOC_095,LOC_070,267.05,514,Low,Medium,Fair,Restricted
ROAD_2466,LOC_100,LOC_038,166.07,324,High,Low,Poor,Open
ROAD_2467,LOC_095,LOC_019,14.82,362,High,High,Fair,Restricted
ROAD_2468,LOC_066,LOC_062,290.77,136,Critical,Severe,Good,Closed
ROAD_2469,LOC_093,LOC_031,414.42,166,High,Severe,Poor,Closed
ROAD_2470,LOC_099,LOC_063,282.65,452,Medium,Severe,Poor,Open
ROAD_2471,LOC_055,LOC_010,23.64,516,Low,Severe,Damaged,Restricted
ROAD_2472,LOC_078,LOC_053,412.38,399,High,High,Fair,Restricted
ROAD_2473,LOC_059,LOC_027,57.19,409,High,Low,Damaged,Open
ROAD_2474,LOC_091,LOC_019,470.75,112,Critical,Severe,Good,Restricted
ROAD_2475,LOC_060,LOC_068,138.85,585,Low,Severe,Good,Closed
ROAD_2476,LOC_071,LOC_078,408.95,145,Low,High,Fair,Open
ROAD_2477,LOC_064,LOC_007,400.75,494,Low,High,Damaged,Closed
ROAD_2478,LOC_095,LOC_086,76.29,314,High,Low,Poor,Closed
ROAD_2479,LOC_045,LOC_028,45.88,463,Medium,Severe,Damaged,Open
ROAD_2480,LOC_044,LOC_072,306.15,497,Low,Low,Good,Restricted
ROAD_2481,LOC_036,LOC_054,272.87,143,High,High,Good,Restricted
ROAD_2482,LOC_059,LOC_073,18.44,186,High,Low,Poor,Restricted
ROAD_2483,LOC_061,LOC_006,354.64,150,High,Medium,Good,Restricted
ROAD_2484,LOC_043,LOC_029,400.73,355,Critical,Low,Poor,Open
ROAD_2485,LOC_044,LOC_072,433.47,475,Medium,Low,Poor,Open
ROAD_2486,LOC_024,LOC_069,416.6,87,Critical,Severe,Good,Closed
ROAD_2487,LOC_082,LOC_054,72.77,425,Low,Medium,Damaged,Open
ROAD_2488,LOC_064,LOC_018,49.43,597,Low,Medium,Damaged,Restricted
ROAD_2489,LOC_041,LOC_056,77.51,396,High,Severe,Poor,Open
ROAD_2490,LOC_001,LOC_019,334.89,140,Low,Severe,Damaged,Restricted
ROAD_2491,LOC_001,LOC_087,115.82,150,Medium,Medium,Poor,Restricted
ROAD_2492,LOC_056,LOC_075,9.4,255,Low,High,Poor,Closed
ROAD_2493,LOC_098,LOC_058,104.72,461,Low,Severe,Damaged,Open
ROAD_2494,LOC_016,LOC_038,76.5,523,Medium,High,Good,Closed
ROAD_2495,LOC_057,LOC_028,194.06,367,Low,Severe,Poor,Closed
ROAD_2496,LOC_055,LOC_063,250.05,166,High,Medium,Fair,Open
ROAD_2497,LOC_006,LOC_001,423.95,14,Medium,Medium,Poor,Restricted
ROAD_2498,LOC_005,LOC_061,163.09,368,High,High,Damaged,Closed
ROAD_2499,LOC_028,LOC_048,439.16,395,Critical,Low,Good,Restricted
ROAD_2500,LOC_044,LOC_067,286.13,299,Low,Medium,Good,Closed
